Source File	Size	loadResources	load	generateSnapshots	load-configure	scan	loadDepInfo	loadInfo	checkR4R4B	generateNarratives	validate	loadLists	checkConformanceResources	checkConformanceResources2	checkConformanceResources3	generateLogicalMaps	validateExpressions	scanForUsageStats	checkURLsUnique	processProvenanceDetails	generate1	generate2	responsesForQuestionnaire	generateLogicals	makeDependencies	generateExampleZip	generateValidationPack	scanProfilesForR5	scanExamplesForR5
/fsh-generated/resources/ImplementationGuide-tw.iii.ltc.json	293865	-	0	0	1	0	0	0	9	13	0	0	0	0	0	0	0	2	0	0	479	273	0	0	0	0	10	0	4
fsh-generated/resources/AdverseEvent-ltc-adverse-event-example.json	1338	1	0	0	0	0	0	0	0	281	0	0	0	0	0	0	0	0	0	0	6	20	0	0	0	0	0	0	0
fsh-generated/resources/AdverseEvent-ltc-adverse-event-incident-example.json	3307	1	0	0	0	0	0	0	0	1	0	0	0	0	0	0	0	0	0	0	8	18	0	0	0	0	0	0	0
fsh-generated/resources/AdverseEvent-ltc-adverseevent-cs100-example.json	1340	0	0	0	0	0	0	0	0	0	0	0	0	0	0	0	0	0	0	0	4	9	0	0	0	0	0	0	0
fsh-generated/resources/AllergyIntolerance-hah-allergy.json	864	0	0	0	1	0	0	0	0	62	0	0	0	0	0	0	0	0	0	0	5	5	0	0	0	0	0	0	0
fsh-generated/resources/Bundle-hah-document.json	45668	4	41	0	0	0	0	0	1	61	0	0	0	0	0	0	0	0	0	0	107	1156	0	0	0	0	0	0	0
fsh-generated/resources/Bundle-hah-transfer-document.json	14355	1	2	0	0	0	0	0	0	3	0	0	0	0	0	0	0	0	0	0	24	18	0	0	0	0	0	0	0
fsh-generated/resources/Bundle-hn-careplan-transaction-example.json	13396	1	1	0	0	0	0	0	0	3	0	0	0	0	0	0	0	0	0	0	70	14	0	0	0	0	0	0	1
fsh-generated/resources/Bundle-hn-vital-bundle-example.json	11971	1	1	0	0	0	0	0	0	3	0	0	0	0	0	0	0	0	0	0	22	12	0	0	0	0	0	0	0
fsh-generated/resources/Bundle-ltc-bundle-cms-example.json	48591	1	5	0	0	0	0	0	1	8	0	0	0	0	0	0	0	0	0	0	205	32	0	0	0	0	0	0	0
fsh-generated/resources/Bundle-ltc-bundle-feeapply-da01-example.json	12841	1	6	0	0	0	0	0	1	3	0	0	0	0	0	0	0	0	0	0	23	8	0	0	0	0	0	0	0
fsh-generated/resources/Bundle-ltc-bundle-feeaudit-response-example.json	16111	0	15	0	0	0	0	0	0	15	0	0	0	0	0	0	0	0	0	0	25	174	0	0	0	0	0	0	0
fsh-generated/resources/Bundle-ltc-bundle-feeaudit-status-example.json	18467	1	2	0	0	0	0	0	0	6	0	0	0	0	0	0	0	0	0	0	31	12	0	0	0	0	0	0	0
fsh-generated/resources/Bundle-ltc-bundle-payload-example.json	11756	1	1	0	0	0	0	0	0	14	0	0	0	0	0	0	0	0	0	0	21	12	0	0	0	0	0	0	0
fsh-generated/resources/Bundle-ltc-bundle-referral-example.json	43859	1	2	0	0	0	0	0	1	11	0	0	0	0	0	0	0	0	0	0	112	23	0	0	0	0	0	0	0
fsh-generated/resources/CapabilityStatement-CapabilityStatementLTCClient.json	27246	1	0	0	0	0	0	0	1	12	0	0	0	0	0	0	0	0	0	0	67	19	0	0	1	0	1	0	0
fsh-generated/resources/CapabilityStatement-CapabilityStatementLTCServer.json	26886	1	0	0	0	0	0	0	0	9	0	0	0	0	0	0	0	0	0	0	71	15	0	0	0	0	1	0	0
fsh-generated/resources/CarePlan-hah-plan.json	1400	0	0	0	0	0	0	0	0	0	0	0	0	0	0	0	0	0	0	0	2	4	0	0	0	0	0	0	0
fsh-generated/resources/CarePlan-hn-careplan-example.json	2632	0	0	0	0	0	0	0	0	0	0	0	0	0	0	0	0	0	0	0	3	5	0	0	0	0	0	0	1
fsh-generated/resources/CarePlan-ltc-careplan-cs100-example.json	1170	1	0	0	0	0	0	0	0	1	0	0	0	0	0	0	0	0	0	0	4	4	0	0	0	0	0	0	0
fsh-generated/resources/CarePlan-ltc-careplan-cs100-standalone-example.json	1418	0	0	0	1	0	0	0	0	0	0	0	0	0	0	0	0	0	0	0	4	5	0	0	0	0	0	0	0
fsh-generated/resources/CarePlan-ltc-careplan-mobility-example.json	1644	0	0	0	0	0	0	0	0	2	0	0	0	0	0	0	0	0	0	0	5	4	0	0	0	0	0	0	0
fsh-generated/resources/CarePlan-ltc-careplan-referral-home-service-example.json	2038	1	0	0	0	0	0	0	0	1	0	0	0	0	0	0	0	0	0	0	6	4	0	0	0	0	0	0	0
fsh-generated/resources/CarePlan-ltc-careplan-sdk-example.json	1214	0	0	0	0	0	0	0	0	0	0	0	0	0	0	0	0	0	0	0	4	3	0	0	0	0	0	0	0
fsh-generated/resources/CarePlan-pasport-careplan-walking-exercise-example.json	1577	0	0	0	0	0	0	0	0	1	0	0	0	0	0	0	0	0	0	0	5	5	0	0	0	0	0	0	0
fsh-generated/resources/CareTeam-hah-team.json	758	0	0	0	0	0	0	0	0	1	0	0	0	0	0	0	0	0	0	0	3	4	0	0	0	0	0	0	0
fsh-generated/resources/CareTeam-ltc-care-team-example.json	1285	1	0	0	0	0	0	0	0	0	0	0	0	0	0	0	0	0	0	0	4	4	0	0	0	0	0	0	0
fsh-generated/resources/Claim-ltc-claim-export-dispatch-example.json	2309	0	0	0	0	0	0	0	0	1	0	0	0	0	0	0	0	0	0	0	7	4	0	0	0	0	0	0	0
fsh-generated/resources/Claim-ltc-claim-export-example.json	2560	0	0	0	0	0	0	0	0	501	0	0	0	0	0	0	0	0	0	0	7	5	0	0	0	0	0	0	0
fsh-generated/resources/Claim-ltc-claim-feeapply-aa00-example.json	9188	1	0	0	0	0	0	0	1	1	0	0	0	0	0	0	0	0	0	0	16	6	0	0	0	0	0	0	0
fsh-generated/resources/Claim-ltc-claim-feeapply-c-code-example.json	5207	0	0	0	0	0	0	0	0	1	0	0	0	0	0	0	0	0	0	0	10	4	0	0	0	0	0	0	0
fsh-generated/resources/Claim-ltc-claim-feeapply-da01-example.json	5570	1	0	0	0	0	0	0	0	1	0	0	0	0	0	0	0	0	0	0	12	5	0	0	0	0	0	1	0
fsh-generated/resources/ClaimResponse-ltc-claimresponse-export-example.json	1360	0	0	0	0	0	0	0	0	0	0	0	0	0	0	0	0	0	0	0	4	4	0	0	0	0	0	0	0
fsh-generated/resources/ClaimResponse-ltc-claimresponse-feeaudit-example.json	11244	1	0	0	0	0	0	0	0	7	0	0	0	0	0	0	0	0	0	0	19	6	0	0	0	0	0	0	0
fsh-generated/resources/ClinicalImpression-hah-impression.json	812	0	0	0	0	0	0	0	0	1	0	0	0	0	0	0	0	0	0	0	4	3	0	0	0	0	0	0	0
fsh-generated/resources/CodeSystem-AddressUseCS-TWLTC.json	843	0	0	0	0	0	0	0	1	2	0	0	1	0	0	0	0	0	0	0	3	20	0	0	0	0	0	0	0
fsh-generated/resources/CodeSystem-ConditionDisabilityCS-TWLTC.json	1284	0	0	0	0	0	0	0	0	0	0	0	0	0	0	0	0	0	0	0	4	14	0	0	0	0	0	0	0
fsh-generated/resources/CodeSystem-ConditionDisabilityLegacyTypeCS-TWLTC.json	2604	0	0	0	0	0	0	0	0	1	0	0	0	0	0	0	0	0	0	0	7	14	0	0	0	0	0	0	0
fsh-generated/resources/CodeSystem-ConditionDisabilityTypeCS-TWLTC.json	2003	0	0	0	0	0	0	0	0	0	0	0	0	0	0	0	0	0	0	0	6	13	0	0	0	0	0	0	0
fsh-generated/resources/CodeSystem-EconomyStatusCS-TWLTC.json	1286	0	0	0	1	0	0	0	0	0	0	0	0	0	0	0	0	0	0	0	4	14	0	0	0	0	0	0	0
fsh-generated/resources/CodeSystem-EducationStatusCS-TWLTC.json	2247	1	0	0	0	0	0	0	0	1	0	0	0	0	0	0	0	0	0	0	6	12	0	0	0	0	1	0	0
fsh-generated/resources/CodeSystem-GaitCycleCS-Sport.json	1719	0	0	0	0	0	0	0	0	1	0	0	0	0	0	0	0	0	0	0	5	12	0	0	0	0	0	0	0
fsh-generated/resources/CodeSystem-ICD-10-PCS-2023-TW-F-CS.json	270247	4	0	0	0	0	0	0	5	43	0	0	0	0	0	0	0	1	0	0	381	120	0	0	0	0	9	0	1
fsh-generated/resources/CodeSystem-PatientIdentityCS-TWLTC.json	1341	1	0	0	0	0	0	0	0	2	0	0	0	0	0	0	0	0	0	0	5	12	0	0	0	0	0	0	0
fsh-generated/resources/CodeSystem-ReferralCarePlanCS-TWLTC.json	4045	0	0	0	0	0	0	0	0	1	0	0	0	0	0	0	0	0	0	0	8	11	0	0	0	0	0	0	0
fsh-generated/resources/CodeSystem-ReferralConditionCaregiverCS-TWLTC.json	846	0	0	0	0	0	0	0	0	0	0	0	0	0	0	0	0	0	0	0	3	11	0	0	0	0	0	0	0
fsh-generated/resources/CodeSystem-ReferralConditionCrushCS-TWLTC.json	805	0	0	0	0	0	0	0	0	0	0	0	0	0	0	0	0	0	0	0	3	10	0	0	0	0	0	0	0
fsh-generated/resources/CodeSystem-ReferralConditionResidenceCS-TWLTC.json	1052	1	0	0	0	0	0	0	0	0	0	0	0	0	0	0	0	0	0	0	3	11	0	0	0	0	0	0	0
fsh-generated/resources/CodeSystem-ReferralConditionTubeCS-TWLTC.json	1377	0	0	0	0	0	0	0	0	0	0	0	0	0	0	0	0	0	0	0	4	11	0	0	0	0	1	0	0
fsh-generated/resources/CodeSystem-RelationshipTypeCS-TWLTC.json	1128	0	0	0	0	0	0	0	0	1	0	0	0	0	0	0	0	0	0	0	3	13	0	0	0	0	0	0	0
fsh-generated/resources/CodeSystem-SportTrainingCS-Sport.json	1650	0	0	0	0	0	0	0	0	1	0	0	0	0	0	0	0	0	0	0	4	17	0	0	0	0	0	0	0
fsh-generated/resources/CodeSystem-TempCodeCS-Sport.json	2529	1	0	0	0	0	0	0	0	1	0	0	0	0	0	0	0	0	0	0	7	13	0	0	0	0	0	0	0
fsh-generated/resources/CodeSystem-cs-tw-ltc-assessment-component.json	1094	0	0	0	0	0	0	0	0	0	0	0	0	0	0	0	0	0	0	0	3	10	0	0	0	0	0	0	0
fsh-generated/resources/CodeSystem-cs-tw-ltc-assessment-type.json	1200	0	0	0	0	0	0	0	0	0	0	0	0	0	0	0	0	0	0	0	4	12	0	0	0	0	0	0	0
fsh-generated/resources/CodeSystem-cs-tw-ltc-benefit-type.json	898	0	0	0	1	0	0	0	0	0	0	0	0	0	0	0	0	0	0	0	3	9	0	0	0	0	0	0	0
fsh-generated/resources/CodeSystem-cs-tw-ltc-case-source.json	894	1	0	0	0	0	0	0	0	1	0	0	0	0	0	0	0	0	0	0	3	9	0	0	0	0	0	0	0
fsh-generated/resources/CodeSystem-cs-tw-ltc-case-status.json	825	0	0	0	0	0	0	0	0	0	0	0	0	0	0	0	0	0	0	0	3	8	0	0	0	0	0	0	0
fsh-generated/resources/CodeSystem-cs-tw-ltc-cmslevel.json	1080	0	0	0	0	0	0	0	0	0	0	0	0	0	0	0	0	0	0	0	3	10	0	0	0	0	0	0	0
fsh-generated/resources/CodeSystem-cs-tw-ltc-feeaudit-aa10-status.json	1053	0	0	0	0	0	0	0	0	0	0	0	0	0	0	0	0	0	0	0	3	10	0	0	0	0	0	0	0
fsh-generated/resources/CodeSystem-cs-tw-ltc-feeaudit-adjudication.json	2357	0	0	0	0	0	0	0	1	1	0	0	0	0	0	0	0	0	0	0	5	10	0	0	0	0	0	0	0
fsh-generated/resources/CodeSystem-cs-tw-ltc-feeaudit-api-function.json	1212	0	0	0	0	0	0	0	0	0	0	0	0	0	0	0	0	0	0	0	3	9	0	0	0	0	0	0	0
fsh-generated/resources/CodeSystem-cs-tw-ltc-feeaudit-api-status.json	1037	1	0	0	0	0	0	0	0	0	0	0	0	0	0	0	0	0	0	0	3	8	0	0	0	0	0	0	0
fsh-generated/resources/CodeSystem-cs-tw-ltc-feeaudit-bd03-type.json	1117	0	0	0	0	0	0	0	0	0	0	0	0	0	0	0	0	0	0	0	4	8	0	0	0	0	0	0	0
fsh-generated/resources/CodeSystem-cs-tw-ltc-feeaudit-case-status.json	1243	0	0	0	0	0	0	0	0	0	0	0	0	0	0	0	0	0	0	0	3	8	0	0	0	0	0	0	0
fsh-generated/resources/CodeSystem-cs-tw-ltc-feeaudit-city.json	2558	0	0	0	0	0	0	0	0	1	0	0	0	0	0	0	0	0	0	0	7	8	0	0	0	0	1	0	0
fsh-generated/resources/CodeSystem-cs-tw-ltc-feeaudit-doc-type.json	1409	0	0	0	0	0	0	0	0	0	0	0	0	0	0	0	0	0	0	0	4	10	0	0	0	0	0	0	0
fsh-generated/resources/CodeSystem-cs-tw-ltc-feeaudit-error-code.json	20095	1	0	0	0	0	0	0	0	2	0	0	0	0	0	0	0	0	0	0	41	15	0	0	0	0	0	0	0
fsh-generated/resources/CodeSystem-cs-tw-ltc-feeaudit-fee-type.json	858	0	0	0	0	0	0	0	0	0	0	0	0	0	0	0	0	0	0	0	3	8	0	0	0	0	0	0	0
fsh-generated/resources/CodeSystem-cs-tw-ltc-feeaudit-rtncode.json	2396	0	0	0	0	0	0	0	0	0	0	0	0	0	0	0	0	0	0	0	6	8	0	0	0	0	0	0	0
fsh-generated/resources/CodeSystem-cs-tw-ltc-feeaudit-supporting-info.json	6897	1	0	0	0	0	0	0	0	1	0	0	0	0	0	0	0	1	0	0	12	12	0	0	0	0	1	0	0
fsh-generated/resources/CodeSystem-cs-tw-ltc-feeaudit-svc-item.json	1133	0	0	0	0	0	0	0	0	0	0	0	0	0	0	0	0	0	0	0	3	9	0	0	0	0	0	0	0
fsh-generated/resources/CodeSystem-cs-tw-ltc-feeaudit-svc-people.json	863	0	0	0	0	0	0	0	0	1	0	0	0	0	0	0	0	0	0	0	3	8	0	0	0	0	0	0	0
fsh-generated/resources/CodeSystem-cs-tw-ltc-feeaudit-svc-point.json	1249	0	0	0	0	0	0	0	1	0	0	0	0	0	0	0	0	0	0	0	3	9	0	0	0	0	0	0	0
fsh-generated/resources/CodeSystem-cs-tw-ltc-feeaudit-svcc-goal-type.json	1244	0	0	0	0	0	0	0	0	0	0	0	0	0	0	0	0	0	0	0	3	8	0	0	0	0	0	0	0
fsh-generated/resources/CodeSystem-cs-tw-ltc-incident-category.json	1161	0	0	0	1	0	0	0	0	0	0	0	0	0	0	0	0	0	0	0	4	8	0	0	0	0	0	0	0
fsh-generated/resources/CodeSystem-cs-tw-ltc-incident-notifmethod.json	1046	1	0	0	0	0	0	0	0	1	0	0	0	0	0	0	0	0	0	0	4	8	0	0	0	0	0	0	0
fsh-generated/resources/CodeSystem-cs-tw-ltc-incident-texttype.json	957	0	0	0	0	0	0	0	0	0	0	0	0	0	0	0	0	0	0	0	3	11	0	0	0	0	0	0	0
fsh-generated/resources/CodeSystem-cs-tw-ltc-section-code.json	988	0	0	0	0	0	0	0	0	1	0	0	0	0	0	0	0	0	0	0	3	8	0	0	0	0	0	0	0
fsh-generated/resources/CodeSystem-cs-tw-ltc-service-activity.json	689	0	0	0	0	0	0	0	0	0	0	0	0	0	0	0	0	0	0	0	3	7	0	0	0	0	0	0	0
fsh-generated/resources/CodeSystem-cs-tw-ltc-service-group.json	911	0	0	0	0	0	0	0	0	0	0	0	0	0	0	0	0	0	0	0	3	7	0	0	0	0	0	0	0
fsh-generated/resources/CodeSystem-cs-tw-ltc-service-item.json	7755	1	0	0	0	0	0	0	0	1	0	0	0	0	0	0	0	0	0	0	19	9	0	0	0	0	0	0	0
fsh-generated/resources/CodeSystem-cs-tw-ltc-welfare-identity.json	796	0	0	0	0	0	0	0	0	0	0	0	0	0	0	0	0	0	0	0	3	7	0	0	0	0	0	0	0
fsh-generated/resources/CodeSystem-hah-activity.json	1973	0	0	0	0	0	0	0	0	1	0	0	0	0	0	0	0	0	0	0	4	7	0	0	0	0	1	0	0
fsh-generated/resources/CodeSystem-hah-document.json	1865	0	0	0	0	0	0	0	0	0	0	0	0	0	0	0	0	0	0	0	5	7	0	0	0	0	0	0	0
fsh-generated/resources/CodeSystem-hah-eligibility.json	1033	0	0	0	0	0	0	0	0	0	0	0	0	0	0	0	0	0	0	0	4	7	0	0	0	0	0	0	0
fsh-generated/resources/CodeSystem-hah-outcome.json	1490	0	0	0	0	0	0	0	0	0	0	0	0	0	0	0	0	0	0	0	3	8	0	0	0	0	0	0	0
fsh-generated/resources/CodeSystem-hah-visit-mode.json	983	0	0	0	0	0	0	0	0	1	0	0	0	0	0	0	0	0	0	0	3	6	0	0	0	0	0	0	0
fsh-generated/resources/CodeSystem-hn-answer.json	46386	2	0	0	0	0	0	0	2	6	0	0	0	0	0	0	0	0	0	0	110	29	0	0	0	0	3	0	0
fsh-generated/resources/CodeSystem-hn-workflow.json	2851	0	0	0	0	0	0	0	0	4	0	0	0	0	0	0	0	0	0	0	9	9	0	0	0	0	0	0	0
fsh-generated/resources/Communication-hah-communication.json	883	0	0	0	0	0	0	0	0	1	0	0	0	0	0	0	0	0	0	0	4	4	0	0	0	0	0	0	0
fsh-generated/resources/Communication-hn-communication-example.json	850	0	0	0	0	0	0	0	0	0	0	0	0	0	0	0	0	0	0	0	4	2	0	0	0	0	0	0	0
fsh-generated/resources/Communication-ltc-communication-servicea-example.json	931	1	0	0	0	0	0	0	0	1	0	0	0	0	0	0	0	0	0	0	3	3	0	0	0	0	0	0	0
fsh-generated/resources/Composition-hah-summary.json	5598	0	0	0	0	0	0	0	0	0	0	0	0	0	0	0	0	0	0	0	7	6	0	0	0	0	0	0	0
fsh-generated/resources/Composition-hah-transfer-summary.json	4113	0	0	0	0	0	0	0	0	0	0	0	0	0	0	0	0	0	0	0	5	4	0	0	0	0	0	0	1
fsh-generated/resources/Composition-ltc-bundle-cs100-example.json	3135	1	0	0	0	0	0	0	0	0	0	0	0	0	0	0	0	0	0	0	4	3	0	0	0	0	0	0	0
fsh-generated/resources/Composition-ltc-composition-cms-example.json	3576	0	0	0	0	0	0	0	0	0	0	0	0	0	0	0	0	0	0	0	6	5	0	0	0	0	0	0	0
fsh-generated/resources/Composition-ltc-composition-referral-example.json	4208	0	0	0	0	0	0	0	0	0	0	0	0	0	0	0	0	0	0	0	6	5	0	0	0	0	0	0	0
fsh-generated/resources/Condition-hah-condition.json	926	0	0	0	0	0	0	0	0	1	0	0	0	0	0	0	0	0	0	0	3	3	0	0	0	0	0	0	0
fsh-generated/resources/Condition-ltc-condition-caregiver-family-example.json	1354	0	0	0	0	0	0	0	0	0	0	0	0	0	0	0	0	0	0	0	4	2	0	0	0	0	0	0	0
fsh-generated/resources/Condition-ltc-condition-caregiver-family-referral-example.json	1326	0	0	0	0	0	0	0	0	0	0	0	0	0	0	0	0	0	0	0	4	2	0	0	0	0	0	0	0
fsh-generated/resources/Condition-ltc-condition-crush-none-example.json	1148	1	0	0	0	0	0	0	0	0	0	0	0	0	0	0	0	0	0	0	3	2	0	0	0	0	0	0	0
fsh-generated/resources/Condition-ltc-condition-crush-stage2-example.json	1547	0	0	0	1	0	0	0	0	0	0	0	0	0	0	0	0	0	0	0	6	3	0	0	0	0	0	0	0
fsh-generated/resources/Condition-ltc-condition-diabetes-example.json	1398	0	0	0	0	0	0	0	0	0	0	0	0	0	0	0	0	0	0	0	3	3	0	0	0	0	0	0	0
fsh-generated/resources/Condition-ltc-condition-disability-example.json	1339	0	0	0	0	0	0	0	0	1	0	0	0	0	0	0	0	0	0	0	4	2	0	0	0	0	0	0	0
fsh-generated/resources/Condition-ltc-condition-disability-referral-example.json	1133	0	0	0	0	0	0	0	0	0	0	0	0	0	0	0	0	0	0	0	4	3	0	0	0	0	0	0	0
fsh-generated/resources/Condition-ltc-condition-disability-type-limb-example.json	1718	0	0	0	0	0	0	0	0	0	0	0	0	0	0	0	0	0	0	0	4	2	0	0	0	0	0	0	0
fsh-generated/resources/Condition-ltc-condition-disability-type-limb-referral-example.json	1134	1	0	0	0	0	0	0	0	0	0	0	0	0	0	0	0	0	0	0	3	3	0	0	0	0	0	0	0
fsh-generated/resources/Condition-ltc-condition-example.json	1169	0	0	0	0	0	0	0	0	0	0	0	0	0	0	0	0	0	0	0	3	2	0	0	0	0	0	0	0
fsh-generated/resources/Condition-ltc-condition-need-assistance-example.json	1444	0	0	0	0	0	0	0	0	0	0	0	0	0	0	0	0	0	0	0	3	3	0	0	0	0	0	0	0
fsh-generated/resources/Condition-ltc-condition-residence-not-alone-example.json	1166	0	0	0	0	0	0	0	0	1	0	0	0	0	0	0	0	0	0	0	4	2	0	0	0	0	0	0	0
fsh-generated/resources/Condition-ltc-condition-tube-nasogastric-example.json	1310	0	0	0	0	0	0	0	0	0	0	0	0	0	0	0	0	0	0	0	3	2	0	0	0	0	0	0	0
fsh-generated/resources/Condition-pasport-condition-exercise-history-example.json	1686	1	0	0	0	0	0	0	1	0	0	0	0	0	0	0	0	0	0	0	4	3	0	0	0	0	0	0	0
fsh-generated/resources/Condition-pasport-condition-medical-history-example.json	1078	0	0	0	0	0	0	0	0	0	0	0	0	0	0	0	0	0	0	0	3	3	0	0	0	0	0	0	0
fsh-generated/resources/Consent-hah-consent.json	1155	0	0	0	0	0	0	0	0	1	0	0	0	0	0	0	0	0	0	0	9	3	0	0	0	0	0	0	0
fsh-generated/resources/Coverage-ltc-coverage-cs100-example.json	265	0	0	0	0	0	0	0	0	0	0	0	0	0	0	0	0	0	0	0	1	4	0	0	0	0	0	0	0
fsh-generated/resources/Coverage-ltc-coverage-sdk-example.json	259	0	0	0	0	0	0	0	0	0	0	0	0	0	0	0	0	0	0	0	2	2	0	0	0	0	0	0	0
fsh-generated/resources/CoverageEligibilityRequest-ltc-coverageeligibilityrequest-cs100-example.json	483	1	0	0	0	0	0	0	0	1	0	0	0	0	0	0	0	0	0	0	2	5	0	0	0	0	0	0	0
fsh-generated/resources/CoverageEligibilityRequest-ltc-coverageeligibilityrequest-sdk-example.json	475	0	0	0	0	0	0	0	0	0	0	0	0	0	0	0	0	0	0	0	3	3	0	0	0	0	0	0	0
fsh-generated/resources/CoverageEligibilityResponse-ltc-coverageeligibilityresponse-cs100-example.json	2321	0	0	0	1	0	0	0	0	0	0	0	0	0	0	0	0	0	0	0	4	13	0	0	0	0	0	0	0
fsh-generated/resources/CoverageEligibilityResponse-ltc-coverageeligibilityresponse-sdk-example.json	2278	0	0	0	0	0	0	0	0	1	0	0	0	0	0	0	0	0	0	0	5	9	0	0	0	0	0	0	0
fsh-generated/resources/Device-hah-device.json	457	0	0	0	0	0	0	0	0	0	0	0	0	0	0	0	0	0	0	0	1	2	0	0	0	0	0	0	0
fsh-generated/resources/DiagnosticReport-hah-report.json	778	0	0	0	0	0	0	0	0	0	0	0	0	0	0	0	0	0	0	0	3	4	0	0	0	0	0	0	0
fsh-generated/resources/DocumentReference-hah-attachment.json	719	1	0	0	0	0	0	0	0	1	0	0	0	0	0	0	0	0	0	0	3	3	0	0	0	0	0	0	0
fsh-generated/resources/Encounter-hah-admission.json	1346	0	0	0	0	0	0	0	0	0	0	0	0	0	0	0	0	0	0	0	4	3	0	0	0	0	0	0	0
fsh-generated/resources/Encounter-hah-encounter.json	727	0	0	0	0	0	0	0	0	1	0	0	0	0	0	0	0	0	0	0	3	3	0	0	0	0	0	0	0
fsh-generated/resources/Encounter-hah-transfer-admission.json	1238	0	0	0	0	0	0	0	0	0	0	0	0	0	0	0	0	0	0	0	4	3	0	0	0	0	0	0	0
fsh-generated/resources/Encounter-hah-video-visit.json	1101	0	0	0	0	0	0	0	0	1	0	0	0	0	0	0	0	0	0	0	4	3	0	0	0	0	0	0	0
fsh-generated/resources/Encounter-hah-visit.json	1205	0	0	0	0	0	0	0	0	0	0	0	0	0	0	0	0	0	0	0	4	3	0	0	0	0	0	0	0
fsh-generated/resources/Encounter-ltc-encounter-example.json	741	0	0	0	0	0	0	0	0	0	0	0	0	0	0	0	0	0	0	0	3	2	0	0	0	0	0	0	0
fsh-generated/resources/EpisodeOfCare-hah-episode.json	1219	0	0	0	0	0	0	0	0	1	0	0	0	0	0	0	0	0	0	0	3	3	0	0	0	0	0	0	0
fsh-generated/resources/EpisodeOfCare-hah-transfer-episode.json	1048	1	0	0	0	0	0	0	0	0	0	0	0	0	0	0	0	0	0	0	3	2	0	0	0	0	0	0	0
fsh-generated/resources/EpisodeOfCare-hn-episode-example.json	732	0	0	0	0	0	0	0	0	0	0	0	0	0	0	0	0	0	0	0	2	2	0	0	0	0	0	0	0
fsh-generated/resources/EpisodeOfCare-hn-episode-foot-example.json	742	0	0	0	0	0	0	0	0	0	0	0	0	0	0	0	0	0	0	0	3	3	0	0	0	0	0	0	0
fsh-generated/resources/EpisodeOfCare-ltc-episodeofcare-cs100-example.json	648	0	0	0	0	0	0	0	0	0	0	0	0	0	0	0	0	0	0	0	3	2	0	0	0	0	0	0	0
fsh-generated/resources/EpisodeOfCare-ltc-episodeofcare-sdk-example.json	563	0	0	0	0	0	0	0	0	0	0	0	0	0	0	0	0	0	0	0	2	2	0	0	0	0	0	0	0
fsh-generated/resources/Goal-hah-goal.json	741	0	0	0	0	0	0	0	0	1	0	0	0	0	0	0	0	0	0	0	3	3	0	0	0	0	0	0	0
fsh-generated/resources/Goal-hn-goal-example.json	1098	0	0	0	0	0	0	0	0	0	0	0	0	0	0	0	0	0	0	0	3	3	0	0	0	0	0	0	0
fsh-generated/resources/Goal-ltc-goal-mobility-improvement-example.json	1150	1	0	0	0	0	0	0	0	0	0	0	0	0	0	0	0	0	0	0	3	3	0	0	0	0	0	0	0
fsh-generated/resources/Goal-pasport-goal-walking-steps-example.json	1428	0	0	0	0	0	0	0	0	0	0	0	0	0	0	0	0	0	0	0	4	2	0	0	0	0	0	0	0
fsh-generated/resources/Location-hah-location.json	500	0	0	0	0	0	0	0	0	1	0	0	0	0	0	0	0	0	0	0	2	2	0	0	0	0	0	0	0
fsh-generated/resources/Location-ltc-location-example.json	789	0	0	0	0	0	0	0	0	0	0	0	0	0	0	0	0	0	0	0	2	2	0	0	0	0	0	0	0
fsh-generated/resources/Location-ltc-location-feeapply-home-example.json	761	0	0	0	0	0	0	0	0	0	0	0	0	0	0	0	0	0	0	0	2	2	0	0	0	0	0	0	0
fsh-generated/resources/Location-ltc-location-feeapply-hospital-example.json	765	0	0	0	0	0	0	0	0	0	0	0	0	0	0	0	0	0	0	0	3	2	0	0	0	0	0	0	0
fsh-generated/resources/MedicationAdministration-hah-infusion.json	904	1	0	0	0	0	0	0	0	0	0	0	0	0	0	0	0	0	0	0	5	3	0	0	0	0	0	0	0
fsh-generated/resources/MedicationAdministration-hah-medication-not-done.json	738	0	0	0	0	0	0	0	0	1	0	0	0	0	0	0	0	0	0	0	3	3	0	0	0	0	0	0	0
fsh-generated/resources/MedicationAdministration-ltc-medication-administration-metformin-example.json	1290	0	0	0	0	0	0	0	0	0	0	0	0	0	0	0	0	0	0	0	4	2	0	0	0	0	0	0	0
fsh-generated/resources/MedicationRequest-hah-medication-order.json	642	0	0	0	0	0	0	0	0	0	0	0	0	0	0	0	0	0	0	0	2	2	0	0	0	0	0	0	0
fsh-generated/resources/Observation-hah-glucose.json	1029	0	0	0	0	0	0	0	0	1	0	0	0	0	0	0	0	0	0	0	3	3	0	0	0	0	0	0	0
fsh-generated/resources/Observation-hah-temperature.json	996	0	0	0	0	0	0	0	0	0	0	0	0	0	0	0	0	0	0	0	3	3	0	0	0	0	0	0	0
fsh-generated/resources/Observation-hn-bloodpressure-example.json	1590	0	0	0	0	0	0	0	0	0	0	0	0	0	0	0	0	0	0	0	4	3	0	0	0	0	0	0	0
fsh-generated/resources/Observation-hn-glucose-example.json	1142	0	0	0	0	0	0	0	0	1	0	0	0	0	0	0	0	0	0	0	4	3	0	0	0	0	0	0	0
fsh-generated/resources/Observation-hn-oxygen-example.json	1120	1	0	0	0	0	0	0	0	0	0	0	0	0	0	0	0	0	0	0	3	2	0	0	0	0	0	0	0
fsh-generated/resources/Observation-hn-pulse-example.json	1083	0	0	0	0	0	0	0	0	0	0	0	0	0	0	0	0	0	0	0	3	2	0	0	0	0	0	0	0
fsh-generated/resources/Observation-hn-respiration-example.json	1101	0	0	0	0	0	0	0	1	0	0	0	0	0	0	0	0	0	0	0	4	3	0	0	0	0	0	0	0
fsh-generated/resources/Observation-hn-temperature-example.json	1101	0	0	0	1	0	0	0	0	0	0	0	0	0	0	0	0	0	0	0	3	2	0	0	0	0	0	0	0
fsh-generated/resources/Observation-hn-vital-signs-example.json	1448	0	0	0	0	0	0	0	0	1	0	0	0	0	0	0	0	0	0	0	4	3	0	0	0	0	0	0	0
fsh-generated/resources/Observation-hn-wound-iad-example.json	2766	0	0	0	0	0	0	0	0	0	0	0	0	0	0	0	0	0	0	0	6	3	0	0	0	0	0	0	0
fsh-generated/resources/Observation-hn-wound-other-example.json	2394	0	0	0	0	0	0	0	0	1	0	0	0	0	0	0	0	0	0	0	5	4	0	0	0	0	0	0	0
fsh-generated/resources/Observation-hn-wound-pressure-example.json	3222	1	0	0	0	0	0	0	0	1	0	0	0	0	0	0	0	0	0	0	6	2	0	0	0	0	0	0	0
fsh-generated/resources/Observation-ltc-observation-assessment-cs100-example.json	1085	0	0	0	0	0	0	0	0	0	0	0	0	0	0	0	0	0	0	0	3	3	0	0	0	0	0	0	0
fsh-generated/resources/Observation-ltc-observation-assessment-sdk-example.json	2294	0	0	0	0	0	0	0	0	0	0	0	0	0	0	0	0	0	0	0	5	2	0	0	0	0	0	0	0
fsh-generated/resources/Observation-ltc-observation-blood-pressure-example.json	1644	0	0	0	0	0	0	0	0	0	0	0	0	0	0	0	0	0	0	0	3	2	0	0	0	0	0	0	0
fsh-generated/resources/Observation-ltc-observation-falling-history-example.json	1618	0	0	0	0	0	0	0	0	0	0	0	0	0	0	0	0	0	0	0	4	3	0	0	0	0	0	0	0
fsh-generated/resources/Observation-ltc-observation-vital-signs-panel-example.json	1215	1	0	0	0	0	0	0	0	1	0	0	0	0	0	0	0	0	0	0	3	3	0	0	0	0	0	0	0
fsh-generated/resources/Observation-pasport-observation-basal-metabolic-rate-example.json	988	0	0	0	0	0	0	0	0	0	0	0	0	0	0	0	0	0	0	0	3	2	0	0	0	0	0	0	0
fsh-generated/resources/Observation-pasport-observation-blood-pressure-example.json	2367	1	0	0	0	0	0	0	0	0	0	0	0	0	0	0	0	0	0	0	4	3	0	0	0	0	0	0	0
fsh-generated/resources/Observation-pasport-observation-bmi-example.json	1571	0	0	0	0	0	0	0	0	0	0	0	0	0	0	0	0	0	0	0	4	3	0	0	0	0	0	0	0
fsh-generated/resources/Observation-pasport-observation-body-age-example.json	897	0	0	0	0	0	0	0	0	0	0	0	0	0	0	0	0	0	0	0	3	2	0	0	0	0	0	0	0
fsh-generated/resources/Observation-pasport-observation-body-bone-mass-example.json	958	0	0	0	0	0	0	0	0	0	0	0	0	0	0	0	0	0	0	0	3	3	0	0	0	0	0	0	0
fsh-generated/resources/Observation-pasport-observation-body-fat-mass-example.json	968	1	0	0	0	0	0	0	0	1	0	0	0	0	0	0	0	0	0	0	3	2	0	0	0	0	0	0	0
fsh-generated/resources/Observation-pasport-observation-body-fat-percentage-example.json	1983	0	0	0	0	0	0	0	0	0	0	0	0	0	0	0	0	0	0	0	5	3	0	0	0	0	0	0	0
fsh-generated/resources/Observation-pasport-observation-body-temperature-example.json	966	0	0	0	0	0	0	0	0	0	0	0	0	0	0	0	0	0	0	0	3	3	0	0	0	0	0	0	0
fsh-generated/resources/Observation-pasport-observation-cell-mass-example.json	982	0	0	0	0	0	0	0	0	0	0	0	0	0	0	0	0	0	0	0	4	2	0	0	0	0	0	0	0
fsh-generated/resources/Observation-pasport-observation-extracellular-water-example.json	999	0	0	0	0	0	0	0	0	0	0	0	0	0	0	0	0	0	0	0	3	2	0	0	0	0	0	0	0
fsh-generated/resources/Observation-pasport-observation-extracellular-water-ratio-example.json	933	1	0	0	0	0	0	0	0	0	0	0	0	0	0	0	0	0	0	0	3	2	0	0	0	0	0	0	0
fsh-generated/resources/Observation-pasport-observation-fat-free-mass-example.json	958	0	0	0	0	0	0	0	0	1	0	0	0	0	0	0	0	0	0	0	3	3	0	0	0	0	0	0	0
fsh-generated/resources/Observation-pasport-observation-gait-cycle-example.json	1786	0	0	0	0	0	0	0	0	0	0	0	0	0	0	0	0	0	0	0	4	3	0	0	0	0	0	0	0
fsh-generated/resources/Observation-pasport-observation-gait-type-example.json	2273	0	0	0	0	0	0	0	0	0	0	0	0	0	0	0	0	0	0	0	5	2	0	0	0	0	0	0	0
fsh-generated/resources/Observation-pasport-observation-glucose-example.json	965	0	0	0	1	0	0	0	0	0	0	0	0	0	0	0	0	0	0	0	3	3	0	0	0	0	0	0	0
fsh-generated/resources/Observation-pasport-observation-heart-rate-example.json	1459	0	0	0	0	0	0	0	0	0	0	0	0	0	0	0	0	0	0	0	6	2	0	0	0	0	0	0	0
fsh-generated/resources/Observation-pasport-observation-heart-rate-variability-example.json	1016	1	0	0	0	0	0	0	0	0	0	0	0	0	0	0	0	0	0	0	3	3	0	0	0	0	0	0	0
fsh-generated/resources/Observation-pasport-observation-height-example.json	1267	0	0	0	0	0	0	0	0	1	0	0	0	0	0	0	0	0	0	0	3	2	0	0	0	0	0	0	0
fsh-generated/resources/Observation-pasport-observation-intracellular-water-example.json	999	0	0	0	0	0	0	0	0	0	0	0	0	0	0	0	0	0	0	0	3	3	0	0	0	0	0	0	0
fsh-generated/resources/Observation-pasport-observation-mean-heart-rate-example.json	964	0	0	0	0	0	0	0	1	0	0	0	0	0	0	0	0	0	0	0	3	3	0	0	0	0	0	0	0
fsh-generated/resources/Observation-pasport-observation-mineral-example.json	977	0	0	0	0	0	0	0	0	1	0	0	0	0	0	0	0	0	0	0	3	2	0	0	0	0	0	0	0
fsh-generated/resources/Observation-pasport-observation-obesity-degree-example.json	991	0	0	0	0	0	0	0	0	1	0	0	0	0	0	0	0	0	0	0	3	3	0	0	0	0	0	0	0
fsh-generated/resources/Observation-pasport-observation-peripheral-oxygen-saturation-example.json	1002	1	0	0	0	0	0	0	0	0	0	0	0	0	0	0	0	0	0	0	3	3	0	0	0	0	0	0	0
fsh-generated/resources/Observation-pasport-observation-protein-example.json	976	0	0	0	0	0	0	0	0	0	0	0	0	0	0	0	0	0	0	0	3	2	0	0	0	0	0	0	0
fsh-generated/resources/Observation-pasport-observation-respiratory-rate-example.json	966	0	0	0	0	0	0	0	0	0	0	0	0	0	0	0	0	0	0	0	3	3	0	0	0	0	0	0	0
fsh-generated/resources/Observation-pasport-observation-resting-heart-rate-example.json	1087	0	0	0	0	0	0	0	0	0	0	0	0	0	0	0	0	0	0	0	3	2	0	0	0	0	0	0	0
fsh-generated/resources/Observation-pasport-observation-skeletal-muscle-mass-example.json	2415	0	0	0	0	0	0	0	0	0	0	0	0	0	0	0	0	0	0	0	5	3	0	0	0	0	0	0	0
fsh-generated/resources/Observation-pasport-observation-skeletal-muscle-mass-index-example.json	1019	0	0	0	0	0	0	0	0	1	0	0	0	0	0	0	0	0	0	0	3	3	0	0	0	0	0	0	0
fsh-generated/resources/Observation-pasport-observation-soft-lean-mass-example.json	982	1	0	0	0	0	0	0	0	0	0	0	0	0	0	0	0	0	0	0	3	2	0	0	0	0	0	0	0
fsh-generated/resources/Observation-pasport-observation-total-body-water-example.json	962	0	0	0	0	0	0	0	0	0	0	0	0	0	0	0	0	0	0	0	3	3	0	0	0	0	0	0	0
fsh-generated/resources/Observation-pasport-observation-treadmill-example.json	3402	0	0	0	0	0	0	0	0	0	0	0	0	0	0	0	0	0	0	0	7	3	0	0	0	0	0	0	0
fsh-generated/resources/Observation-pasport-observation-visceral-fat-area-example.json	980	0	0	0	0	0	0	0	0	0	0	0	0	0	0	0	0	0	0	0	2	3	0	0	0	0	0	0	0
fsh-generated/resources/Observation-pasport-observation-visceral-fat-index-example.json	917	0	0	0	0	0	0	0	0	0	0	0	0	0	0	0	0	0	0	0	3	3	0	0	0	0	0	0	0
fsh-generated/resources/Observation-pasport-observation-waist-example.json	975	0	0	0	0	0	0	0	0	0	0	0	0	0	0	0	0	0	0	0	3	3	0	0	0	0	0	0	0
fsh-generated/resources/Observation-pasport-observation-waist-hip-rate-example.json	906	1	0	0	0	0	0	0	0	0	0	0	0	0	0	0	0	0	0	0	3	2	0	0	0	0	0	0	0
fsh-generated/resources/Observation-pasport-observation-weight-example.json	1671	0	0	0	0	0	0	0	0	1	0	0	0	0	0	0	0	0	0	0	3	3	0	0	0	0	0	0	0
fsh-generated/resources/Observation-pasport-observation-weight-training-example.json	1859	0	0	0	0	0	0	0	0	0	0	0	0	0	0	0	0	0	0	0	5	2	0	0	0	0	0	0	0
fsh-generated/resources/OperationOutcome-hn-outcome-example.json	328	0	0	0	0	0	0	0	0	0	0	0	0	0	0	0	0	0	0	0	2	3	0	0	0	0	0	0	0
fsh-generated/resources/OperationOutcome-ltc-operationoutcome-check-example.json	847	0	0	0	0	0	0	0	0	0	0	0	0	0	0	0	0	0	0	0	2	2	0	0	0	0	0	0	0
fsh-generated/resources/OperationOutcome-ltc-operationoutcome-feeaudit-example.json	1156	1	0	0	1	0	0	0	0	0	0	0	0	0	0	0	0	0	0	0	3	2	0	0	0	0	0	0	0
fsh-generated/resources/OperationOutcome-ltc-operationoutcome-feeaudit-exception-example.json	1121	0	0	0	0	0	0	0	0	1	0	0	0	0	0	0	0	0	0	0	3	2	0	0	0	0	0	0	0
fsh-generated/resources/OperationOutcome-ltc-operationoutcome-feeaudit-objdel-2-example.json	911	0	0	0	0	0	0	0	0	0	0	0	0	0	0	0	0	0	0	0	3	2	0	0	0	0	0	0	0
fsh-generated/resources/OperationOutcome-ltc-operationoutcome-feeaudit-objdel-example.json	909	0	0	0	0	0	0	0	0	0	0	0	0	0	0	0	0	0	0	0	2	2	0	0	0	0	0	0	0
fsh-generated/resources/Organization-hah-organization.json	512	0	0	0	0	0	0	0	0	0	0	0	0	0	0	0	0	0	0	0	2	2	0	0	0	0	0	0	0
fsh-generated/resources/Organization-hah-receiving-hospital.json	517	0	0	0	0	0	0	0	0	0	0	0	0	0	0	0	0	0	0	0	2	2	0	0	0	0	0	0	0
fsh-generated/resources/Organization-hn-organization-example.json	519	1	0	0	0	0	0	0	0	0	0	0	0	0	0	0	0	0	0	0	2	1	0	0	0	0	0	0	0
fsh-generated/resources/Organization-ltc-organization-cs100-example.json	117	0	0	0	0	0	0	0	0	0	0	0	0	0	0	0	0	0	0	0	1	2	0	0	0	0	0	0	0
fsh-generated/resources/Organization-ltc-organization-example.json	1857	0	0	0	0	0	0	0	0	0	0	0	0	0	0	0	0	0	0	0	4	3	0	0	0	0	0	0	0
fsh-generated/resources/Organization-ltc-organization-feeaudit-authority-example.json	1243	0	0	0	0	0	0	0	0	0	0	0	0	0	0	0	0	0	0	0	2	3	0	0	0	0	0	0	0
fsh-generated/resources/Organization-ltc-organization-sdk-example.json	554	0	0	0	0	0	0	0	0	0	0	0	0	0	0	0	0	0	0	0	2	2	0	0	0	0	0	0	0
fsh-generated/resources/Organization-twcore-organization-hospital-aa12-example.json	1609	1	0	0	0	0	0	0	0	0	0	0	0	0	0	0	0	0	0	0	4	3	0	0	0	0	0	0	0
fsh-generated/resources/Patient-hah-patient.json	1507	0	0	0	0	0	0	0	0	1	0	0	0	0	0	0	0	1	0	0	4	3	0	0	0	0	0	0	0
fsh-generated/resources/Patient-hn-patient-example.json	1867	0	0	0	0	0	0	0	0	0	0	0	0	0	0	0	0	0	0	0	3	3	0	0	0	0	0	0	0
fsh-generated/resources/Patient-ltc-patient-chen-ming-hui.json	2562	0	0	0	0	0	0	0	0	1	0	0	0	0	0	0	0	0	0	0	5	3	0	0	0	0	0	0	0
fsh-generated/resources/Patient-ltc-patient-cms-chen-ming-hui-example.json	3379	0	0	0	0	0	0	0	1	0	0	0	0	0	0	0	0	0	0	0	6	4	0	0	0	0	0	0	0
fsh-generated/resources/Patient-ltc-patient-cms-example.json	3067	0	0	0	0	0	0	0	0	0	0	0	0	0	0	0	0	0	0	0	5	3	0	0	0	0	0	0	0
fsh-generated/resources/Patient-ltc-patient-cs100-example.json	225	1	0	0	0	0	0	0	0	0	0	0	0	0	0	0	0	0	0	0	2	2	0	0	0	0	0	0	0
fsh-generated/resources/Patient-ltc-patient-referral-chen-ming-hui-example.json	2843	0	0	0	0	0	0	0	0	0	0	0	0	0	0	0	0	0	0	0	5	4	0	0	0	0	0	0	0
fsh-generated/resources/Patient-ltc-patient-referral-example.json	2743	0	0	0	0	0	0	0	0	0	0	0	0	0	0	0	0	0	0	0	6	3	0	0	0	0	0	0	0
fsh-generated/resources/Patient-ltc-patient-sdk-example.json	1234	1	0	0	1	0	0	0	0	0	0	0	0	0	0	0	0	0	0	0	3	2	0	0	0	0	0	0	0
fsh-generated/resources/Practitioner-hah-practitioner.json	365	0	0	0	0	0	0	0	0	0	0	0	0	0	0	0	0	0	0	0	1	2	0	0	0	0	0	0	0
fsh-generated/resources/Practitioner-hn-nurse-example.json	352	0	0	0	0	0	0	0	0	0	0	0	0	0	0	0	0	0	0	0	2	3	0	0	0	0	0	0	0
fsh-generated/resources/Practitioner-hn-staff-example.json	224	0	0	0	0	0	0	0	0	0	0	0	0	0	0	0	0	0	0	0	1	2	0	0	0	0	0	0	0
fsh-generated/resources/Practitioner-ltc-practitioner-cs100-example.json	134	1	0	0	0	0	0	0	0	1	0	0	0	0	0	0	0	0	0	0	1	2	0	0	0	0	0	0	0
fsh-generated/resources/Practitioner-ltc-practitioner-example.json	1242	0	0	0	0	0	0	0	0	0	0	0	0	0	0	0	0	0	0	0	2	3	0	0	0	0	0	0	0
fsh-generated/resources/Practitioner-ltc-practitioner-nurse-example.json	1365	0	0	0	0	0	0	0	0	0	0	0	0	0	0	0	0	0	0	0	3	2	0	0	0	0	0	0	0
fsh-generated/resources/Practitioner-ltc-practitioner-physician-aa12-example.json	1627	0	0	0	0	0	0	0	0	0	0	0	0	0	0	0	0	0	0	0	4	3	0	0	0	0	0	0	0
fsh-generated/resources/Practitioner-ltc-practitioner-sdk-example.json	367	1	0	0	0	0	0	0	0	0	0	0	0	0	0	0	0	0	0	0	1	6	0	0	0	0	0	0	0
fsh-generated/resources/PractitionerRole-ltc-practitioner-role-nurse-example.json	1222	0	0	0	0	0	0	0	0	0	0	0	0	0	0	0	0	0	0	0	3	5	0	0	0	0	0	0	0
fsh-generated/resources/Procedure-hah-procedure.json	749	0	0	0	0	0	0	0	0	0	0	0	0	0	0	0	0	0	0	0	3	3	0	0	0	0	0	0	0
fsh-generated/resources/Procedure-ltc-procedure-bathing-example.json	957	0	0	0	0	0	0	0	0	1	0	0	0	0	0	0	0	0	0	0	3	2	0	0	0	0	0	0	0
fsh-generated/resources/Questionnaire-hah-intake-assessment.json	1334	0	0	0	0	0	0	0	0	2	0	0	0	0	0	0	0	0	0	0	17	9	0	0	0	0	0	0	0
fsh-generated/resources/Questionnaire-hn-adls.json	6286	0	0	0	0	0	0	0	0	4	0	0	0	0	0	0	0	0	0	0	57	14	0	0	0	0	1	0	1
fsh-generated/resources/Questionnaire-hn-basedata.json	18062	1	0	0	0	0	0	0	1	6	0	0	0	0	0	0	0	0	0	0	181	22	0	0	0	0	1	0	0
fsh-generated/resources/Questionnaire-hn-bodyevaluations.json	53768	1	0	0	0	0	0	0	1	15	0	0	0	0	0	0	0	0	0	0	451	42	0	0	0	0	4	0	1
fsh-generated/resources/Questionnaire-hn-careplanclose.json	1993	0	0	0	0	0	0	0	0	2	0	0	0	0	0	0	0	0	0	0	25	8	0	0	0	0	0	0	0
fsh-generated/resources/Questionnaire-hn-carerecord.json	19419	0	0	0	0	0	0	0	1	5	0	0	0	0	0	0	0	0	0	0	190	27	0	0	0	0	2	0	0
fsh-generated/resources/Questionnaire-hn-caseclose.json	1739	1	0	0	0	0	0	0	0	3	0	0	0	0	0	0	0	0	0	0	22	7	0	0	0	0	0	0	0
fsh-generated/resources/Questionnaire-hn-casedesc.json	2169	0	0	0	0	0	0	0	0	1	0	0	0	0	0	0	0	0	0	0	28	6	0	0	0	0	0	0	0
fsh-generated/resources/Questionnaire-hn-casesummary.json	1950	0	0	0	0	0	0	0	0	1	0	0	0	0	0	0	0	0	0	0	23	7	0	0	0	0	0	0	0
fsh-generated/resources/Questionnaire-hn-dementias.json	7227	0	0	0	0	0	0	0	0	2	0	0	0	0	0	0	0	0	0	0	64	9	0	0	0	0	1	0	1
fsh-generated/resources/Questionnaire-hn-drugsafeties.json	7336	0	0	0	0	0	0	0	0	2	0	0	0	0	0	0	0	0	0	0	64	10	0	0	0	0	1	0	0
fsh-generated/resources/Questionnaire-hn-evaluations.json	2023	0	0	0	0	0	0	0	0	1	0	0	0	0	0	0	0	0	0	0	28	5	0	0	0	0	0	0	0
fsh-generated/resources/Questionnaire-hn-fallrisks.json	9413	0	0	0	0	0	0	0	0	3	0	0	0	0	0	0	0	0	0	0	79	10	0	0	0	0	1	0	0
fsh-generated/resources/Questionnaire-hn-geriatricdepressionscales.json	4193	1	0	0	0	0	0	0	1	1	0	0	0	0	0	0	0	0	0	0	39	7	0	0	0	0	0	0	0
fsh-generated/resources/Questionnaire-hn-healthyhabits.json	4761	0	0	0	0	0	0	0	0	2	0	0	0	0	0	0	0	0	0	0	48	8	0	0	0	0	1	0	0
fsh-generated/resources/Questionnaire-hn-iadls.json	5303	0	0	0	0	0	0	0	0	2	0	0	0	0	0	0	0	0	0	0	47	9	0	0	0	0	0	0	0
fsh-generated/resources/Questionnaire-hn-measures.json	2530	0	0	0	0	0	0	0	0	1	0	0	0	0	0	0	0	0	0	0	31	7	0	0	0	0	0	0	0
fsh-generated/resources/Questionnaire-hn-medicalhistories.json	13387	0	0	0	1	0	0	0	0	3	0	0	0	0	0	0	0	0	0	0	105	12	0	0	1	0	1	0	0
fsh-generated/resources/Questionnaire-hn-mnasfs.json	5053	0	0	0	0	0	0	0	0	2	0	0	0	0	0	0	0	0	0	0	42	9	0	0	0	0	1	0	0
fsh-generated/resources/Questionnaire-hn-painevaluations.json	6441	1	0	0	0	0	0	0	0	1	0	0	0	0	0	0	0	0	0	0	60	9	0	0	0	0	0	0	1
fsh-generated/resources/Questionnaire-hn-pressureinjuries.json	4336	0	0	0	0	0	0	0	1	2	0	0	0	0	0	0	0	0	0	0	39	9	0	0	0	0	1	0	0
fsh-generated/resources/Questionnaire-hn-sofs.json	2911	1	0	0	0	0	0	0	0	1	0	0	0	0	0	0	0	0	0	0	29	8	0	0	0	0	0	0	0
fsh-generated/resources/Questionnaire-hn-staffegy.json	3213	0	0	0	0	0	0	0	0	2	0	0	0	0	0	0	0	0	0	0	37	7	0	0	0	0	0	0	0
fsh-generated/resources/Questionnaire-hn-targets.json	2317	0	0	0	0	0	0	0	0	1	0	0	0	0	0	0	0	0	0	0	29	6	0	0	0	0	0	0	0
fsh-generated/resources/Questionnaire-hn-vitalsign.json	2257	0	0	0	0	0	0	0	0	1	0	0	0	0	0	0	0	0	0	0	28	6	0	0	0	0	1	0	0
fsh-generated/resources/Questionnaire-ltc-questionnaire-aa12-example.json	10802	1	0	0	0	0	0	0	0	3	0	0	0	0	0	0	0	0	0	0	59	14	0	0	0	0	0	0	0
fsh-generated/resources/Questionnaire-ltc-questionnaire-adl-assessment-example.json	10770	0	0	0	0	0	0	0	0	2	0	0	0	0	0	0	0	0	0	0	34	10	0	0	0	0	1	0	0
fsh-generated/resources/Questionnaire-ltc-questionnaire-caregiver-load.json	864	0	0	0	0	0	0	0	0	1	0	0	0	0	0	0	0	0	0	0	17	7	0	0	0	0	0	0	0
fsh-generated/resources/Questionnaire-ltc-questionnaire-caregiver-support.json	1498	0	0	0	0	0	0	0	0	1	0	0	0	0	0	0	0	0	0	0	22	6	0	0	0	0	0	0	0
fsh-generated/resources/Questionnaire-ltc-questionnaire-caregiver.json	1363	0	0	0	0	0	0	0	1	0	0	0	0	0	0	0	0	0	0	0	13	6	0	0	0	0	0	0	0
fsh-generated/resources/Questionnaire-ltc-questionnaire-cdr.json	11615	0	0	0	0	0	0	0	0	2	0	0	0	0	0	0	0	0	0	0	30	9	0	0	0	0	1	0	0
fsh-generated/resources/Questionnaire-ltc-questionnaire-communication.json	807	0	0	0	0	0	0	0	0	0	0	0	0	0	0	0	0	0	0	0	16	7	0	0	0	0	0	0	0
fsh-generated/resources/Questionnaire-ltc-questionnaire-iadl.json	9375	1	0	0	0	0	0	0	0	2	0	0	0	0	0	0	0	0	0	0	28	7	0	0	0	0	0	0	0
fsh-generated/resources/Questionnaire-ltc-questionnaire-memory.json	836	0	0	0	0	0	0	0	0	0	0	0	0	0	0	0	0	0	0	0	16	6	0	0	0	0	0	0	0
fsh-generated/resources/Questionnaire-ltc-questionnaire-mental.json	1662	0	0	0	0	0	0	0	0	1	0	0	0	0	0	0	0	0	0	0	31	7	0	0	0	0	0	0	0
fsh-generated/resources/Questionnaire-ltc-questionnaire-mmse.json	18232	0	0	0	0	0	0	0	0	3	0	0	0	0	0	0	0	0	0	0	60	13	0	0	0	0	1	0	1
fsh-generated/resources/Questionnaire-ltc-questionnaire-society.json	1258	0	0	0	0	0	0	0	0	1	0	0	0	0	0	0	0	0	0	0	19	6	0	0	0	0	0	0	0
fsh-generated/resources/Questionnaire-ltc-questionnaire-sof.json	595	1	0	0	0	0	0	0	1	1	0	0	0	0	0	0	0	0	0	0	12	6	0	0	0	0	0	0	0
fsh-generated/resources/Questionnaire-ltc-questionnaire-special-care.json	2881	0	0	0	0	0	0	0	0	1	0	0	0	0	0	0	0	0	0	0	41	10	0	0	0	0	1	0	0
fsh-generated/resources/Questionnaire-questionnaire-aa01-example.json	5251	0	0	0	0	0	0	0	0	2	0	0	0	0	0	0	0	0	0	0	57	11	0	0	0	0	0	0	0
fsh-generated/resources/Questionnaire-questionnaire-aa02-example.json	3943	0	0	0	0	0	0	0	0	1	0	0	0	0	0	0	0	0	0	0	47	12	0	0	0	0	1	0	0
fsh-generated/resources/QuestionnaireResponse-hah-assessment.json	1388	0	0	0	0	0	0	0	0	1	0	0	0	0	0	0	0	0	0	0	14	4	0	0	0	0	0	0	0
fsh-generated/resources/QuestionnaireResponse-hn-adls-example.json	2669	0	0	0	0	0	0	0	0	0	0	0	0	0	0	0	0	0	0	0	40	5	0	0	0	0	0	0	0
fsh-generated/resources/QuestionnaireResponse-hn-basedata-example.json	7549	0	0	0	0	0	0	0	0	1	0	0	0	0	0	0	0	0	0	0	65	7	0	0	0	0	0	0	0
fsh-generated/resources/QuestionnaireResponse-hn-basedata-foot-example.json	7556	1	0	0	0	0	0	0	0	1	0	0	0	0	0	0	0	0	0	0	65	7	0	0	0	0	0	0	0
fsh-generated/resources/QuestionnaireResponse-hn-bodyevaluations-example.json	10186	0	0	0	0	0	0	0	0	2	0	0	0	0	0	0	0	0	0	0	156	12	0	0	0	0	0	0	0
fsh-generated/resources/QuestionnaireResponse-hn-careplanclose-example.json	1437	0	0	0	1	0	0	0	0	0	0	0	0	0	0	0	0	0	0	0	17	4	0	0	0	0	0	0	1
fsh-generated/resources/QuestionnaireResponse-hn-carerecord-example.json	3682	0	0	0	0	0	0	0	1	0	0	0	0	0	0	0	0	0	0	0	34	5	0	0	0	0	0	0	0
fsh-generated/resources/QuestionnaireResponse-hn-carerecord-wounds-example.json	7391	0	0	0	0	0	0	0	0	1	0	0	0	0	0	0	0	0	0	0	66	7	0	0	0	0	0	0	0
fsh-generated/resources/QuestionnaireResponse-hn-caseclose-example.json	1470	0	0	0	0	0	0	0	0	0	0	0	0	0	0	0	0	0	0	0	16	3	0	0	0	0	0	0	0
fsh-generated/resources/QuestionnaireResponse-hn-casedesc-example.json	1856	0	0	0	0	0	0	0	0	0	0	0	0	0	0	0	0	0	0	0	21	4	0	0	0	0	0	0	0
fsh-generated/resources/QuestionnaireResponse-hn-casesummary-example.json	1723	0	0	0	0	0	0	0	0	0	0	0	0	0	0	0	0	0	0	0	19	4	0	0	0	0	0	0	0
fsh-generated/resources/QuestionnaireResponse-hn-dementias-example.json	995	1	0	0	0	0	0	0	0	0	0	0	0	0	0	0	0	0	0	0	11	2	0	0	0	0	0	0	0
fsh-generated/resources/QuestionnaireResponse-hn-drugsafeties-example.json	1004	0	0	0	0	0	0	0	0	1	0	0	0	0	0	0	0	0	0	0	11	3	0	0	0	0	0	0	0
fsh-generated/resources/QuestionnaireResponse-hn-evaluations-example.json	1695	0	0	0	0	0	0	0	0	0	0	0	0	0	0	0	0	0	0	0	21	4	0	0	0	0	0	0	0
fsh-generated/resources/QuestionnaireResponse-hn-fallrisks-example.json	2330	0	0	0	0	0	0	0	0	0	0	0	0	0	0	0	0	0	0	0	35	6	0	0	0	0	0	0	0
fsh-generated/resources/QuestionnaireResponse-hn-foot-record-example.json	138168	2	0	0	0	0	0	0	2	6	0	0	0	0	0	0	0	1	0	0	838	67	0	0	0	0	0	0	1
fsh-generated/resources/QuestionnaireResponse-hn-geriatricdepressionscales-example.json	1043	0	0	0	0	0	0	0	0	0	0	0	0	0	0	0	0	0	0	0	11	4	0	0	0	0	0	0	0
fsh-generated/resources/QuestionnaireResponse-hn-healthyhabits-example.json	2571	0	0	0	0	0	0	0	0	1	0	0	0	0	0	0	0	0	0	0	22	5	0	0	0	0	0	0	0
fsh-generated/resources/QuestionnaireResponse-hn-iadls-example.json	2318	0	0	0	0	0	0	0	0	0	0	0	0	0	0	0	0	0	0	0	35	6	0	0	0	0	0	0	0
fsh-generated/resources/QuestionnaireResponse-hn-measures-example.json	2115	0	0	0	0	0	0	0	0	0	0	0	0	0	0	0	0	0	0	0	24	4	0	0	0	1	0	0	0
fsh-generated/resources/QuestionnaireResponse-hn-medicalhistories-example.json	3954	1	0	0	0	0	0	0	0	1	0	0	0	0	0	0	0	0	0	0	56	7	0	0	0	0	0	0	0
fsh-generated/resources/QuestionnaireResponse-hn-mnasfs-example.json	2144	0	0	0	0	0	0	0	0	0	0	0	0	0	0	0	0	0	0	0	32	4	0	0	0	0	0	0	0
fsh-generated/resources/QuestionnaireResponse-hn-pain-nonverbal-example.json	3008	0	0	0	0	0	0	0	0	0	0	0	0	0	0	0	0	0	0	0	29	5	0	0	0	0	0	0	1
fsh-generated/resources/QuestionnaireResponse-hn-pain-verbal-example.json	2955	0	0	0	0	0	0	0	0	0	0	0	0	0	0	0	0	0	0	0	29	5	0	0	0	0	0	0	0
fsh-generated/resources/QuestionnaireResponse-hn-painevaluations-example.json	1279	0	0	0	0	0	0	0	0	0	0	0	0	0	0	0	0	0	0	0	13	3	0	0	0	0	0	0	0
fsh-generated/resources/QuestionnaireResponse-hn-pressureinjuries-example.json	1997	0	0	0	0	0	0	0	0	1	0	0	0	0	0	0	0	0	0	0	29	5	0	0	0	0	0	0	0
fsh-generated/resources/QuestionnaireResponse-hn-sofs-example.json	980	0	0	0	0	0	0	0	0	0	0	0	0	0	0	0	0	0	0	0	12	3	0	0	0	0	0	0	0
fsh-generated/resources/QuestionnaireResponse-hn-staffegy-example.json	2396	0	0	0	0	0	0	0	0	0	0	0	0	0	0	0	0	0	0	0	25	4	0	0	0	0	0	0	0
fsh-generated/resources/QuestionnaireResponse-hn-targets-example.json	1794	0	0	0	0	0	0	0	0	0	0	0	0	0	0	0	0	0	0	0	21	4	0	0	0	0	0	0	0
fsh-generated/resources/QuestionnaireResponse-hn-vitalsign-example.json	2062	0	0	0	0	0	0	0	1	0	0	0	0	0	0	0	0	0	0	0	24	4	0	0	0	0	0	0	0
fsh-generated/resources/QuestionnaireResponse-ltc-questionnaire-response-aa01-example.json	7584	1	0	0	0	0	0	0	0	1	0	0	0	0	0	0	0	0	0	0	45	6	0	0	0	0	0	0	0
fsh-generated/resources/QuestionnaireResponse-ltc-questionnaire-response-aa02-example.json	5630	0	0	0	0	0	0	0	0	0	0	0	0	0	0	0	0	0	0	0	39	6	0	0	0	0	0	0	0
fsh-generated/resources/QuestionnaireResponse-ltc-questionnaire-response-aa12-example.json	5311	0	0	0	0	0	0	0	0	1	0	0	0	0	0	0	0	0	0	0	44	7	0	0	0	0	0	0	0
fsh-generated/resources/QuestionnaireResponse-ltc-questionnaire-response-adl-example.json	2178	0	0	0	0	0	0	0	0	0	0	0	0	0	0	0	0	0	0	0	22	4	0	0	0	0	0	0	0
fsh-generated/resources/QuestionnaireResponse-ltc-questionnaire-response-adl-referral-example.json	2004	0	0	0	0	0	0	0	0	0	0	0	0	0	0	0	0	0	0	0	23	4	0	0	0	0	0	0	0
fsh-generated/resources/QuestionnaireResponse-ltc-questionnaire-response-caregiver-load-example.json	1280	0	0	0	0	0	0	0	0	0	0	0	0	0	0	0	0	0	0	0	14	4	0	0	0	0	0	0	0
fsh-generated/resources/QuestionnaireResponse-ltc-questionnaire-response-caregiver-referral-example.json	669	0	0	0	1	0	0	0	0	0	0	0	0	0	0	0	0	0	0	0	9	2	0	0	0	0	0	0	0
fsh-generated/resources/QuestionnaireResponse-ltc-questionnaire-response-caregiver-support-example.json	2133	0	0	0	0	0	0	0	0	1	0	0	0	0	0	0	0	0	0	0	20	4	0	0	0	0	0	0	0
fsh-generated/resources/QuestionnaireResponse-ltc-questionnaire-response-cdr-complete-example.json	1765	1	0	0	0	0	0	0	0	0	0	0	0	0	0	0	0	0	0	0	17	4	0	0	0	0	0	0	0
fsh-generated/resources/QuestionnaireResponse-ltc-questionnaire-response-cdr-example.json	1756	0	0	0	0	0	0	0	0	0	0	0	0	0	0	0	0	0	0	0	17	3	0	0	0	0	0	0	0
fsh-generated/resources/QuestionnaireResponse-ltc-questionnaire-response-cdr-moderate-example.json	1765	0	0	0	0	0	0	0	0	0	0	0	0	0	0	0	0	0	0	0	18	4	0	0	0	0	0	0	0
fsh-generated/resources/QuestionnaireResponse-ltc-questionnaire-response-communication-example.json	1239	0	0	0	0	0	0	0	0	0	0	0	0	0	0	0	0	0	0	0	16	4	0	0	0	0	0	0	0
fsh-generated/resources/QuestionnaireResponse-ltc-questionnaire-response-example.json	984	0	0	0	0	0	0	0	0	0	0	0	0	0	0	0	0	0	0	0	12	3	0	0	0	0	0	0	0
fsh-generated/resources/QuestionnaireResponse-ltc-questionnaire-response-iadl-example.json	1566	0	0	0	0	0	0	0	0	1	0	0	0	0	0	0	0	0	0	0	19	4	0	0	0	0	0	0	0
fsh-generated/resources/QuestionnaireResponse-ltc-questionnaire-response-iadl-referral-example.json	1580	0	0	0	0	0	0	0	0	0	0	0	0	0	0	0	0	0	0	0	25	4	0	0	0	0	0	0	0
fsh-generated/resources/QuestionnaireResponse-ltc-questionnaire-response-memory-example.json	1324	0	0	0	0	0	0	0	0	0	0	0	0	0	0	0	0	0	0	0	20	3	0	0	0	0	0	0	0
fsh-generated/resources/QuestionnaireResponse-ltc-questionnaire-response-mental-example.json	2973	0	0	0	0	0	0	0	0	0	0	0	0	0	0	0	0	0	0	0	41	4	0	0	0	0	0	0	0
fsh-generated/resources/QuestionnaireResponse-ltc-questionnaire-response-mmse-complete-example.json	4521	0	0	0	0	0	0	0	1	0	0	0	0	0	0	0	0	0	0	0	54	6	0	0	0	0	0	0	0
fsh-generated/resources/QuestionnaireResponse-ltc-questionnaire-response-mmse-example.json	4512	1	0	0	0	0	0	0	0	0	0	0	0	0	0	0	0	0	0	0	62	6	0	0	0	0	0	0	0
fsh-generated/resources/QuestionnaireResponse-ltc-questionnaire-response-mmse-impaired-example.json	4521	0	0	0	0	0	0	0	0	1	0	0	0	0	0	0	0	0	0	0	61	6	0	0	0	0	0	0	0
fsh-generated/resources/QuestionnaireResponse-ltc-questionnaire-response-society-example.json	1837	0	0	0	0	0	0	0	0	0	0	0	0	0	0	0	0	0	0	0	15	3	0	0	0	0	0	0	0
fsh-generated/resources/QuestionnaireResponse-ltc-questionnaire-response-sof-example.json	912	0	0	0	0	0	0	0	0	0	0	0	0	0	0	0	0	0	0	0	11	3	0	0	0	0	0	0	0
fsh-generated/resources/QuestionnaireResponse-ltc-questionnaire-response-special-care-example.json	4452	0	0	0	0	0	0	0	0	0	0	0	0	0	0	0	0	0	0	0	34	5	0	0	0	0	0	0	0
fsh-generated/resources/RelatedPerson-ltc-related-person-primary-caregiver-example.json	1305	0	0	0	0	0	0	0	0	1	0	0	0	0	0	0	0	0	0	0	2	3	0	0	0	0	0	0	0
fsh-generated/resources/RelatedPerson-ltc-related-person-primary-caregiver-referral-example.json	1064	0	0	0	0	0	0	0	0	0	0	0	0	0	0	0	0	0	0	0	3	2	0	0	0	0	0	0	0
fsh-generated/resources/ServiceRequest-hah-consult-request.json	964	0	0	0	0	0	0	0	0	0	0	0	0	0	0	0	0	0	0	0	3	4	0	0	0	0	0	0	0
fsh-generated/resources/ServiceRequest-hah-lab-request.json	773	0	0	0	0	0	0	0	0	0	0	0	0	0	0	0	0	0	0	0	4	3	0	0	0	0	0	0	0
fsh-generated/resources/ServiceRequest-hah-transfer-request.json	1006	0	0	0	0	0	0	0	0	0	0	0	0	0	0	0	0	0	0	0	3	3	0	0	0	0	0	0	0
fsh-generated/resources/ServiceRequest-ltc-servicerequest-referral-example.json	1392	1	0	0	0	0	0	0	0	1	0	0	0	0	0	0	0	0	0	0	4	3	0	0	0	0	0	0	0
fsh-generated/resources/ServiceRequest-pasport-servicerequest-exercise-therapy-example.json	2063	0	0	0	0	0	0	0	0	0	0	0	0	0	0	0	0	0	0	0	5	2	0	0	0	0	0	0	0
fsh-generated/resources/Specimen-hah-specimen.json	544	0	0	0	0	0	0	0	0	0	0	0	0	0	0	0	0	0	0	0	2	3	0	0	0	0	0	0	0
fsh-generated/resources/StructureDefinition-AA12Model.json	23546	0	0	22	0	0	0	0	0	12	0	0	0	0	0	0	0	0	0	0	195	553	0	0	0	0	2	0	0
fsh-generated/resources/StructureDefinition-AdverseEvent-twltc.json	7898	0	0	14	0	0	0	0	0	7	0	0	0	0	0	0	0	1	0	0	184	196	0	0	0	0	2	0	1
fsh-generated/resources/StructureDefinition-Ext-TW-LTC-AdverseEvent-About.json	1618	0	0	1	0	0	0	0	0	2	0	0	0	0	0	0	0	0	0	0	21	92	0	0	0	0	1	0	0
fsh-generated/resources/StructureDefinition-Ext-TW-LTC-AdverseEvent-Description.json	2985	1	0	2	0	0	0	0	0	2	0	0	1	0	0	0	0	0	0	0	52	109	0	0	0	0	1	0	0
fsh-generated/resources/StructureDefinition-Ext-TW-LTC-AdverseEvent-NotifMethod.json	1640	0	0	2	1	0	0	0	0	2	0	0	0	0	0	0	0	0	0	0	22	83	0	0	0	0	0	0	0
fsh-generated/resources/StructureDefinition-Ext-TW-LTC-Case-Source.json	1508	0	0	2	0	0	0	0	0	2	0	0	0	0	0	0	0	0	0	0	21	85	0	0	0	0	0	0	0
fsh-generated/resources/StructureDefinition-Ext-TW-LTC-Export-CaseNo.json	1641	0	0	3	0	0	0	0	0	1	0	0	0	0	0	0	0	0	0	0	20	82	0	0	0	0	0	0	0
fsh-generated/resources/StructureDefinition-Ext-TW-LTC-Export-Error.json	1561	0	0	2	0	0	0	0	0	2	0	0	0	0	0	0	0	0	0	0	21	74	0	0	0	0	0	0	0
fsh-generated/resources/StructureDefinition-Ext-TW-LTC-Export-EvaId.json	1551	0	0	1	0	0	0	0	0	2	0	0	0	0	0	0	0	0	0	0	21	75	0	0	0	0	1	0	0
fsh-generated/resources/StructureDefinition-Ext-TW-LTC-Export-Unit.json	5729	0	0	9	0	0	0	0	0	7	0	0	0	0	0	0	0	0	0	0	135	138	0	0	0	0	1	0	0
fsh-generated/resources/StructureDefinition-Ext-TW-LTC-Export-YYYMM-ROC.json	1566	0	0	4	0	0	0	0	0	1	0	0	0	0	0	0	0	0	0	0	20	70	0	0	0	0	0	0	0
fsh-generated/resources/StructureDefinition-Ext-TW-LTC-FeeAudit-AuditSummary.json	9100	1	0	5	0	0	0	0	0	6	0	0	0	0	0	0	0	0	0	0	119	107	0	0	0	0	2	0	1
fsh-generated/resources/StructureDefinition-Ext-TW-LTC-FeeAudit-DocUrl.json	4541	0	0	4	0	0	0	0	0	3	0	0	0	0	0	0	0	0	0	0	52	77	0	0	0	0	0	0	0
fsh-generated/resources/StructureDefinition-Ext-TW-LTC-FeeAudit-RecordRef.json	5706	0	0	2	0	0	0	0	1	3	0	0	0	0	0	0	0	1	0	0	70	100	0	0	0	0	1	0	0
fsh-generated/resources/StructureDefinition-Ext-TW-LTC-UnitPrice.json	1341	0	0	2	0	0	0	0	0	2	0	0	0	0	0	0	0	0	0	0	20	64	0	0	0	0	0	0	0
fsh-generated/resources/StructureDefinition-ExtHAHEpisode.json	1774	0	0	1	0	0	0	0	0	1	0	0	0	0	0	0	0	0	0	0	20	67	0	0	0	0	1	0	0
fsh-generated/resources/StructureDefinition-ExtHAHOutcome.json	1910	0	0	1	0	0	0	0	0	1	0	0	0	0	0	0	0	0	0	0	22	65	0	0	0	0	0	0	0
fsh-generated/resources/StructureDefinition-ExtHAHVisitMode.json	1440	0	0	1	0	0	0	0	0	2	0	0	0	0	0	0	0	0	0	0	20	65	0	0	0	0	0	0	0
fsh-generated/resources/StructureDefinition-ExtHNCollectionUpdate.json	2991	0	0	3	0	0	0	0	0	2	0	0	0	0	0	0	0	0	0	0	51	73	0	0	0	0	0	0	0
fsh-generated/resources/StructureDefinition-ExtHNEpisode.json	1887	0	0	2	0	0	0	0	0	1	0	0	0	0	0	0	0	0	0	0	20	68	0	0	0	0	1	0	0
fsh-generated/resources/StructureDefinition-ExtHNMainTarget.json	1285	0	0	1	0	0	0	0	0	1	0	0	0	0	0	0	0	0	0	0	21	65	0	0	0	0	0	0	0
fsh-generated/resources/StructureDefinition-ExtHNMeasureStop.json	3488	1	0	2	0	0	0	0	0	3	0	0	0	0	0	0	0	0	0	0	61	80	0	0	0	0	1	0	0
fsh-generated/resources/StructureDefinition-ExtHNSourceForm.json	1941	0	0	2	0	0	0	0	0	1	0	0	0	0	0	0	0	0	0	0	20	65	0	0	0	0	0	0	0
fsh-generated/resources/StructureDefinition-ExtPatientEconomyStatus-TWLTC.json	2483	0	0	2	0	0	0	0	0	8	0	0	0	0	0	0	0	0	0	0	46	76	0	0	0	0	0	0	1
fsh-generated/resources/StructureDefinition-ExtPatientEducationStatus-TWLTC.json	2590	0	0	3	0	0	0	0	0	2	0	0	0	0	0	0	0	0	0	0	44	73	0	0	0	0	1	0	0
fsh-generated/resources/StructureDefinition-ExtPatientIdentity-TWLTC.json	2322	0	0	2	0	0	0	0	0	2	0	0	0	0	0	0	0	0	0	0	42	72	0	0	0	0	0	0	0
fsh-generated/resources/StructureDefinition-ExtRelatedPersonIsPrimary-TWLTC.json	1546	0	0	2	0	0	0	0	0	1	0	0	0	0	0	0	0	0	0	0	21	64	0	0	0	0	0	0	0
fsh-generated/resources/StructureDefinition-HAHAdmissionEncounter.json	1862	0	0	15	0	0	0	0	0	6	0	0	0	0	0	0	0	1	0	0	168	177	0	0	0	0	3	1	0
fsh-generated/resources/StructureDefinition-HAHAllergyIntolerance.json	1642	0	0	4	0	0	0	0	0	2	0	0	0	0	0	0	0	0	0	0	71	113	0	0	0	0	1	0	1
fsh-generated/resources/StructureDefinition-HAHAssessmentResponse.json	7673	0	0	14	0	0	0	0	0	10	0	0	0	0	0	0	0	1	0	0	264	181	0	0	0	0	2	0	0
fsh-generated/resources/StructureDefinition-HAHBundleSummary.json	4498	0	0	30	0	0	0	0	0	8	0	0	0	0	0	0	0	1	0	0	287	267	0	0	0	0	4	0	1
fsh-generated/resources/StructureDefinition-HAHCareDataset.json	96906	1	0	12	0	0	0	0	0	21	0	0	0	0	0	0	0	1	0	0	557	230	0	0	0	0	7	0	1
fsh-generated/resources/StructureDefinition-HAHCarePlan.json	3583	0	0	26	0	0	0	0	0	9	0	0	0	0	0	0	0	0	0	0	215	178	0	0	0	0	3	0	0
fsh-generated/resources/StructureDefinition-HAHCareTeam.json	2303	1	0	4	0	0	0	0	0	2	0	0	0	0	0	0	0	1	0	0	62	95	0	0	0	0	1	0	0
fsh-generated/resources/StructureDefinition-HAHClinicalImpression.json	2887	0	0	4	0	0	0	0	0	3	0	0	0	0	0	0	0	0	0	0	85	98	0	0	0	0	1	0	1
fsh-generated/resources/StructureDefinition-HAHCommunication.json	4290	0	0	6	0	0	0	0	0	3	0	0	0	0	0	0	0	0	0	0	83	102	0	0	0	0	1	0	0
fsh-generated/resources/StructureDefinition-HAHCompositionSummary.json	10014	0	0	9	0	0	0	0	0	11	0	0	1	0	0	0	0	1	0	0	338	191	0	0	0	0	4	1	1
fsh-generated/resources/StructureDefinition-HAHCondition.json	1404	0	0	14	0	0	0	0	0	3	0	0	0	0	0	0	0	0	0	0	116	144	0	0	0	0	1	0	0
fsh-generated/resources/StructureDefinition-HAHConsent.json	3933	0	0	8	0	0	0	0	0	5	0	0	0	0	0	0	0	0	0	0	123	114	0	0	0	0	2	0	0
fsh-generated/resources/StructureDefinition-HAHDevice.json	1764	0	0	6	0	0	0	0	0	3	0	0	0	0	0	0	0	1	0	0	145	112	0	0	0	0	2	0	1
fsh-generated/resources/StructureDefinition-HAHDiagnosticReport.json	3119	0	0	4	0	0	0	0	0	3	0	0	0	0	0	0	0	0	0	0	119	144	0	0	0	0	1	0	0
fsh-generated/resources/StructureDefinition-HAHDocumentReference.json	2355	0	0	4	0	0	0	0	0	4	0	0	0	0	0	0	0	0	0	0	117	109	0	0	0	0	2	0	0
fsh-generated/resources/StructureDefinition-HAHEncounter.json	4156	0	0	1	0	0	0	0	0	6	0	0	0	0	0	0	0	1	0	0	196	187	0	0	0	0	2	0	1
fsh-generated/resources/StructureDefinition-HAHEpisodeOfCare.json	4928	1	0	3	0	0	0	0	0	4	0	0	0	0	0	0	0	0	0	0	113	107	0	0	0	0	2	0	0
fsh-generated/resources/StructureDefinition-HAHGoal.json	2244	0	0	7	0	0	0	0	0	3	0	0	0	0	0	0	0	0	0	0	111	108	0	0	0	0	1	1	1
fsh-generated/resources/StructureDefinition-HAHMedicationAdministration.json	5250	0	0	5	0	0	0	0	0	4	0	0	0	0	0	0	0	1	0	0	108	102	0	0	0	0	2	0	0
fsh-generated/resources/StructureDefinition-HAHMedicationRequest.json	4096	0	0	8	0	0	0	0	0	40	0	0	0	0	0	0	0	0	0	0	196	170	0	0	0	0	3	0	1
fsh-generated/resources/StructureDefinition-HAHObservationLab.json	3620	0	0	6	0	0	0	0	0	4	0	0	0	0	0	0	0	1	0	0	127	128	0	0	0	0	2	0	0
fsh-generated/resources/StructureDefinition-HAHPatient.json	1366	0	0	21	0	0	0	0	0	8	0	0	0	0	0	0	0	1	0	0	403	364	0	0	1	0	5	0	2
fsh-generated/resources/StructureDefinition-HAHProcedure.json	2268	0	0	31	0	0	0	0	0	3	0	0	0	0	0	0	0	1	0	0	125	149	0	0	0	0	2	0	1
fsh-generated/resources/StructureDefinition-HAHServiceRequest.json	2377	0	0	8	0	0	0	0	0	3	0	0	0	0	0	0	0	0	0	0	117	129	0	0	0	0	2	1	0
fsh-generated/resources/StructureDefinition-HAHVisitEncounter.json	2968	0	0	6	0	0	0	0	0	4	0	0	1	0	0	0	0	1	0	0	172	153	0	0	0	0	2	0	1
fsh-generated/resources/StructureDefinition-HAHVisitTask.json	4717	0	0	4	0	0	0	0	0	3	0	0	0	0	0	0	0	0	0	0	113	117	0	0	0	0	2	0	0
fsh-generated/resources/StructureDefinition-HNADLsModel.json	17441	1	0	19	0	0	0	0	0	3	0	0	0	0	0	0	0	0	0	0	149	101	0	0	0	0	1	0	1
fsh-generated/resources/StructureDefinition-HNADLsResponse.json	31628	0	0	29	0	0	0	0	1	22	0	0	0	0	0	0	0	3	0	0	1113	496	0	0	0	0	10	0	2
fsh-generated/resources/StructureDefinition-HNAPITask.json	8450	0	0	9	0	0	0	0	0	7	0	0	0	0	0	0	0	1	0	0	247	166	0	0	0	0	3	0	0
fsh-generated/resources/StructureDefinition-HNBaseDataAPIModel.json	1803	1	0	1	0	0	0	0	0	1	0	0	0	0	0	0	0	0	0	0	15	62	0	0	0	0	0	0	0
fsh-generated/resources/StructureDefinition-HNBaseDataModel.json	53176	0	0	18	1	0	0	0	0	9	0	0	0	0	0	0	0	0	0	0	358	159	0	0	0	0	3	0	0
fsh-generated/resources/StructureDefinition-HNBaseDataResponse.json	103824	1	0	77	0	0	0	0	0	62	0	0	1	0	0	0	0	6	0	0	3242	1390	0	0	0	0	26	1	3
fsh-generated/resources/StructureDefinition-HNBodyEvaluationsModel.json	160361	2	0	30	0	0	0	0	0	23	0	0	0	0	0	0	0	0	0	0	973	353	0	0	0	0	9	0	1
fsh-generated/resources/StructureDefinition-HNBodyEvaluationsResponse.json	263893	3	0	187	0	0	0	0	0	194	0	0	3	0	0	0	0	8	0	0	8251	4364	0	0	0	0	62	1	6
fsh-generated/resources/StructureDefinition-HNCarePlan.json	4291	0	0	7	0	0	0	0	0	7	0	0	0	0	0	0	0	0	0	0	223	173	0	0	0	0	3	0	1
fsh-generated/resources/StructureDefinition-HNCarePlanAPIModel.json	2947	0	0	2	0	0	0	0	0	2	0	0	0	0	0	0	0	1	0	0	27	68	0	0	0	0	0	0	0
fsh-generated/resources/StructureDefinition-HNCarePlanCloseAPIModel.json	1864	0	0	1	0	0	0	0	0	1	0	0	0	0	0	0	0	0	0	0	16	63	0	0	0	0	0	0	0
fsh-generated/resources/StructureDefinition-HNCarePlanCloseModel.json	6330	0	0	1	0	0	0	0	0	1	0	0	0	0	0	0	0	0	0	0	34	64	0	0	0	0	1	0	0
fsh-generated/resources/StructureDefinition-HNCarePlanCloseResponse.json	11058	0	0	8	0	0	0	0	0	9	0	0	0	0	0	0	0	0	0	0	391	187	0	0	1	0	3	0	0
fsh-generated/resources/StructureDefinition-HNCarePlanTransaction.json	2104	0	0	15	0	0	0	0	0	3	0	0	0	0	0	0	0	0	0	0	96	157	0	0	0	0	2	0	0
fsh-generated/resources/StructureDefinition-HNCareRecordAPIModel.json	1805	1	0	2	0	0	0	0	0	1	0	0	0	0	0	0	0	0	0	0	15	65	0	0	0	0	0	0	0
fsh-generated/resources/StructureDefinition-HNCareRecordModel.json	60422	0	0	12	0	0	0	0	0	10	0	0	1	0	0	0	0	1	0	0	366	157	0	0	0	0	4	0	1
fsh-generated/resources/StructureDefinition-HNCareRecordResponse.json	116085	2	0	70	0	0	0	0	1	77	0	0	1	0	0	0	0	2	0	0	3413	1460	0	0	0	0	28	1	4
fsh-generated/resources/StructureDefinition-HNCaseCloseAPIModel.json	1796	0	0	1	0	0	0	0	0	1	0	0	0	0	0	0	0	0	0	0	14	59	0	0	0	0	1	0	0
fsh-generated/resources/StructureDefinition-HNCaseCloseModel.json	5165	0	0	1	0	0	0	0	0	2	0	0	0	0	0	0	0	0	0	0	33	65	0	0	0	0	0	0	0
fsh-generated/resources/StructureDefinition-HNCaseCloseResponse.json	9789	8	0	8	0	0	0	0	0	7	0	0	0	0	0	0	0	1	0	0	339	178	0	0	0	0	4	0	0
fsh-generated/resources/StructureDefinition-HNCaseDescAPIModel.json	1785	1	0	9	0	0	0	0	0	1	0	0	0	0	0	0	0	0	0	0	15	58	0	0	0	0	0	0	0
fsh-generated/resources/StructureDefinition-HNCaseDescModel.json	6671	0	0	2	0	0	0	0	0	1	0	0	0	0	0	0	0	0	0	0	41	69	0	0	0	0	1	0	0
fsh-generated/resources/StructureDefinition-HNCaseDescResponse.json	13071	0	0	9	0	0	0	0	0	9	0	0	0	0	0	0	0	0	0	0	436	218	0	0	0	0	4	0	1
fsh-generated/resources/StructureDefinition-HNCaseSummaryAPIModel.json	1814	0	0	1	0	0	0	0	0	1	0	0	0	0	0	0	0	0	0	0	15	59	0	0	0	0	0	0	0
fsh-generated/resources/StructureDefinition-HNCaseSummaryModel.json	5922	0	0	1	0	0	0	0	0	1	0	0	0	0	0	0	0	0	0	0	37	66	0	0	0	0	1	0	0
fsh-generated/resources/StructureDefinition-HNCaseSummaryResponse.json	10441	1	0	9	0	0	0	0	0	8	0	0	0	0	0	0	0	1	0	0	386	183	0	0	0	0	3	0	0
fsh-generated/resources/StructureDefinition-HNCommunication.json	3078	0	0	2	0	0	0	0	0	2	0	0	0	0	0	0	0	0	0	0	83	83	0	0	0	0	2	0	0
fsh-generated/resources/StructureDefinition-HNDementiasModel.json	20743	0	0	7	0	0	0	0	0	4	0	0	0	0	0	0	0	0	0	0	163	102	0	0	0	0	1	0	1
fsh-generated/resources/StructureDefinition-HNDementiasResponse.json	35732	0	0	28	0	0	0	0	0	23	0	0	1	0	0	0	0	1	0	0	1241	491	0	0	0	0	11	0	1
fsh-generated/resources/StructureDefinition-HNDrugSafetiesModel.json	21477	1	0	5	0	0	0	0	0	5	0	0	0	0	0	0	0	1	0	0	144	94	0	0	0	0	1	1	0
fsh-generated/resources/StructureDefinition-HNDrugSafetiesResponse.json	38031	0	0	26	0	0	0	0	0	24	0	0	0	0	0	0	0	1	0	0	1220	568	0	0	0	0	11	0	1
fsh-generated/resources/StructureDefinition-HNEpisodeOfCare.json	2717	0	0	3	0	0	0	0	0	2	0	0	0	0	0	0	0	0	0	0	84	97	0	0	0	0	1	0	0
fsh-generated/resources/StructureDefinition-HNEvaluationAPIModel.json	7619	0	0	2	0	0	0	0	0	2	0	0	0	0	0	0	0	0	0	0	58	73	0	0	0	0	1	0	0
fsh-generated/resources/StructureDefinition-HNEvaluationsModel.json	6304	0	0	1	0	0	0	0	0	1	0	0	0	0	0	0	0	0	0	0	32	125	0	0	0	0	0	0	0
fsh-generated/resources/StructureDefinition-HNEvaluationsResponse.json	11162	1	0	6	0	0	0	0	0	8	0	0	0	0	0	0	0	0	0	0	383	187	0	0	0	0	4	0	1
fsh-generated/resources/StructureDefinition-HNFallRisksModel.json	26522	0	0	6	0	0	0	0	0	4	0	0	0	0	0	0	0	1	0	0	168	106	0	0	0	0	2	0	0
fsh-generated/resources/StructureDefinition-HNFallRisksResponse.json	47317	1	0	34	0	0	0	0	0	28	0	0	1	0	0	0	0	1	0	0	1490	608	0	0	0	0	12	0	1
fsh-generated/resources/StructureDefinition-HNGeriatricDepressionScalesModel.json	12899	0	0	5	0	0	0	0	0	2	0	0	0	0	0	0	0	0	0	0	94	80	0	0	0	0	1	0	0
fsh-generated/resources/StructureDefinition-HNGeriatricDepressionScalesResponse.json	21038	0	0	17	0	0	0	0	0	14	0	0	0	0	0	0	0	1	0	0	732	305	0	0	0	0	7	0	1
fsh-generated/resources/StructureDefinition-HNGetLogAPIModel.json	3076	0	0	1	0	0	0	0	0	1	0	0	0	0	0	0	0	0	0	0	18	60	0	0	0	0	1	0	0
fsh-generated/resources/StructureDefinition-HNGetLogByTicketAPIModel.json	2544	0	0	1	0	0	0	0	0	0	0	0	0	0	0	0	0	0	0	0	15	60	0	0	0	0	0	0	0
fsh-generated/resources/StructureDefinition-HNGoal.json	2946	0	0	2	0	0	0	0	0	3	0	0	0	0	0	0	0	0	0	0	112	99	0	0	0	0	1	0	0
fsh-generated/resources/StructureDefinition-HNHealthyHabitsModel.json	16492	0	0	2	0	0	0	0	0	3	0	0	0	0	0	0	0	0	0	0	81	75	0	0	0	0	1	0	0
fsh-generated/resources/StructureDefinition-HNHealthyHabitsResponse.json	27634	1	0	19	0	0	0	0	0	17	0	0	0	0	0	0	0	1	0	0	845	327	0	0	1	0	8	1	1
fsh-generated/resources/StructureDefinition-HNIADLsModel.json	14784	0	0	6	0	0	0	0	0	3	0	0	0	0	0	0	0	0	0	0	123	89	0	0	0	0	1	0	0
fsh-generated/resources/StructureDefinition-HNIADLsResponse.json	26723	0	0	21	0	0	0	0	0	18	0	0	0	0	0	0	0	1	0	0	942	384	0	0	0	0	8	0	1
fsh-generated/resources/StructureDefinition-HNMNASFsModel.json	14523	1	0	5	0	0	0	0	0	3	0	0	0	0	0	0	0	0	0	0	112	88	0	0	0	0	2	0	0
fsh-generated/resources/StructureDefinition-HNMNASFsResponse.json	24515	0	0	19	0	0	0	0	0	16	0	0	1	0	0	0	0	1	0	0	863	367	0	0	0	0	7	0	1
fsh-generated/resources/StructureDefinition-HNMeasuresModel.json	7904	0	0	1	0	0	0	0	0	2	0	0	0	0	0	0	0	0	0	0	39	68	0	0	0	0	1	0	0
fsh-generated/resources/StructureDefinition-HNMeasuresResponse.json	14879	0	0	8	0	0	0	0	0	9	0	0	0	0	0	0	0	1	0	0	497	196	0	0	0	0	4	0	0
fsh-generated/resources/StructureDefinition-HNMedicalHistoriesModel.json	41910	1	0	9	0	0	0	0	0	6	0	0	0	0	0	0	0	0	0	0	263	118	0	0	0	0	3	0	0
fsh-generated/resources/StructureDefinition-HNMedicalHistoriesResponse.json	65784	0	0	47	0	0	0	0	0	37	0	0	1	0	0	0	0	2	0	0	2072	806	0	0	0	0	17	0	2
fsh-generated/resources/StructureDefinition-HNOperationOutcome.json	819	1	0	3	0	0	0	0	0	2	0	0	0	0	0	0	0	0	0	0	50	72	0	0	0	0	1	0	0
fsh-generated/resources/StructureDefinition-HNPainEvaluationsModel.json	19091	0	0	6	0	0	0	0	0	3	0	0	0	0	0	0	0	0	0	0	155	98	0	1	0	0	1	0	0
fsh-generated/resources/StructureDefinition-HNPainEvaluationsResponse.json	34209	0	0	28	0	0	0	0	0	23	0	0	0	0	0	0	0	2	0	0	1226	482	0	0	0	0	11	1	1
fsh-generated/resources/StructureDefinition-HNPatient.json	1978	0	0	18	0	0	0	0	0	9	0	0	0	0	0	0	0	1	0	0	397	298	0	0	0	0	6	0	1
fsh-generated/resources/StructureDefinition-HNPressureInjuriesModel.json	12688	1	0	5	0	0	0	0	0	2	0	0	0	0	0	0	0	0	0	0	100	84	0	0	0	0	1	0	0
fsh-generated/resources/StructureDefinition-HNPressureInjuriesResponse.json	21885	0	0	17	0	0	0	0	0	15	0	0	1	0	0	0	0	0	0	0	785	368	0	0	0	0	6	0	1
fsh-generated/resources/StructureDefinition-HNSOFsModel.json	8200	0	0	3	0	0	0	0	0	2	0	0	0	0	0	0	0	0	0	0	64	78	0	0	0	0	1	0	0
fsh-generated/resources/StructureDefinition-HNSOFsResponse.json	15685	0	0	12	0	0	0	0	0	10	0	0	0	0	0	0	0	1	0	0	540	271	0	0	0	0	5	0	0
fsh-generated/resources/StructureDefinition-HNStaffEgyAPIModel.json	1809	0	0	1	0	0	0	0	0	1	0	0	0	0	0	0	0	0	0	0	14	57	0	0	0	0	0	0	0
fsh-generated/resources/StructureDefinition-HNStaffEgyModel.json	9691	1	0	2	1	0	0	0	0	2	0	0	0	0	0	0	0	0	0	0	60	73	0	0	0	0	1	0	0
fsh-generated/resources/StructureDefinition-HNStaffEgyResponse.json	18937	0	0	16	0	0	0	0	0	12	0	0	0	0	0	0	0	1	0	0	586	221	0	0	0	0	5	0	1
fsh-generated/resources/StructureDefinition-HNTargetsModel.json	7265	0	0	1	0	0	0	0	0	1	0	0	0	0	0	0	0	0	0	0	37	64	0	0	0	0	1	0	0
fsh-generated/resources/StructureDefinition-HNTargetsResponse.json	13156	0	0	7	0	0	0	0	0	9	0	0	0	0	0	0	0	0	0	0	447	186	0	0	0	0	4	0	0
fsh-generated/resources/StructureDefinition-HNUploadAcknowledgementModel.json	2429	0	0	0	0	0	0	0	0	1	0	0	0	0	0	0	0	0	0	0	16	58	0	0	0	0	0	0	0
fsh-generated/resources/StructureDefinition-HNVitalSignAPIModel.json	1796	0	0	1	0	0	0	0	0	0	0	0	0	0	0	0	0	0	0	0	13	57	0	0	0	0	0	0	0
fsh-generated/resources/StructureDefinition-HNVitalSignModel.json	8267	1	0	1	0	0	0	0	0	2	0	0	0	0	0	0	0	0	0	0	41	65	0	0	0	0	0	0	0
fsh-generated/resources/StructureDefinition-HNVitalSignResponse.json	14247	0	0	10	0	0	0	0	0	9	0	0	0	0	0	0	0	1	0	0	529	216	0	0	0	0	5	1	1
fsh-generated/resources/StructureDefinition-HNVitalSigns.json	5156	0	0	6	0	0	0	0	0	4	0	0	0	0	0	0	0	0	0	0	178	128	0	0	0	0	2	0	0
fsh-generated/resources/StructureDefinition-HNVitalSignsBundle.json	4904	0	0	27	0	0	0	0	0	6	0	0	0	0	0	0	0	1	0	0	397	294	0	0	0	0	5	0	0
fsh-generated/resources/StructureDefinition-HNWound.json	14346	0	0	12	0	0	0	0	0	10	0	0	1	0	0	0	0	0	0	0	385	198	0	0	0	0	4	0	1
fsh-generated/resources/StructureDefinition-LTC-Bundle-Payload.json	2512	0	0	14	0	0	0	0	0	2	0	0	0	0	0	0	0	0	0	0	98	186	0	0	0	0	2	0	0
fsh-generated/resources/StructureDefinition-LTC-CarePlan-CS100.json	2149	1	0	7	0	0	0	0	0	3	0	0	0	0	0	0	0	0	0	0	121	104	0	0	0	0	1	0	0
fsh-generated/resources/StructureDefinition-LTC-CarePlan-Payload.json	3238	0	0	0	0	0	0	0	0	3	0	0	0	0	0	0	0	0	0	0	130	105	0	0	1	0	2	0	0
fsh-generated/resources/StructureDefinition-LTC-Claim-Export.json	4182	0	0	11	0	0	0	0	0	5	0	0	0	0	0	0	0	1	0	0	291	157	0	0	0	0	4	0	0
fsh-generated/resources/StructureDefinition-LTC-ClaimResponse-Export.json	2670	0	0	9	0	0	0	0	0	5	0	0	0	0	0	0	0	0	0	0	219	145	0	0	0	0	2	0	1
fsh-generated/resources/StructureDefinition-LTC-Communication-ServiceA.json	1955	0	0	0	0	0	0	0	0	1	0	0	0	0	0	0	0	0	0	0	68	77	0	0	0	0	1	0	0
fsh-generated/resources/StructureDefinition-LTC-Composition-CS100.json	8702	0	0	8	0	0	0	0	0	8	0	0	0	0	0	0	0	0	0	0	321	190	0	0	0	0	4	0	0
fsh-generated/resources/StructureDefinition-LTC-CoverageEligibilityResponse.json	3050	0	0	3	0	0	0	0	0	3	0	0	0	0	0	0	0	1	0	0	113	94	0	0	0	0	1	0	0
fsh-generated/resources/StructureDefinition-LTC-EpisodeOfCare-CS100.json	3447	1	0	3	0	0	0	0	0	2	0	0	0	0	0	0	0	0	0	0	89	87	0	0	0	0	1	0	0
fsh-generated/resources/StructureDefinition-LTC-EpisodeOfCare-Payload.json	2314	0	0	2	0	0	0	0	0	2	0	0	0	0	0	0	0	0	0	0	85	85	0	0	0	0	1	1	0
fsh-generated/resources/StructureDefinition-LTC-Observation-Assessment-CS100.json	1503	0	0	5	0	0	0	0	0	2	0	0	0	0	0	0	0	0	0	0	109	98	0	0	0	0	2	0	1
fsh-generated/resources/StructureDefinition-LTC-Observation-Assessment-Payload.json	6620	0	0	4	0	0	0	0	0	30	0	0	0	0	0	0	0	0	0	0	304	138	0	0	0	0	3	0	0
fsh-generated/resources/StructureDefinition-LTC-OperationOutcome-Check.json	1839	0	0	2	0	0	0	0	0	2	0	0	0	0	0	0	0	0	0	0	50	70	0	0	0	0	1	0	0
fsh-generated/resources/StructureDefinition-LTCAdverseEventModel.json	12530	0	0	5	0	0	0	0	0	2	0	0	0	0	0	0	0	0	0	0	108	96	0	0	0	0	1	0	0
fsh-generated/resources/StructureDefinition-LTCBundleCMS.json	11743	0	0	59	0	0	0	0	1	13	0	0	0	0	0	0	0	2	0	0	819	657	0	0	0	0	9	0	1
fsh-generated/resources/StructureDefinition-LTCBundleFeeApply.json	6698	1	0	25	0	0	0	0	0	7	0	0	0	0	0	0	0	0	0	0	324	275	0	0	0	0	5	0	0
fsh-generated/resources/StructureDefinition-LTCBundleFeeAuditResponse.json	3387	0	0	12	0	0	0	0	0	3	0	0	1	0	0	0	0	0	0	0	172	139	0	0	0	0	2	0	0
fsh-generated/resources/StructureDefinition-LTCBundleFeeAuditStatus.json	3426	0	0	9	0	0	0	0	0	3	0	0	0	0	0	0	0	0	0	0	175	147	0	0	0	0	2	0	0
fsh-generated/resources/StructureDefinition-LTCBundleReferral.json	13751	0	0	46	0	0	0	0	0	15	0	0	0	0	0	0	0	2	0	0	982	356	0	0	0	0	11	0	1
fsh-generated/resources/StructureDefinition-LTCCDRAssessmentModel.json	9718	0	0	5	0	0	0	0	0	3	0	0	0	0	0	0	0	0	0	0	101	84	0	0	0	0	2	0	0
fsh-generated/resources/StructureDefinition-LTCCMSModel.json	28546	1	0	8	0	0	0	0	0	7	0	0	0	0	0	0	0	0	0	0	294	135	0	0	0	0	2	0	1
fsh-generated/resources/StructureDefinition-LTCCarePlan.json	10328	0	0	1	0	0	0	0	0	5	0	0	0	0	0	0	0	0	0	0	269	145	0	0	0	0	3	0	0
fsh-generated/resources/StructureDefinition-LTCCarePlanReferral.json	1130	0	0	4	0	0	0	0	0	3	0	0	0	0	0	0	0	1	0	0	210	139	0	0	0	0	2	0	0
fsh-generated/resources/StructureDefinition-LTCCareTeam.json	2896	0	0	2	0	0	0	0	0	1	0	0	1	0	0	0	0	0	0	0	84	87	0	0	0	0	2	0	0
fsh-generated/resources/StructureDefinition-LTCClaimFeeApply.json	46189	0	0	19	0	0	0	0	0	27	0	0	0	0	0	0	0	1	0	0	1095	482	0	0	1	0	10	1	1
fsh-generated/resources/StructureDefinition-LTCClaimResponseFeeAudit.json	19323	1	0	7	0	0	0	0	0	9	0	0	0	0	0	0	0	0	0	0	384	193	0	0	0	0	5	0	1
fsh-generated/resources/StructureDefinition-LTCCompositionBase.json	773	0	0	1	0	0	0	0	0	1	0	0	0	0	0	0	0	0	0	0	88	109	0	0	0	0	1	0	0
fsh-generated/resources/StructureDefinition-LTCCompositionCMS.json	16450	0	0	11	0	0	0	0	0	10	0	0	0	0	0	0	0	1	0	0	528	243	0	0	0	0	5	0	0
fsh-generated/resources/StructureDefinition-LTCCompositionReferral.json	17332	0	0	12	0	0	0	0	0	11	0	0	0	0	0	0	0	1	0	0	555	241	0	0	0	0	6	0	1
fsh-generated/resources/StructureDefinition-LTCCondition.json	2972	0	0	0	0	0	0	0	0	3	0	0	0	0	0	0	0	0	0	0	122	118	0	0	0	0	2	0	0
fsh-generated/resources/StructureDefinition-LTCConditionCaregiver.json	1745	1	0	3	0	0	0	0	0	2	0	0	0	0	0	0	0	0	0	0	93	106	0	0	0	0	1	0	0
fsh-generated/resources/StructureDefinition-LTCConditionCrush.json	1748	0	0	2	1	0	0	0	0	2	0	0	0	0	0	0	0	0	0	0	93	109	0	0	0	0	2	0	1
fsh-generated/resources/StructureDefinition-LTCConditionDisability.json	1520	0	0	3	0	0	0	0	0	2	0	0	0	0	0	0	0	0	0	0	123	118	0	0	0	0	2	0	0
fsh-generated/resources/StructureDefinition-LTCConditionDisabilityType.json	1768	0	0	3	0	0	0	0	0	3	0	0	0	0	0	0	0	1	0	0	127	122	0	0	0	0	1	0	0
fsh-generated/resources/StructureDefinition-LTCConditionNeed.json	1461	0	0	3	0	0	0	0	0	2	0	0	0	0	0	0	0	0	0	0	147	125	0	0	0	0	2	0	0
fsh-generated/resources/StructureDefinition-LTCConditionProblem.json	1144	0	0	3	0	0	0	0	0	3	0	0	0	0	0	0	0	0	0	0	128	121	0	0	0	0	2	0	0
fsh-generated/resources/StructureDefinition-LTCConditionResidence.json	1510	0	0	2	0	0	0	0	0	1	0	0	0	0	0	0	0	0	0	0	92	113	0	0	0	0	1	0	0
fsh-generated/resources/StructureDefinition-LTCConditionTube.json	1776	0	0	2	0	0	0	0	0	2	0	0	0	0	0	0	0	0	0	0	97	123	0	0	0	0	2	0	1
fsh-generated/resources/StructureDefinition-LTCEpisodeOfCareBase.json	1693	0	0	0	0	0	0	0	0	2	0	0	0	0	0	0	0	0	0	0	70	85	0	0	0	0	1	0	0
fsh-generated/resources/StructureDefinition-LTCFeeApplyModel.json	48809	1	0	5	0	0	0	0	0	4	0	0	0	0	0	0	0	1	0	0	201	130	0	0	0	0	2	0	0
fsh-generated/resources/StructureDefinition-LTCFeeAuditDetailModel.json	39123	0	0	5	0	0	0	0	0	5	0	0	0	0	0	0	0	0	0	0	193	119	0	0	0	0	2	1	0
fsh-generated/resources/StructureDefinition-LTCFeeAuditStatusModel.json	38748	1	0	8	0	0	0	0	0	6	0	0	0	0	0	0	0	0	0	0	241	148	0	0	0	0	2	0	0
fsh-generated/resources/StructureDefinition-LTCGoal.json	4178	0	0	0	0	0	0	0	0	3	0	0	0	0	0	0	0	0	0	0	121	108	0	0	0	0	2	0	0
fsh-generated/resources/StructureDefinition-LTCLocationFeeAuditPlace.json	3243	0	0	4	0	0	0	0	0	3	0	0	0	0	0	0	0	0	0	0	144	127	0	0	0	0	2	0	0
fsh-generated/resources/StructureDefinition-LTCLocationModel.json	7451	0	0	3	0	0	0	0	0	2	0	0	0	0	0	0	0	0	0	0	66	75	0	0	0	0	1	0	0
fsh-generated/resources/StructureDefinition-LTCMMSEAssessmentModel.json	17340	0	0	6	0	0	0	0	0	4	0	0	0	0	0	0	0	1	0	0	173	104	0	0	0	0	1	0	1
fsh-generated/resources/StructureDefinition-LTCMedicationAdministration.json	4427	0	0	4	0	0	0	0	0	2	0	0	0	0	0	0	0	0	0	0	103	94	0	0	0	0	2	0	0
fsh-generated/resources/StructureDefinition-LTCObservationAssessmentBase.json	1808	0	0	0	0	0	0	0	0	2	0	0	0	0	0	0	0	0	0	0	112	102	0	0	0	0	1	0	0
fsh-generated/resources/StructureDefinition-LTCObservationFallingHistory.json	3658	1	0	12	0	0	0	0	0	3	0	0	0	0	0	0	0	0	0	0	140	112	0	0	0	0	2	0	0
fsh-generated/resources/StructureDefinition-LTCObservationVitalSigns.json	1112	0	0	5	0	0	0	0	0	3	0	0	0	0	0	0	0	0	0	0	114	120	0	0	0	0	2	0	0
fsh-generated/resources/StructureDefinition-LTCObservationVitalSignsPanel.json	3684	0	0	5	0	0	0	0	0	3	0	0	1	0	0	0	0	0	0	0	169	143	0	0	0	0	2	0	0
fsh-generated/resources/StructureDefinition-LTCOperationOutcomeFeeAudit.json	5164	0	0	1	0	0	0	0	0	2	0	0	0	0	0	0	0	0	0	0	77	86	0	0	0	0	1	0	0
fsh-generated/resources/StructureDefinition-LTCPatient.json	7033	0	0	2	0	0	0	0	0	10	0	0	0	0	0	0	0	1	0	0	469	305	0	0	0	0	7	0	1
fsh-generated/resources/StructureDefinition-LTCPatientCMS.json	1840	0	0	11	0	0	0	0	0	8	0	0	0	0	0	0	0	1	0	0	406	281	0	0	0	0	5	0	1
fsh-generated/resources/StructureDefinition-LTCPatientReferral.json	1430	0	0	13	0	0	0	0	0	9	0	0	0	0	0	0	0	1	0	0	425	289	0	0	0	0	8	0	1
fsh-generated/resources/StructureDefinition-LTCPractitioner.json	1161	0	0	5	0	0	0	0	0	3	0	0	0	0	0	0	0	0	0	0	154	139	0	0	0	0	2	1	0
fsh-generated/resources/StructureDefinition-LTCPractitionerRole.json	2669	0	0	4	0	0	0	0	0	3	0	0	0	0	0	0	0	0	0	0	132	114	0	0	1	0	2	0	0
fsh-generated/resources/StructureDefinition-LTCProcedureCareActivity.json	5063	1	0	1	0	0	0	0	0	3	0	0	0	0	0	0	0	1	0	0	152	137	0	0	0	0	2	0	1
fsh-generated/resources/StructureDefinition-LTCQuestionnaire.json	4770	0	0	5	0	0	0	0	0	4	0	0	0	0	0	0	0	0	0	0	152	113	0	0	0	0	2	0	0
fsh-generated/resources/StructureDefinition-LTCQuestionnaireResponse.json	5506	0	0	0	0	0	0	0	0	3	0	0	0	0	0	0	0	0	0	0	130	98	0	0	0	0	2	0	0
fsh-generated/resources/StructureDefinition-LTCQuestionnaireResponseAA01.json	3320	0	0	3	0	0	0	0	0	3	0	0	0	0	0	0	0	0	0	0	116	99	0	0	0	0	1	0	0
fsh-generated/resources/StructureDefinition-LTCQuestionnaireResponseAA02.json	2905	0	0	2	0	0	0	0	0	2	0	0	0	0	0	0	0	0	0	0	119	97	0	0	0	0	2	0	0
fsh-generated/resources/StructureDefinition-LTCQuestionnaireResponseAA12.json	3070	0	0	3	0	0	0	0	0	3	0	0	0	0	0	0	0	0	0	0	119	98	0	0	0	0	1	0	0
fsh-generated/resources/StructureDefinition-LTCQuestionnaireResponseADL.json	13532	0	0	6	0	0	0	0	0	8	0	0	0	0	0	0	0	1	0	0	436	177	0	0	0	0	4	0	1
fsh-generated/resources/StructureDefinition-LTCQuestionnaireResponseCDR.json	5522	1	0	4	0	0	0	0	0	3	0	0	0	0	0	0	0	0	0	0	130	99	0	0	0	0	2	0	0
fsh-generated/resources/StructureDefinition-LTCQuestionnaireResponseCMSCaregiverLoad.json	2004	0	0	1	0	0	0	0	0	2	0	0	0	0	0	0	0	0	0	0	103	89	0	0	0	0	1	0	0
fsh-generated/resources/StructureDefinition-LTCQuestionnaireResponseCMSCaregiverSupport.json	16822	0	0	8	0	0	0	0	0	10	0	0	0	0	0	0	0	1	0	0	503	197	0	0	0	0	5	0	0
fsh-generated/resources/StructureDefinition-LTCQuestionnaireResponseCMSCommunication.json	8733	0	0	4	0	0	0	0	0	5	0	0	0	0	0	0	0	0	0	0	284	139	0	0	0	0	2	0	1
fsh-generated/resources/StructureDefinition-LTCQuestionnaireResponseCMSMemory.json	7302	0	0	4	0	0	0	0	0	4	0	0	0	0	0	0	0	0	0	0	251	163	0	0	0	0	3	0	0
fsh-generated/resources/StructureDefinition-LTCQuestionnaireResponseCMSMental.json	19583	0	0	9	0	0	0	0	0	10	0	0	0	0	0	0	0	1	0	0	541	217	0	0	0	0	5	0	1
fsh-generated/resources/StructureDefinition-LTCQuestionnaireResponseCMSSociety.json	15373	1	0	7	0	0	0	0	0	9	0	0	0	0	0	0	0	0	0	0	443	207	0	0	0	0	4	0	0
fsh-generated/resources/StructureDefinition-LTCQuestionnaireResponseCMSSpecialCare.json	40453	0	0	15	0	0	0	0	0	19	0	0	1	0	0	0	0	1	0	0	1038	387	0	0	0	0	8	1	1
fsh-generated/resources/StructureDefinition-LTCQuestionnaireResponseIADL.json	10272	0	0	6	0	0	0	0	0	6	0	0	0	0	0	0	0	1	0	0	349	168	0	0	0	0	4	0	0
fsh-generated/resources/StructureDefinition-LTCQuestionnaireResponseMMSE.json	5526	1	0	4	0	0	0	0	0	3	0	0	0	0	0	0	0	0	0	0	129	101	0	0	0	0	1	0	1
fsh-generated/resources/StructureDefinition-LTCQuestionnaireResponseReferralCaregiver.json	2002	0	0	2	0	0	0	0	0	1	0	0	0	0	0	0	0	0	0	0	106	96	0	0	0	0	2	0	0
fsh-generated/resources/StructureDefinition-LTCQuestionnaireResponseReferralSOF.json	1484	0	0	2	1	0	0	0	0	2	0	0	0	0	0	0	0	0	0	0	104	97	0	0	0	0	1	0	0
fsh-generated/resources/StructureDefinition-LTCRelatedPerson.json	3855	0	0	3	0	0	0	0	0	2	0	0	0	0	0	0	0	0	0	0	121	102	0	0	0	0	2	0	0
fsh-generated/resources/StructureDefinition-LTCRferralModel.json	38423	0	0	11	0	0	0	0	0	9	0	0	0	0	0	0	0	0	0	0	399	155	0	0	0	0	3	0	0
fsh-generated/resources/StructureDefinition-LTCServiceRequest.json	3972	0	0	1	0	0	0	0	0	3	0	0	0	0	0	0	0	1	0	0	126	113	0	0	0	0	2	0	0
fsh-generated/resources/StructureDefinition-LTCTask.json	4209	1	0	0	0	0	0	0	0	3	0	0	0	0	0	0	0	0	0	0	111	110	0	0	0	0	1	0	0
fsh-generated/resources/StructureDefinition-LTCTaskFeeAudit.json	16518	0	0	7	0	0	0	0	0	8	0	0	0	0	0	0	0	0	0	0	403	201	0	0	0	0	5	0	1
fsh-generated/resources/StructureDefinition-Location-twltc.json	4071	0	0	6	0	0	0	0	0	4	0	0	0	0	0	0	0	0	0	0	186	131	0	0	0	0	2	0	0
fsh-generated/resources/StructureDefinition-Organization-twltc.json	2127	0	0	4	0	0	0	0	0	3	0	0	0	0	0	0	0	1	0	0	134	121	0	0	0	0	2	0	0
fsh-generated/resources/StructureDefinition-PASportCarePlan.json	5990	0	0	41	0	0	0	0	0	4	0	0	0	0	0	0	0	0	0	0	203	120	0	0	0	0	3	0	1
fsh-generated/resources/StructureDefinition-PASportConditionExerciseHistory.json	1810	0	0	4	0	0	0	0	0	3	0	0	0	0	0	0	0	0	0	0	144	125	0	0	0	0	2	0	0
fsh-generated/resources/StructureDefinition-PASportConditionMedicalHistory.json	1363	0	0	3	0	0	0	0	0	2	0	0	0	0	0	0	0	0	0	0	133	119	0	0	0	0	1	0	0
fsh-generated/resources/StructureDefinition-PASportGoal.json	5474	1	0	4	0	0	0	0	0	4	0	0	0	0	0	0	0	0	0	0	180	113	0	0	0	0	3	0	0
fsh-generated/resources/StructureDefinition-PASportObservationBasalMetabolicRate.json	5921	0	0	4	0	0	0	0	0	5	0	0	0	0	0	0	0	1	0	0	208	130	0	0	0	0	3	0	1
fsh-generated/resources/StructureDefinition-PASportObservationBloodPressure.json	836	0	0	4	0	0	0	0	0	3	0	0	0	0	0	0	0	0	0	0	223	136	0	0	1	0	3	1	0
fsh-generated/resources/StructureDefinition-PASportObservationBodyAge.json	5288	0	0	5	0	0	0	0	0	4	0	0	0	0	0	0	0	0	0	0	212	124	0	0	0	0	3	0	0
fsh-generated/resources/StructureDefinition-PASportObservationBodyBoneMass.json	5879	0	0	5	0	0	0	0	0	4	0	0	0	0	0	0	0	1	0	0	207	131	0	0	0	0	2	0	0
fsh-generated/resources/StructureDefinition-PASportObservationBodyFatMass.json	5887	1	0	4	0	0	0	0	0	4	0	0	0	0	0	0	0	0	0	0	207	125	0	0	0	0	3	0	1
fsh-generated/resources/StructureDefinition-PASportObservationBodyFatPercentage.json	5900	0	0	4	0	0	0	0	0	4	0	0	0	0	0	0	0	0	0	0	206	123	0	0	0	0	3	0	0
fsh-generated/resources/StructureDefinition-PASportObservationBodyMassIndex.json	801	0	0	4	0	0	0	0	0	2	0	0	0	0	0	0	0	0	0	0	139	112	0	0	0	0	2	0	0
fsh-generated/resources/StructureDefinition-PASportObservationBodyTemperature.json	4586	0	0	3	0	0	0	0	0	3	0	0	1	0	0	0	0	1	0	0	182	119	0	0	0	0	3	0	0
fsh-generated/resources/StructureDefinition-PASportObservationCellMass.json	5890	0	0	4	0	0	0	0	0	4	0	0	0	0	0	0	0	0	0	0	208	124	0	0	0	0	3	0	1
fsh-generated/resources/StructureDefinition-PASportObservationExtracellularWater.json	5935	0	0	5	0	0	0	0	0	4	0	0	0	0	0	0	0	0	0	0	208	125	0	0	0	0	3	0	0
fsh-generated/resources/StructureDefinition-PASportObservationExtracellularWaterRatio.json	5337	0	0	4	0	0	0	0	0	3	0	0	0	0	0	0	0	0	0	0	200	124	0	0	0	0	3	0	0
fsh-generated/resources/StructureDefinition-PASportObservationFatFreeMass.json	5877	1	0	5	0	0	0	0	0	4	0	0	0	0	0	0	0	0	0	0	205	124	0	0	0	0	2	0	1
fsh-generated/resources/StructureDefinition-PASportObservationGaitCycle.json	10094	0	0	6	0	0	0	0	0	7	0	0	0	0	0	0	0	0	0	0	335	167	0	0	0	0	5	0	0
fsh-generated/resources/StructureDefinition-PASportObservationGaitType.json	14021	0	0	9	0	0	0	0	0	8	0	0	0	0	0	0	0	1	0	0	418	192	0	0	0	0	6	0	0
fsh-generated/resources/StructureDefinition-PASportObservationGlucose.json	5857	0	0	3	0	0	0	0	0	5	0	0	0	0	0	0	0	0	0	0	206	117	0	0	0	0	3	0	0
fsh-generated/resources/StructureDefinition-PASportObservationHeartRate.json	4562	1	0	3	0	0	0	0	0	3	0	0	0	0	0	0	0	0	0	0	178	119	0	0	0	0	2	0	0
fsh-generated/resources/StructureDefinition-PASportObservationHeartRateVariability.json	5947	0	0	4	0	0	0	0	0	4	0	0	0	0	0	0	0	0	0	0	208	126	0	0	0	0	3	0	0
fsh-generated/resources/StructureDefinition-PASportObservationHeight.json	4554	0	0	4	0	0	0	0	0	4	0	0	0	0	0	0	0	0	0	0	177	133	0	0	0	0	2	0	1
fsh-generated/resources/StructureDefinition-PASportObservationIntracellularWater.json	5935	0	0	5	0	0	0	0	0	4	0	0	0	0	0	0	0	0	0	0	206	138	0	0	0	0	3	1	0
fsh-generated/resources/StructureDefinition-PASportObservationMeanHeartRate.json	5879	0	0	4	0	0	0	0	0	4	0	0	0	0	0	0	0	0	0	0	210	127	0	0	0	0	3	0	0
fsh-generated/resources/StructureDefinition-PASportObservationMineral.json	5894	0	0	5	0	0	0	0	0	4	0	0	0	0	0	0	0	1	0	0	208	125	0	0	0	0	3	0	0
fsh-generated/resources/StructureDefinition-PASportObservationObesityDegree.json	5905	0	0	4	0	0	0	0	1	4	0	0	0	0	0	0	0	0	0	0	207	126	0	0	0	0	3	0	0
fsh-generated/resources/StructureDefinition-PASportObservationPeripheralOxygenSaturation.json	4683	1	0	3	0	0	0	0	0	3	0	0	0	0	0	0	0	0	0	0	178	118	0	0	0	0	3	0	0
fsh-generated/resources/StructureDefinition-PASportObservationProtein.json	5894	0	0	4	0	0	0	0	0	4	0	0	0	0	0	0	0	0	0	0	202	124	0	0	0	0	4	0	0
fsh-generated/resources/StructureDefinition-PASportObservationRespiratoryRate.json	4604	0	0	3	0	0	0	0	0	4	0	0	0	0	0	0	0	0	0	0	184	119	0	0	0	0	2	0	1
fsh-generated/resources/StructureDefinition-PASportObservationRestingHeartRate.json	7339	0	0	5	0	0	0	0	0	5	0	0	0	0	0	0	0	0	0	0	228	140	0	0	1	0	4	0	0
fsh-generated/resources/StructureDefinition-PASportObservationSkeletalMuscleMass.json	5923	0	0	5	0	0	0	0	0	4	0	0	0	0	0	0	0	0	0	0	207	124	0	0	0	0	3	0	0
fsh-generated/resources/StructureDefinition-PASportObservationSkeletalMuscleMassIndex.json	5965	0	0	5	0	0	0	0	0	4	0	0	0	0	0	0	0	1	0	0	214	126	0	0	0	0	3	0	0
fsh-generated/resources/StructureDefinition-PASportObservationSoftLeanMass.json	5893	0	0	4	0	0	0	0	0	4	0	0	0	0	0	0	0	0	0	0	204	124	0	0	0	0	2	0	0
fsh-generated/resources/StructureDefinition-PASportObservationTotalBodyWater.json	5895	1	0	5	0	0	0	0	0	4	0	0	0	0	0	0	0	0	0	0	211	125	0	0	0	0	3	0	0
fsh-generated/resources/StructureDefinition-PASportObservationTreadmill.json	23589	0	0	13	0	0	0	0	0	42	0	0	0	0	0	0	0	0	0	0	713	307	0	0	0	0	9	0	1
fsh-generated/resources/StructureDefinition-PASportObservationVisceralFatArea.json	5920	0	0	5	0	0	0	0	0	6	0	0	0	0	0	0	0	0	0	0	208	138	0	0	0	0	4	0	0
fsh-generated/resources/StructureDefinition-PASportObservationVisceralFatIndex.json	5335	0	0	5	0	0	0	0	0	4	0	0	0	0	0	0	0	0	0	0	198	136	0	0	0	0	2	0	0
fsh-generated/resources/StructureDefinition-PASportObservationWaist.json	5672	0	0	5	0	0	0	0	0	4	0	0	0	0	0	0	0	0	0	0	204	137	0	0	0	0	3	0	0
fsh-generated/resources/StructureDefinition-PASportObservationWaistHipRate.json	5299	1	0	5	0	0	0	0	0	4	0	0	0	0	0	0	0	0	0	0	195	125	0	0	0	0	3	0	0
fsh-generated/resources/StructureDefinition-PASportObservationWeight.json	4555	0	0	6	0	0	0	0	0	3	0	0	1	0	0	0	0	1	0	0	176	131	0	0	0	0	3	0	0
fsh-generated/resources/StructureDefinition-PASportObservationWeightTraining.json	12239	0	0	8	0	0	0	0	0	8	0	0	0	0	0	0	0	0	0	0	390	178	0	0	0	0	5	0	1
fsh-generated/resources/StructureDefinition-PASportServiceRequest.json	4848	0	0	4	0	0	0	0	0	3	0	0	0	0	0	0	0	0	0	0	165	124	0	0	0	0	2	1	0
fsh-generated/resources/StructureDefinition-cdr-total-score.json	1497	0	0	1	0	0	0	0	0	1	0	0	0	0	0	0	0	0	0	0	28	64	0	0	0	0	1	0	0
fsh-generated/resources/StructureDefinition-mmse-total-score.json	1675	0	0	1	1	0	0	0	0	1	0	0	0	0	0	0	0	0	0	0	32	62	0	0	0	0	0	0	0
fsh-generated/resources/Task-hah-task.json	1178	1	0	0	0	0	0	0	0	1	0	0	0	0	0	0	0	0	0	0	7	5	0	0	0	0	0	0	0
fsh-generated/resources/Task-hn-getlog-task-example.json	677	0	0	0	0	0	0	0	0	0	0	0	0	0	0	0	0	0	0	0	3	4	1	0	0	0	0	0	0
fsh-generated/resources/Task-hn-ticket-task-example.json	681	0	0	0	0	0	0	0	0	1	0	0	0	0	0	0	0	0	0	0	4	4	0	0	0	0	0	0	0
fsh-generated/resources/Task-hn-upload-task-example.json	2021	0	0	0	0	0	0	0	0	0	0	0	0	0	0	0	0	0	0	0	7	5	0	0	0	0	0	0	0
fsh-generated/resources/Task-ltc-task-cancel-example.json	1247	0	0	0	0	0	0	0	0	1	0	0	0	0	0	0	0	0	0	0	5	4	0	0	0	0	0	0	0
fsh-generated/resources/Task-ltc-task-cancel-result-response-example.json	1320	0	0	0	0	0	0	0	0	0	0	0	0	0	0	0	0	0	0	0	5	4	0	0	0	0	0	0	0
fsh-generated/resources/Task-ltc-task-completion-notice-city2-example.json	1379	0	0	0	0	0	0	0	0	0	0	0	0	0	0	0	0	0	0	0	6	4	0	0	0	0	0	0	0
fsh-generated/resources/Task-ltc-task-completion-notice-example.json	1373	0	0	0	0	0	0	0	0	1	0	0	0	0	0	0	0	0	0	0	6	5	0	0	0	0	0	0	0
fsh-generated/resources/Task-ltc-task-feeapply-example.json	1974	1	0	0	0	0	0	0	0	0	0	0	0	0	0	0	0	0	0	0	8	4	0	0	0	0	0	0	0
fsh-generated/resources/Task-ltc-task-objdel-example.json	2810	0	0	0	0	0	0	0	0	0	0	0	0	0	0	0	0	0	0	0	15	6	0	0	0	0	0	0	0
fsh-generated/resources/Task-ltc-task-referral-acceptance-example.json	707	0	0	0	0	0	0	0	0	0	0	0	0	0	0	0	0	0	0	0	3	4	0	0	0	0	0	0	0
fsh-generated/resources/ValueSet-AddressUseVS-TWLTC.json	640	0	0	0	0	0	0	0	0	14	0	0	0	0	0	0	0	0	0	0	3	111	0	0	0	0	0	0	0
fsh-generated/resources/ValueSet-ConditionDisabilityTypeVS-TWLTC.json	771	0	0	0	0	0	0	0	0	1	0	0	0	0	0	0	0	0	0	0	3	30	0	0	0	0	0	0	0
fsh-generated/resources/ValueSet-ConditionDisabilityVS-TWLTC.json	673	0	0	0	0	0	0	0	0	0	0	0	0	0	0	0	0	0	0	0	2	24	0	0	0	0	0	0	0
fsh-generated/resources/ValueSet-ConditionSeverityVS-TWLTC.json	962	0	0	0	0	0	0	0	0	1	0	0	0	0	0	0	0	0	0	0	4	22	0	0	0	0	0	0	0
fsh-generated/resources/ValueSet-EconomyStatusVS-TWLTC.json	683	0	0	0	0	0	0	0	0	1	0	0	0	0	0	0	0	0	0	0	2	17	0	0	0	0	0	0	0
fsh-generated/resources/ValueSet-EducationStatusVS-TWLTC.json	649	0	0	0	0	0	0	0	0	0	0	0	0	0	0	0	0	0	0	0	2	16	0	0	0	0	0	0	0
fsh-generated/resources/ValueSet-ExerciseHistoryVS-Sport.json	1154	0	0	0	0	0	0	0	0	0	0	0	0	0	0	0	0	0	0	0	4	14	0	0	0	0	1	0	0
fsh-generated/resources/ValueSet-FallHistoryResultVS-TWLTC.json	828	1	0	0	0	0	0	0	0	1	0	0	0	0	0	0	0	0	0	0	2	20	0	0	0	0	0	0	0
fsh-generated/resources/ValueSet-GaitCycleVS-Sport.json	888	0	0	0	0	0	0	0	0	0	0	0	0	0	0	0	0	0	0	0	3	19	0	0	0	0	0	0	0
fsh-generated/resources/ValueSet-GaitTypeVS-Sport.json	1066	0	0	0	0	0	0	0	0	0	0	0	0	0	0	0	0	0	0	0	3	13	0	0	0	0	0	0	0
fsh-generated/resources/ValueSet-GoalDescriptionVS-TWLTC.json	2448	0	0	0	0	0	0	0	0	1	0	0	0	0	0	0	0	0	0	0	6	13	0	0	0	0	0	0	0
fsh-generated/resources/ValueSet-ICD-10-PCS-2023-TW-F-VS.json	1081	0	0	0	0	0	0	0	0	0	0	0	0	0	0	0	0	0	0	0	2	54	0	0	0	0	0	0	0
fsh-generated/resources/ValueSet-PatientIdentityVS-TWLTC.json	628	0	0	0	0	0	1	0	0	0	0	0	0	0	0	0	0	0	0	0	3	14	0	0	0	0	0	0	0
fsh-generated/resources/ValueSet-ReferralCarePlanVS-TWLTC.json	655	0	0	0	0	0	0	0	0	0	0	0	0	0	0	0	0	0	0	0	2	13	0	0	0	0	0	0	0
fsh-generated/resources/ValueSet-ReferralConditionCaregiverVS-TWLTC.json	672	0	0	0	0	0	0	0	0	1	0	0	0	0	0	0	0	0	0	0	3	13	0	0	0	0	0	0	0
fsh-generated/resources/ValueSet-ReferralConditionCrushVS-TWLTC.json	650	0	0	0	0	0	0	0	1	0	0	0	0	0	0	0	0	0	0	0	2	11	0	0	0	0	0	0	0
fsh-generated/resources/ValueSet-ReferralConditionResidenceVS-TWLTC.json	665	0	0	0	0	0	0	0	0	0	0	0	0	0	0	0	0	0	0	0	3	10	0	0	0	0	0	0	0
fsh-generated/resources/ValueSet-ReferralConditionTubeVS-TWLTC.json	652	0	0	0	0	0	0	0	0	0	0	0	0	0	0	0	0	0	0	0	2	11	0	0	0	0	0	0	0
fsh-generated/resources/ValueSet-RelationshipTypeVS-TWLTC.json	1146	1	0	0	0	0	0	0	0	7	0	0	0	0	0	0	0	0	0	0	4	20	0	0	0	0	0	0	0
fsh-generated/resources/ValueSet-ServiceRequestPAVS-Sport.json	1415	0	0	0	0	0	0	0	0	0	0	0	0	0	0	0	0	0	0	0	4	13	0	0	0	0	0	0	0
fsh-generated/resources/ValueSet-SportTrainingVS-Sport.json	814	0	0	0	0	0	0	0	0	0	0	0	0	0	0	0	0	0	0	0	3	12	0	0	0	0	0	0	0
fsh-generated/resources/ValueSet-TempCodeVS-Sport.json	740	0	0	0	0	0	0	0	0	0	0	0	0	0	0	0	0	0	0	0	2	11	0	0	0	0	0	0	0
fsh-generated/resources/ValueSet-TreadmillTypeVS-Sport.json	939	0	0	0	0	0	0	0	0	1	0	0	0	0	0	0	0	0	0	0	3	13	0	0	0	0	0	0	0
fsh-generated/resources/ValueSet-hah-communication.json	780	0	0	0	0	0	0	0	0	0	0	0	0	0	0	0	0	0	0	0	3	13	0	0	0	0	1	0	0
fsh-generated/resources/ValueSet-hah-eligibility.json	576	0	0	0	0	0	0	0	0	0	0	0	0	0	0	0	0	0	0	0	2	12	0	0	0	0	0	0	0
fsh-generated/resources/ValueSet-hah-outcome.json	566	0	0	0	0	0	0	0	0	0	0	0	0	0	0	0	0	0	0	0	3	11	0	0	1	0	0	0	0
fsh-generated/resources/ValueSet-hah-section.json	972	0	0	0	0	0	0	0	0	1	0	0	0	0	0	0	0	0	0	0	4	11	0	0	0	0	0	0	0
fsh-generated/resources/ValueSet-hah-service.json	1053	0	0	0	0	0	0	0	0	0	0	0	0	0	0	0	0	0	0	0	4	11	0	0	0	0	0	0	0
fsh-generated/resources/ValueSet-hah-summary-type.json	717	0	0	0	0	0	0	0	0	0	0	0	0	0	0	0	0	0	0	0	3	11	0	0	0	0	0	0	0
fsh-generated/resources/ValueSet-hah-visit-mode.json	562	0	0	0	0	0	0	0	0	0	0	0	0	0	0	0	0	0	0	0	2	9	0	0	0	0	0	0	0
fsh-generated/resources/ValueSet-hn-api.json	1264	0	0	0	0	0	0	0	0	1	0	0	0	0	0	0	0	0	0	0	5	11	0	0	0	0	0	0	0
fsh-generated/resources/ValueSet-hn-collection.json	702	0	0	0	0	0	0	0	0	0	0	0	0	0	0	0	0	0	0	0	2	11	0	0	0	0	0	0	0
fsh-generated/resources/ValueSet-hn-disability-type.json	1070	0	0	0	0	0	0	0	0	1	0	0	0	0	0	0	0	0	0	0	5	11	0	0	0	0	0	0	0
fsh-generated/resources/ValueSet-hn-update-action.json	812	1	0	0	0	0	0	0	0	0	0	0	0	0	0	0	0	0	0	0	3	12	0	0	0	0	0	0	0
fsh-generated/resources/ValueSet-hn-vs-00697b86a7bc.json	1063	0	0	0	0	0	0	0	0	1	0	0	0	0	0	0	0	0	0	0	3	11	0	0	0	0	0	0	0
fsh-generated/resources/ValueSet-hn-vs-0467df08a056.json	776	0	0	0	0	0	0	0	0	1	0	0	0	0	0	0	0	0	0	0	3	9	0	0	0	0	0	0	0
fsh-generated/resources/ValueSet-hn-vs-04e9c37073f4.json	825	0	0	0	0	0	0	0	0	0	0	0	0	0	0	0	0	0	0	0	3	11	0	0	0	0	0	0	0
fsh-generated/resources/ValueSet-hn-vs-0655870f5454.json	752	0	0	0	0	0	0	0	0	0	0	0	0	0	0	0	0	0	0	0	3	9	0	0	0	0	0	0	0
fsh-generated/resources/ValueSet-hn-vs-076f2d014436.json	812	0	0	0	0	0	0	0	0	1	0	0	0	0	0	0	0	0	0	0	3	12	0	0	0	0	0	0	0
fsh-generated/resources/ValueSet-hn-vs-082869c8d896.json	764	0	0	0	0	0	0	0	0	0	0	0	0	0	0	0	0	0	0	0	3	10	0	0	0	0	0	0	0
fsh-generated/resources/ValueSet-hn-vs-0a65df60cccf.json	825	0	0	0	0	0	0	0	0	1	0	0	0	0	0	0	0	0	0	0	4	12	0	0	0	0	0	0	0
fsh-generated/resources/ValueSet-hn-vs-13d13792ca45.json	813	0	0	0	0	0	0	0	0	0	0	0	0	0	0	0	0	0	0	0	3	11	0	0	0	0	0	0	0
fsh-generated/resources/ValueSet-hn-vs-14764e5914f7.json	1679	0	0	0	0	0	0	0	0	1	0	0	0	0	0	0	0	0	0	0	6	11	0	0	0	0	1	0	0
fsh-generated/resources/ValueSet-hn-vs-15ba9c15ead1.json	874	0	0	0	0	0	0	0	0	1	0	0	0	0	0	0	0	0	0	0	4	10	0	0	0	0	0	0	0
fsh-generated/resources/ValueSet-hn-vs-19264db8df7b.json	830	0	0	0	0	0	0	0	0	0	0	0	0	0	0	0	0	0	0	0	3	10	0	0	0	0	0	0	0
fsh-generated/resources/ValueSet-hn-vs-1a72d15a5965.json	1571	0	0	0	0	0	0	0	0	1	0	0	0	0	0	0	0	0	0	0	5	11	0	0	0	0	0	0	0
fsh-generated/resources/ValueSet-hn-vs-1c0dbbd93870.json	813	0	0	0	0	0	0	0	0	1	0	0	0	0	0	0	0	0	0	0	3	10	0	0	0	0	0	0	0
fsh-generated/resources/ValueSet-hn-vs-1c644096303f.json	775	1	0	0	0	0	0	0	0	1	0	0	0	0	0	0	0	0	0	0	3	9	0	0	0	0	0	0	0
fsh-generated/resources/ValueSet-hn-vs-1ffa1d5d3bef.json	959	0	0	0	0	0	0	0	0	0	0	0	0	0	0	0	0	0	0	0	3	9	0	0	0	0	0	0	0
fsh-generated/resources/ValueSet-hn-vs-2029890a4c12.json	843	0	0	0	0	0	0	0	0	1	0	0	0	0	0	0	0	0	0	0	3	8	0	0	0	0	0	0	0
fsh-generated/resources/ValueSet-hn-vs-2a3bd76ba6eb.json	830	0	0	0	0	0	0	0	0	0	0	0	0	0	0	0	0	0	0	0	2	9	0	0	0	0	0	0	0
fsh-generated/resources/ValueSet-hn-vs-2fd20e6427ff.json	1266	0	0	0	0	0	0	0	0	1	0	0	0	0	0	0	0	0	0	0	5	10	0	0	0	0	0	0	0
fsh-generated/resources/ValueSet-hn-vs-3330cbe2f937.json	935	0	0	0	0	0	0	0	0	0	0	0	0	0	0	0	0	0	0	0	4	10	0	0	0	0	0	0	0
fsh-generated/resources/ValueSet-hn-vs-3435b7eace88.json	836	0	0	0	0	0	0	0	1	0	0	0	0	0	0	0	0	0	0	0	3	11	0	0	0	0	0	0	0
fsh-generated/resources/ValueSet-hn-vs-3435e7a5a84d.json	813	0	0	0	0	0	0	0	0	1	0	0	0	0	0	0	0	0	0	0	2	9	0	0	0	0	0	0	0
fsh-generated/resources/ValueSet-hn-vs-365bfce838bb.json	752	0	0	0	0	0	0	0	0	0	0	0	0	0	0	0	0	0	0	0	3	9	0	0	0	0	0	0	0
fsh-generated/resources/ValueSet-hn-vs-38762eb1c742.json	1263	0	0	0	0	0	0	0	0	1	0	0	0	0	0	0	0	0	0	0	4	8	0	0	0	0	0	0	0
fsh-generated/resources/ValueSet-hn-vs-3baefb430e5b.json	819	0	0	0	0	0	0	0	0	0	0	0	0	0	0	0	0	0	0	0	3	8	0	0	0	0	0	0	0
fsh-generated/resources/ValueSet-hn-vs-3bbfa4b4f8db.json	1190	0	0	0	0	0	0	0	0	1	0	0	0	0	0	0	0	0	0	0	4	8	0	0	0	0	0	0	0
fsh-generated/resources/ValueSet-hn-vs-3c038851248f.json	752	0	0	0	0	0	0	0	0	0	0	0	0	0	0	0	0	0	0	0	2	9	0	0	0	0	0	0	0
fsh-generated/resources/ValueSet-hn-vs-3d4ed1f2575b.json	879	0	0	0	0	0	0	0	0	0	0	0	0	0	0	0	0	0	0	0	3	9	0	0	0	0	1	0	0
fsh-generated/resources/ValueSet-hn-vs-40193bb109d6.json	959	1	0	0	0	0	0	0	0	1	0	0	0	0	0	0	0	0	0	0	3	8	0	0	0	0	0	0	0
fsh-generated/resources/ValueSet-hn-vs-415683173294.json	959	0	0	0	0	0	0	0	0	0	0	0	0	0	0	0	0	0	0	0	3	8	0	0	0	0	0	0	0
fsh-generated/resources/ValueSet-hn-vs-41cb9f76208c.json	812	0	0	0	0	0	0	0	0	0	0	0	0	0	0	0	0	0	0	0	3	10	0	0	0	0	0	0	0
fsh-generated/resources/ValueSet-hn-vs-46c8866533a0.json	886	0	0	0	0	0	0	0	0	1	0	0	0	0	0	0	0	0	0	0	3	10	0	0	0	0	0	0	0
fsh-generated/resources/ValueSet-hn-vs-49fe20230ec3.json	752	0	0	0	0	0	0	0	0	0	0	0	0	0	0	0	0	0	0	0	3	9	0	0	0	0	0	0	0
fsh-generated/resources/ValueSet-hn-vs-4a8dcdb04d9b.json	898	0	0	0	0	0	0	0	0	1	0	0	0	0	0	0	0	0	0	0	2	9	0	0	0	0	0	0	0
fsh-generated/resources/ValueSet-hn-vs-4abebe47a94c.json	1130	0	0	0	0	0	0	0	0	0	0	0	0	0	0	0	0	0	0	0	4	10	0	0	0	0	0	0	0
fsh-generated/resources/ValueSet-hn-vs-5154109e8985.json	787	0	0	0	0	0	0	0	0	0	0	0	0	0	0	0	0	0	0	0	2	9	0	0	0	0	0	0	0
fsh-generated/resources/ValueSet-hn-vs-523a43c4a46a.json	922	0	0	0	0	0	0	0	0	1	0	0	0	0	0	0	0	0	0	0	3	8	0	0	0	0	0	0	0
fsh-generated/resources/ValueSet-hn-vs-543807b1d856.json	935	0	0	0	0	0	0	0	0	0	0	0	0	0	0	0	0	0	0	0	3	11	0	0	0	0	0	0	0
fsh-generated/resources/ValueSet-hn-vs-548098d5ace2.json	886	0	0	0	1	0	0	0	0	1	0	0	0	0	0	0	0	0	0	0	3	13	0	0	0	0	0	0	0
fsh-generated/resources/ValueSet-hn-vs-5509cc9b0f4c.json	874	0	0	0	0	0	0	0	0	0	0	0	0	0	0	0	0	0	0	0	5	13	0	0	0	0	0	0	0
fsh-generated/resources/ValueSet-hn-vs-58e4d598f859.json	752	0	0	0	0	0	0	0	0	1	0	0	0	0	0	0	0	0	0	0	2	10	0	0	0	0	0	0	0
fsh-generated/resources/ValueSet-hn-vs-5a0da2e50fde.json	813	0	0	0	0	0	0	0	0	0	0	0	0	0	0	0	0	0	0	0	3	9	0	0	0	0	0	0	0
fsh-generated/resources/ValueSet-hn-vs-5cb9bbd6d620.json	947	1	0	0	0	0	0	0	0	1	0	0	0	0	0	0	0	0	0	0	3	9	0	0	0	0	0	0	0
fsh-generated/resources/ValueSet-hn-vs-5d29c89b2d60.json	982	0	0	0	0	0	0	0	0	1	0	0	0	0	0	0	0	0	0	0	4	9	0	0	0	0	0	0	0
fsh-generated/resources/ValueSet-hn-vs-5f4a5d3ebea4.json	837	0	0	0	0	0	0	0	0	1	0	0	0	0	0	0	0	0	0	0	3	9	0	0	0	0	0	0	0
fsh-generated/resources/ValueSet-hn-vs-5f96e05811ec.json	825	0	0	0	0	0	0	0	0	0	0	0	0	0	0	0	0	0	0	0	3	9	0	0	0	0	0	0	0
fsh-generated/resources/ValueSet-hn-vs-6380f9a50deb.json	935	0	0	0	0	0	0	0	0	0	0	0	0	0	0	0	0	0	0	0	5	9	0	0	0	0	0	0	0
fsh-generated/resources/ValueSet-hn-vs-66dfb92df102.json	886	0	0	0	0	0	0	0	0	1	0	0	0	0	0	0	0	0	0	0	3	8	0	0	0	0	1	0	0
fsh-generated/resources/ValueSet-hn-vs-6892f4f30c24.json	1081	0	0	0	0	0	0	0	0	1	0	0	0	0	0	0	0	0	0	0	3	9	0	0	0	0	0	0	0
fsh-generated/resources/ValueSet-hn-vs-6d733f47d6f4.json	959	0	0	0	0	0	0	0	0	0	0	0	0	0	0	0	0	0	0	0	3	8	0	0	0	0	0	0	0
fsh-generated/resources/ValueSet-hn-vs-723d296bd93d.json	813	0	0	0	0	0	0	0	0	0	0	0	0	0	0	0	0	0	0	0	3	9	0	0	0	0	0	0	0
fsh-generated/resources/ValueSet-hn-vs-738f974cf008.json	965	0	0	0	0	0	0	0	0	0	0	0	0	0	0	0	0	0	0	0	3	10	0	0	0	0	0	0	0
fsh-generated/resources/ValueSet-hn-vs-75dc5876369b.json	946	0	0	0	0	0	0	0	0	1	0	0	0	0	0	0	0	0	0	0	3	10	0	0	0	0	0	0	0
fsh-generated/resources/ValueSet-hn-vs-78444472aa70.json	886	0	0	0	0	0	0	0	0	0	0	0	0	0	0	0	0	0	0	0	4	9	0	0	0	0	0	0	0
fsh-generated/resources/ValueSet-hn-vs-784e3567e13b.json	996	0	0	0	0	0	0	0	0	0	0	0	0	0	0	0	0	0	0	0	3	8	0	0	0	0	0	0	0
fsh-generated/resources/ValueSet-hn-vs-7bc89358fe37.json	900	1	0	0	0	0	0	0	0	1	0	0	0	0	0	0	0	0	0	0	3	9	0	0	0	0	0	0	0
fsh-generated/resources/ValueSet-hn-vs-7c98e63372ac.json	763	0	0	0	0	0	0	0	0	0	0	0	0	0	0	0	0	0	0	0	3	9	0	0	0	0	0	0	0
fsh-generated/resources/ValueSet-hn-vs-7ce3f119b854.json	886	0	0	0	0	0	0	0	1	0	0	0	0	0	0	0	0	0	0	0	3	8	0	0	0	0	0	0	0
fsh-generated/resources/ValueSet-hn-vs-7d118ae5ad21.json	823	0	0	0	0	0	0	0	0	0	0	0	0	0	0	0	0	0	0	0	3	8	0	0	0	0	0	0	0
fsh-generated/resources/ValueSet-hn-vs-7f8a5cfdf9c9.json	1007	0	0	0	0	0	0	0	0	1	0	0	0	0	0	0	0	0	0	0	3	9	0	0	0	0	0	0	0
fsh-generated/resources/ValueSet-hn-vs-85c814c9b8ba.json	824	0	0	0	0	0	0	0	0	0	0	0	0	0	0	0	0	0	0	0	3	8	0	0	0	0	0	0	0
fsh-generated/resources/ValueSet-hn-vs-8aa8b9aed3b2.json	824	0	0	0	0	0	0	0	0	0	0	0	0	0	0	0	0	0	0	0	3	8	0	0	0	0	0	0	0
fsh-generated/resources/ValueSet-hn-vs-8bcd09f153b7.json	1069	0	0	0	0	0	0	0	0	0	0	0	0	0	0	0	0	0	0	0	4	8	0	0	0	0	0	0	0
fsh-generated/resources/ValueSet-hn-vs-8c7bcb320a01.json	813	0	0	0	0	0	0	0	0	1	0	0	0	0	0	0	0	0	0	0	3	10	0	0	0	0	0	0	0
fsh-generated/resources/ValueSet-hn-vs-924b837448d2.json	1008	0	0	0	0	0	0	0	0	0	0	0	0	0	0	0	0	0	0	0	3	9	0	0	0	0	0	0	0
fsh-generated/resources/ValueSet-hn-vs-94d2d2fdf018.json	1435	0	0	0	0	0	0	0	0	0	0	0	0	0	0	0	0	0	0	0	4	9	0	0	0	0	1	0	0
fsh-generated/resources/ValueSet-hn-vs-9570830f5a60.json	1728	0	0	0	0	0	0	0	0	1	0	0	0	0	0	0	0	0	0	0	8	10	0	0	0	0	0	0	0
fsh-generated/resources/ValueSet-hn-vs-9a2ed66b6061.json	873	0	0	0	0	0	0	0	0	0	0	0	0	0	0	0	0	0	0	0	3	9	0	0	0	0	0	0	0
fsh-generated/resources/ValueSet-hn-vs-9bf58092b1d4.json	1069	0	0	0	0	0	0	0	0	0	0	0	0	0	0	0	0	0	0	0	3	9	0	0	0	0	0	0	0
fsh-generated/resources/ValueSet-hn-vs-9d4f84a14066.json	885	1	0	0	0	0	0	0	0	1	0	0	0	0	0	0	0	0	0	0	3	9	0	0	0	0	0	0	0
fsh-generated/resources/ValueSet-hn-vs-a051b2c062af.json	886	0	0	0	0	0	0	0	0	0	0	0	0	0	0	0	0	0	0	0	3	9	0	0	0	0	0	0	0
fsh-generated/resources/ValueSet-hn-vs-a370027f399e.json	825	0	0	0	0	0	0	0	0	0	0	0	0	0	0	0	0	0	0	0	3	8	0	0	0	0	0	0	0
fsh-generated/resources/ValueSet-hn-vs-a5f17d46becb.json	837	0	0	0	0	0	0	0	0	1	0	0	0	0	0	0	0	0	0	0	3	8	0	0	0	0	0	0	0
fsh-generated/resources/ValueSet-hn-vs-a88d0ac6ee1a.json	947	0	0	0	0	0	0	0	0	0	0	0	0	0	0	0	0	0	0	0	3	9	0	0	0	0	0	0	0
fsh-generated/resources/ValueSet-hn-vs-a946985c2125.json	837	0	0	0	0	0	0	0	0	0	0	0	0	0	0	0	0	0	0	0	3	9	0	0	0	0	0	0	0
fsh-generated/resources/ValueSet-hn-vs-ab16e9d81e7b.json	825	0	0	0	0	0	0	0	0	0	0	0	0	0	0	0	0	0	0	0	3	8	0	0	0	0	0	0	0
fsh-generated/resources/ValueSet-hn-vs-acfe4f6c5f3a.json	873	0	0	0	0	0	0	0	0	1	0	0	0	0	0	0	0	0	0	0	3	8	0	0	0	0	0	0	0
fsh-generated/resources/ValueSet-hn-vs-afadc3bb2a88.json	961	0	0	0	0	0	0	0	0	0	0	0	0	0	0	0	0	0	0	0	3	8	0	0	0	0	0	0	0
fsh-generated/resources/ValueSet-hn-vs-b0ba220a4535.json	886	0	0	0	0	0	0	0	0	0	0	0	0	0	0	0	0	0	0	0	3	8	0	0	0	0	0	0	0
fsh-generated/resources/ValueSet-hn-vs-b42a51b1139e.json	1129	0	0	0	0	0	0	0	0	1	0	0	0	0	0	0	0	0	0	0	4	9	0	0	0	0	0	0	0
fsh-generated/resources/ValueSet-hn-vs-b455f8b9ce05.json	935	0	0	0	0	0	0	0	0	0	0	0	0	0	0	0	0	0	0	0	3	8	0	0	0	0	0	0	0
fsh-generated/resources/ValueSet-hn-vs-b5e899beaa3a.json	1081	0	0	0	0	0	0	0	0	0	0	0	0	0	0	0	0	0	0	0	3	8	0	0	0	0	0	0	0
fsh-generated/resources/ValueSet-hn-vs-b63e1293c409.json	977	0	0	0	0	0	0	0	0	0	0	0	0	0	0	0	0	0	0	0	4	10	0	0	0	0	0	0	0
fsh-generated/resources/ValueSet-hn-vs-b8e0b67e2012.json	970	1	0	0	0	0	0	0	0	1	0	0	0	0	0	0	0	0	0	0	3	10	0	0	0	0	0	0	0
fsh-generated/resources/ValueSet-hn-vs-bc943cb432ce.json	825	0	0	0	0	0	0	0	0	0	0	0	0	0	0	0	0	0	0	0	3	9	0	0	0	0	0	0	0
fsh-generated/resources/ValueSet-hn-vs-bcd0a25d02b9.json	833	0	0	0	0	0	0	0	0	0	0	0	0	0	0	0	0	1	0	0	4	8	0	0	0	0	1	0	0
fsh-generated/resources/ValueSet-hn-vs-bff7df80c996.json	910	0	0	0	0	0	0	0	0	0	0	0	0	0	0	0	0	0	0	0	3	9	0	0	0	0	0	0	0
fsh-generated/resources/ValueSet-hn-vs-c020bc6f582f.json	813	0	0	0	0	0	0	0	0	1	0	0	0	0	0	0	0	0	0	0	6	8	0	0	0	0	0	0	0
fsh-generated/resources/ValueSet-hn-vs-c0e4f2d08eec.json	825	0	0	0	0	0	0	0	0	0	0	0	0	0	0	0	0	0	0	0	3	9	0	0	0	0	0	0	0
fsh-generated/resources/ValueSet-hn-vs-c1223cdffc0c.json	752	0	0	0	0	0	0	0	0	0	0	0	0	0	0	0	0	0	0	0	3	8	0	0	0	0	0	0	0
fsh-generated/resources/ValueSet-hn-vs-c34dc3f43d82.json	947	0	0	0	0	0	0	0	0	0	0	0	0	0	0	0	0	0	0	0	3	9	0	0	0	0	0	0	0
fsh-generated/resources/ValueSet-hn-vs-c8a0ace9ffad.json	1386	0	0	0	0	0	0	0	0	1	0	0	0	0	0	0	0	0	0	0	5	9	0	0	0	0	0	0	0
fsh-generated/resources/ValueSet-hn-vs-c8f650cb37b1.json	812	0	0	0	0	0	0	0	0	0	0	0	0	0	0	0	0	0	0	0	3	9	0	0	0	0	0	0	0
fsh-generated/resources/ValueSet-hn-vs-c93d67023284.json	885	0	0	0	0	0	0	0	1	0	0	0	0	0	0	0	0	0	0	0	3	9	0	0	0	0	0	0	0
fsh-generated/resources/ValueSet-hn-vs-cbfa2194bae7.json	873	0	0	0	0	0	0	0	0	0	0	0	0	0	0	0	0	0	0	0	4	13	0	0	0	0	0	0	0
fsh-generated/resources/ValueSet-hn-vs-cf479df80e62.json	885	0	0	0	0	0	0	0	0	1	0	0	0	0	0	0	0	0	0	0	3	11	0	0	0	0	0	0	0
fsh-generated/resources/ValueSet-hn-vs-cfb0b454818b.json	1022	0	0	0	0	0	0	0	0	0	0	0	0	0	0	0	0	0	0	0	2	10	0	0	0	0	0	0	0
fsh-generated/resources/ValueSet-hn-vs-d20974b4a161.json	812	1	0	0	0	0	0	0	0	0	0	0	0	0	0	0	0	0	0	0	3	9	0	0	0	0	0	0	0
fsh-generated/resources/ValueSet-hn-vs-d2f289370ed0.json	1179	0	0	0	0	0	0	0	0	1	0	0	0	0	0	0	0	0	0	0	4	8	0	0	0	0	0	0	0
fsh-generated/resources/ValueSet-hn-vs-d782d810cfdd.json	980	0	0	0	0	0	0	0	0	0	0	0	0	0	0	0	0	0	0	0	3	8	0	0	0	0	0	0	0
fsh-generated/resources/ValueSet-hn-vs-d9301962abbf.json	790	0	0	0	0	0	0	0	0	1	0	0	0	0	0	0	0	0	0	0	3	9	0	0	0	0	0	0	0
fsh-generated/resources/ValueSet-hn-vs-d93b34f7b736.json	880	0	0	0	0	0	0	0	0	0	0	0	0	0	0	0	0	0	0	0	3	10	0	0	0	0	0	0	0
fsh-generated/resources/ValueSet-hn-vs-dc054900d0e6.json	874	0	0	0	0	0	0	0	0	0	0	0	0	0	0	0	0	0	0	0	3	20	0	0	0	0	0	0	0
fsh-generated/resources/ValueSet-hn-vs-de533dbea66c.json	1251	0	0	0	0	0	0	0	0	1	0	0	0	0	0	0	0	0	0	0	4	11	0	0	0	0	0	0	0
fsh-generated/resources/ValueSet-hn-vs-dfa44a5bba0b.json	6272	0	0	0	0	0	0	0	0	1	0	0	0	0	0	0	0	0	0	0	20	14	0	0	0	0	1	0	0
fsh-generated/resources/ValueSet-hn-vs-ec686161641f.json	959	0	0	0	0	0	0	0	0	0	0	0	0	0	0	0	0	0	0	0	3	9	0	0	0	0	0	0	0
fsh-generated/resources/ValueSet-hn-vs-ed3fafa578d2.json	993	0	0	0	0	0	0	0	0	0	0	0	0	0	0	0	0	0	0	0	6	8	0	0	0	0	0	0	0
fsh-generated/resources/ValueSet-hn-vs-eee6be407d0e.json	898	0	0	0	0	0	0	0	0	1	0	0	0	0	0	0	0	0	0	0	3	8	0	0	0	0	0	0	0
fsh-generated/resources/ValueSet-hn-vs-ef3233b113ad.json	947	0	0	0	0	0	0	0	0	0	0	0	0	0	0	0	0	0	0	0	4	9	0	0	0	0	0	0	0
fsh-generated/resources/ValueSet-hn-vs-ef4daeacd99a.json	812	0	0	0	0	0	0	0	0	0	0	0	0	0	0	0	0	0	0	0	3	9	0	0	0	0	0	0	0
fsh-generated/resources/ValueSet-hn-vs-f0b4522906b6.json	839	1	0	0	0	0	0	0	0	1	0	0	0	0	0	0	0	0	0	0	3	8	0	0	0	0	0	0	0
fsh-generated/resources/ValueSet-hn-vs-f466b3393017.json	885	0	0	0	0	0	0	0	0	0	0	0	0	0	0	0	0	0	0	0	3	9	0	0	0	0	0	0	0
fsh-generated/resources/ValueSet-hn-vs-f6130a2de850.json	1130	0	0	0	0	0	0	0	0	0	0	0	0	0	0	0	0	0	0	0	4	9	0	0	0	0	0	0	0
fsh-generated/resources/ValueSet-hn-vs-fa9ab3cef6b1.json	874	0	0	0	0	0	0	0	0	0	0	0	0	0	0	0	0	0	0	0	3	9	0	0	0	0	0	0	0
fsh-generated/resources/ValueSet-hn-vs-fe3736bbd09e.json	909	0	0	0	0	0	0	0	0	1	0	0	0	0	0	0	0	0	0	0	3	9	0	0	0	0	0	0	0
fsh-generated/resources/ValueSet-hn-wound-category.json	789	0	0	0	0	0	0	0	0	0	0	0	0	0	0	0	0	0	0	0	3	9	0	0	0	0	0	0	0
fsh-generated/resources/ValueSet-hn-wound-level.json	1207	0	0	0	0	0	0	0	0	0	0	0	0	0	0	0	0	0	0	0	4	9	0	0	0	0	0	0	0
fsh-generated/resources/ValueSet-vs-tw-ltc-assessment-component.json	690	0	0	0	0	0	0	0	0	0	0	0	0	0	0	0	0	0	0	0	2	8	0	0	0	0	0	0	0
fsh-generated/resources/ValueSet-vs-tw-ltc-assessment-type.json	644	0	0	0	0	0	0	0	0	0	0	0	0	0	0	0	0	0	0	0	2	8	0	0	0	0	0	0	0
fsh-generated/resources/ValueSet-vs-tw-ltc-benefit-type.json	643	0	0	0	0	0	0	0	0	0	0	0	0	0	0	0	0	0	0	0	3	8	0	0	0	0	0	0	0
fsh-generated/resources/ValueSet-vs-tw-ltc-case-source.json	635	0	0	0	0	0	0	0	0	1	0	0	0	0	0	0	0	0	0	0	2	8	0	0	0	0	0	0	0
fsh-generated/resources/ValueSet-vs-tw-ltc-case-status.json	1034	0	0	0	1	0	0	0	0	0	0	0	0	0	0	0	0	0	0	0	3	10	0	0	0	0	0	0	0
fsh-generated/resources/ValueSet-vs-tw-ltc-cmslevel.json	642	0	0	0	0	0	0	0	0	0	0	0	0	0	0	0	0	0	0	0	2	8	0	0	0	0	0	0	0
fsh-generated/resources/ValueSet-vs-tw-ltc-feeaudit-aa10-status.json	736	1	0	0	0	0	0	0	0	0	0	0	0	0	0	0	0	0	0	0	3	10	0	0	0	0	1	0	0
fsh-generated/resources/ValueSet-vs-tw-ltc-feeaudit-adjudication.json	962	0	0	0	0	0	0	0	0	0	0	0	0	0	0	0	0	0	0	0	2	8	0	0	0	0	0	0	0
fsh-generated/resources/ValueSet-vs-tw-ltc-feeaudit-api-function.json	903	0	0	0	0	0	0	0	0	0	0	0	0	0	0	0	0	0	0	0	2	8	0	0	0	0	0	0	0
fsh-generated/resources/ValueSet-vs-tw-ltc-feeaudit-api-status.json	774	0	0	0	0	0	0	0	1	1	0	0	0	0	0	0	0	0	0	0	3	8	0	0	0	0	0	0	0
fsh-generated/resources/ValueSet-vs-tw-ltc-feeaudit-bd03-type.json	769	0	0	0	0	0	0	0	0	0	0	0	0	0	0	0	0	0	0	0	2	9	0	0	0	0	0	0	0
fsh-generated/resources/ValueSet-vs-tw-ltc-feeaudit-case-status.json	864	0	0	0	0	0	0	0	0	0	0	0	0	0	0	0	0	0	0	0	2	8	0	0	0	0	0	0	0
fsh-generated/resources/ValueSet-vs-tw-ltc-feeaudit-city.json	1253	0	0	0	0	0	0	0	0	0	0	0	0	0	0	0	0	0	0	0	3	8	0	0	0	0	0	0	0
fsh-generated/resources/ValueSet-vs-tw-ltc-feeaudit-doc-type.json	1019	0	0	0	0	0	0	0	0	0	0	0	0	0	0	0	0	0	0	0	2	7	0	0	0	0	0	0	0
fsh-generated/resources/ValueSet-vs-tw-ltc-feeaudit-error-code.json	1071	0	0	0	0	0	0	0	0	0	0	0	0	0	0	0	0	0	0	0	2	11	0	0	0	0	0	0	0
fsh-generated/resources/ValueSet-vs-tw-ltc-feeaudit-fee-type.json	715	0	0	0	0	0	0	0	0	0	0	0	0	0	0	0	0	0	0	0	3	9	0	0	0	0	0	0	0
fsh-generated/resources/ValueSet-vs-tw-ltc-feeaudit-rtncode.json	1054	0	0	0	0	0	0	0	0	0	0	0	0	0	0	0	0	0	0	0	3	9	0	0	0	0	0	0	0
fsh-generated/resources/ValueSet-vs-tw-ltc-feeaudit-supporting-info.json	925	0	0	0	0	0	0	0	0	1	0	0	0	0	0	0	0	0	0	0	3	9	0	0	0	0	0	0	0
fsh-generated/resources/ValueSet-vs-tw-ltc-feeaudit-svc-item.json	735	0	0	0	0	0	0	0	0	0	0	0	0	0	0	0	0	0	0	0	2	9	0	0	0	0	0	0	0
fsh-generated/resources/ValueSet-vs-tw-ltc-feeaudit-svc-people.json	747	1	0	0	0	0	0	0	0	0	0	0	0	0	0	0	0	0	0	0	2	8	0	0	0	0	0	0	0
fsh-generated/resources/ValueSet-vs-tw-ltc-feeaudit-svc-point.json	737	0	0	0	0	0	0	0	0	0	0	0	0	0	0	0	0	0	0	0	3	8	0	0	0	0	0	0	0
fsh-generated/resources/ValueSet-vs-tw-ltc-feeaudit-svcc-goal-type.json	813	0	0	0	0	0	0	0	0	0	0	0	0	0	0	0	0	0	0	0	2	9	0	0	0	0	0	0	0
fsh-generated/resources/ValueSet-vs-tw-ltc-incident-category.json	677	0	0	0	0	0	0	0	0	0	0	0	0	0	0	0	0	0	0	0	3	8	0	0	0	0	0	0	0
fsh-generated/resources/ValueSet-vs-tw-ltc-incident-notifmethod.json	696	0	0	0	0	0	0	0	0	0	0	0	0	0	0	0	0	0	0	0	2	9	0	0	0	0	0	0	0
fsh-generated/resources/ValueSet-vs-tw-ltc-incident-texttype.json	691	0	0	0	0	0	0	0	0	0	0	0	0	0	0	0	0	0	0	0	3	8	0	0	0	0	0	0	0
fsh-generated/resources/ValueSet-vs-tw-ltc-service-activity.json	657	0	0	0	0	0	0	0	0	1	0	0	0	0	0	0	0	0	0	0	2	8	0	0	0	0	0	0	0
fsh-generated/resources/ValueSet-vs-tw-ltc-service-group.json	653	0	0	0	0	0	0	0	0	0	0	0	0	0	0	0	0	0	0	0	3	8	0	0	0	0	0	0	0
fsh-generated/resources/ValueSet-vs-tw-ltc-service-item.json	777	0	0	0	0	0	0	0	0	0	0	0	0	0	0	0	0	0	0	0	2	10	0	0	0	0	0	0	0
fsh-generated/resources/ValueSet-vs-tw-ltc-welfare-identity.json	660	0	0	0	0	0	0	0	0	0	0	0	0	0	0	0	0	0	0	0	3	8	0	0	0	0	0	0	0
/fsh-generated/resources/binary-cdr-assessment-example.json	989	-	0	0	0	0	0	0	0	0	0	0	0	0	0	0	0	0	0	0	3	3	0	0	0	0	0	0	0
/fsh-generated/resources/binary-mmse-assessment-example.json	1161	-	0	0	0	0	0	0	0	0	0	0	0	0	0	0	0	0	0	0	2	2	0	0	0	0	0	0	0
/fsh-generated/resources/binary-ltc-cms-model-example.json	2356	-	0	0	0	0	0	0	0	0	0	0	0	0	0	0	0	0	0	0	4	2	0	0	0	0	0	0	0
/fsh-generated/resources/binary-ltc-referral-model-example.json	3665	-	0	0	0	0	0	0	0	0	0	0	0	0	0	0	0	0	0	0	6	2	0	0	0	0	0	0	0
/input/includes/menu.xml	4054	-	-	-	0	0	0	0	0	0	0	0	0	0	0	0	0	0	0	0	0	1	0	0	0	0	0	0	0
/input/includes/_append.fragment-css.html	49	-	-	-	0	0	0	0	0	0	0	0	0	0	0	0	0	0	0	0	0	0	0	0	0	0	0	0	0
/input/includes/assets/css/ig.css	0	-	-	-	0	0	0	0	0	0	0	0	0	0	0	0	0	0	0	0	0	0	0	0	0	0	0	0	0
/fsh-generated/includes/fsh-link-references.md	57067	-	-	-	0	0	0	0	0	0	0	0	0	0	0	0	0	0	0	0	0	1	0	0	0	0	0	0	0
/input/pagecontent/logical-models.md	13860	-	-	-	0	0	0	0	0	0	0	0	0	0	0	0	0	0	0	0	0	0	0	0	0	0	0	0	0
/input/pagecontent/profiles-and-extensions.md	16499	-	-	-	0	0	0	0	0	0	0	0	0	0	0	0	0	0	0	0	0	0	0	0	0	0	0	0	0
/input/pagecontent/examples.md	7025	-	-	-	0	0	0	0	0	0	0	0	0	0	0	0	0	0	0	0	0	1	0	0	0	0	0	0	0
/input/pagecontent/2025-connectathon.md	8305	-	-	-	0	0	0	0	0	0	0	0	0	0	0	0	0	0	0	0	0	0	0	0	0	0	0	0	0
/input/pagecontent/track4.md	7238	-	-	-	0	0	0	0	0	0	0	0	0	0	0	0	0	0	0	0	0	0	0	0	0	0	0	0	0
/input/pagecontent/2026-connectathon-table.md	21354	-	-	-	0	0	0	0	0	0	0	0	0	0	0	0	0	0	0	0	0	1	0	0	0	0	0	0	0
/input/pagecontent/track0.md	3976	-	-	-	0	0	0	0	0	0	0	0	0	0	0	0	0	0	0	0	0	0	0	0	0	0	0	0	0
/input/pagecontent/track1.md	9303	-	-	-	0	0	0	0	0	0	0	0	0	0	0	0	0	0	0	0	0	0	0	0	0	0	0	0	0
/input/pagecontent/validates.md	23029	-	-	-	0	0	0	0	0	0	0	0	0	0	0	0	0	0	0	0	0	0	0	0	0	0	0	0	0
/input/pagecontent/terminologies.md	3676	-	-	-	0	0	0	0	0	0	0	0	0	0	0	0	0	0	0	0	0	0	0	0	0	0	0	0	0
/input/pagecontent/2026-connectathon-result.md	327	-	-	-	0	0	0	0	0	0	0	0	0	0	0	0	0	0	0	0	0	1	0	0	0	0	0	0	0
/input/pagecontent/2026-track1.md	31227	-	-	-	0	0	0	0	0	0	0	0	0	0	0	0	0	0	0	0	0	0	0	0	0	0	0	0	0
/input/pagecontent/connectathon-table.md	10129	-	-	-	0	0	0	0	0	0	0	0	0	0	0	0	0	0	0	0	0	0	0	0	0	0	0	0	0
/input/pagecontent/2026-track0.md	5443	-	-	-	0	0	0	0	0	0	0	0	0	0	0	0	0	0	0	0	0	0	0	0	0	0	0	0	0
/input/pagecontent/2025-connectathon-result.md	22263	-	-	-	0	0	0	0	0	0	0	0	0	0	0	0	0	0	0	0	0	1	0	0	0	0	0	0	0
/input/pagecontent/fee-audit.md	148	-	-	-	0	0	0	0	0	0	0	0	0	0	0	0	0	0	0	0	0	0	0	0	0	0	0	0	0
/input/pagecontent/home-nursing.md	37	-	-	-	0	0	0	0	0	0	0	0	0	0	0	0	0	0	0	0	0	0	0	0	0	0	0	0	0
/input/pagecontent/capability-statements.md	1180	-	-	-	0	0	0	0	0	0	0	0	0	0	0	0	0	0	0	0	0	0	0	0	0	0	0	0	0
/input/pagecontent/searchparameters-and-operation.md	3636	-	-	-	0	0	0	0	0	0	0	0	0	0	0	0	0	0	0	0	0	0	0	0	0	0	0	0	0
/input/pagecontent/2026-track4.md	29637	-	-	-	0	0	0	0	0	0	0	0	0	0	0	0	0	0	0	0	0	1	0	0	0	0	0	0	0
/input/pagecontent/2026-track3.md	7615	-	-	-	0	0	0	0	0	0	0	0	0	0	0	0	0	0	0	0	0	0	0	0	0	0	0	0	0
/input/pagecontent/hah.md	28	-	-	-	0	0	0	0	0	0	0	0	0	0	0	0	0	0	0	0	0	0	0	0	0	0	0	0	0
/input/pagecontent/hah-mapping.md	36	-	-	-	0	0	0	0	0	0	0	0	0	0	0	0	0	0	0	0	0	0	0	0	0	0	0	0	0
/input/pagecontent/home-nursing-mapping.md	45	-	-	-	0	0	0	0	0	0	0	0	0	0	0	0	0	0	0	0	0	0	0	0	0	0	0	0	0
/input/pagecontent/index.md	20934	-	-	-	0	0	0	0	0	0	0	0	0	0	0	0	0	0	0	0	0	1	0	0	0	0	0	0	0
/input/pagecontent/2026-connectathon.md	7608	-	-	-	0	0	0	0	0	0	0	0	0	0	0	0	0	0	0	0	0	0	0	0	0	0	0	0	0
/input/pagecontent/2026-track2.md	22443	-	-	-	0	0	0	0	0	0	0	0	0	0	0	0	0	0	0	0	0	0	0	0	0	0	0	0	0
/input/pagecontent/ImplementationGuide-tw.iii.ltc.md	1590	-	-	-	0	0	0	0	0	0	0	0	0	0	0	0	0	0	0	0	0	0	0	0	0	0	0	0	0
/input/pagecontent/track2.md	8434	-	-	-	0	0	0	0	0	0	0	0	0	0	0	0	0	0	0	0	0	1	0	0	0	0	0	0	0
/input/pagecontent/downloads.md	312	-	-	-	0	0	0	0	0	0	0	0	0	0	0	0	0	0	0	0	0	0	0	0	0	0	0	0	0
/input/pagecontent/security.md	1619	-	-	-	0	0	0	0	0	0	0	0	0	0	0	0	0	0	0	0	0	0	0	0	0	0	0	0	0
/input/pagecontent/topics/fee-audit.md	22467	-	-	-	0	0	0	0	0	0	0	0	0	0	0	0	0	0	0	0	0	0	0	0	0	0	0	0	0
/input/pagecontent/topics/home-nursing.md	8803	-	-	-	0	0	0	0	0	0	0	0	0	0	0	0	0	0	0	0	0	0	0	0	0	0	0	0	0
/input/pagecontent/topics/hah.md	12735	-	-	-	0	0	0	0	0	0	0	0	0	0	0	0	0	0	0	0	0	1	0	0	0	0	0	0	0
/input/pagecontent/topics/hah-mapping.md	17467	-	-	-	0	0	0	0	0	0	0	0	0	0	0	0	0	0	0	0	0	0	0	0	0	0	0	0	0
/input/pagecontent/topics/home-nursing-mapping.md	127017	-	-	-	0	0	0	0	0	0	0	0	0	0	0	0	0	0	0	0	0	1	0	0	0	0	0	0	0
/input/pagecontent/track3.md	8424	-	-	-	0	0	0	0	0	0	0	0	0	0	0	0	0	0	0	0	0	0	0	0	0	0	0	0	0
/template/config	0	-	-	-	0	0	0	0	0	0	0	0	0	0	0	0	0	0	0	0	0	0	0	0	0	0	0	0	0
/template/config/_config.yml	140	-	-	-	0	0	0	0	0	0	0	0	0	0	0	0	0	0	0	0	0	0	0	0	0	0	0	0	0
/input/images	0	-	-	-	0	0	0	0	0	0	0	0	0	0	0	0	0	0	0	0	0	0	0	0	0	0	0	0	0
/input/images/validates	0	-	-	-	0	0	0	0	0	0	0	0	0	0	0	0	0	0	0	0	0	0	0	0	0	0	0	0	0
/input/images/validates/3-9.jpg	351075	-	-	-	0	0	0	0	0	0	0	0	0	0	0	0	0	0	0	0	0	1	0	0	0	0	0	0	0
/input/images/validates/3-8.jpg	195845	-	-	-	0	0	0	0	0	0	0	0	0	0	0	0	0	0	0	0	0	0	0	0	0	0	0	0	0
/input/images/validates/1-2-8.jpg	77780	-	-	-	0	0	0	0	0	0	0	0	0	0	0	0	0	0	0	0	0	0	0	0	0	0	0	0	0
/input/images/validates/1-2-9.jpg	85825	-	-	-	0	0	0	0	0	0	0	0	0	0	0	0	0	0	0	0	0	0	0	0	0	0	0	0	0
/input/images/validates/1-1-11.jpg	80744	-	-	-	0	0	0	0	0	0	0	0	0	0	0	0	0	0	0	0	0	0	0	0	0	0	0	0	0
/input/images/validates/2-9.jpg	151267	-	-	-	0	0	0	0	0	0	0	0	0	0	0	0	0	0	0	0	0	1	0	0	0	0	0	0	0
/input/images/validates/2-8.jpg	163732	-	-	-	0	0	0	0	0	0	0	0	0	0	0	0	0	0	0	0	0	0	0	0	0	0	0	0	0
/input/images/validates/1-1-10.jpg	52482	-	-	-	0	0	0	0	0	0	0	0	0	0	0	0	0	0	0	0	0	0	0	0	0	0	0	0	0
/input/images/validates/1-1-12.jpg	569458	-	-	-	0	0	0	0	0	0	0	0	0	0	0	0	0	0	0	0	0	0	0	0	0	0	0	0	0
/input/images/validates/1-1-13.jpg	646172	-	-	-	0	0	0	0	0	0	0	0	0	0	0	0	0	0	0	0	0	1	0	0	0	0	0	0	0
/input/images/validates/1-1-9.jpg	261858	-	-	-	0	0	0	0	0	0	0	0	0	0	0	0	0	0	0	0	0	0	0	0	0	0	0	0	0
/input/images/validates/1-1-8.jpg	198507	-	-	-	0	0	0	0	0	0	0	0	0	0	0	0	0	0	0	0	0	0	0	0	0	0	0	0	0
/input/images/validates/1-1-6.jpg	128239	-	-	-	0	0	0	0	0	0	0	0	0	0	0	0	0	0	0	0	0	0	0	0	0	0	0	0	0
/input/images/validates/2-1.jpg	171209	-	-	-	0	0	0	0	0	0	0	0	0	0	0	0	0	0	0	0	0	1	0	0	0	0	0	0	0
/input/images/validates/1-1-7.jpg	244592	-	-	-	0	0	0	0	0	0	0	0	0	0	0	0	0	0	0	0	0	0	0	0	0	0	0	0	0
/input/images/validates/1-1-5.jpg	20774	-	-	-	0	0	0	0	0	0	0	0	0	0	0	0	0	0	0	0	0	0	0	0	0	0	0	0	0
/input/images/validates/2-3.jpg	108785	-	-	-	0	0	0	0	0	0	0	0	0	0	0	0	0	0	0	0	0	0	0	0	0	0	0	0	0
/input/images/validates/2-2.jpg	65599	-	-	-	0	0	0	0	0	0	0	0	0	0	0	0	0	0	0	0	0	0	0	0	0	0	0	0	0
/input/images/validates/1-1-4.jpg	54821	-	-	-	0	0	0	0	0	0	0	0	0	0	0	0	0	0	0	0	0	1	0	0	0	0	0	0	0
/input/images/validates/2-7.jpg	467918	-	-	-	0	0	0	0	0	0	0	0	0	0	0	0	0	0	0	0	0	0	0	0	0	0	0	0	0
/input/images/validates/1-1-1.jpg	547992	-	-	-	0	0	0	0	0	0	0	0	0	0	0	0	0	0	0	0	0	0	0	0	0	0	0	0	0
/input/images/validates/1-1-3.jpg	193118	-	-	-	0	0	0	0	0	0	0	0	0	0	0	0	0	0	0	0	0	0	0	0	0	0	0	0	0
/input/images/validates/2-5.jpg	264356	-	-	-	0	0	0	0	0	0	0	0	0	0	0	0	0	0	0	0	0	1	0	0	0	0	0	0	0
/input/images/validates/2-4.jpg	218560	-	-	-	0	0	0	0	0	0	0	0	0	0	0	0	0	0	0	0	0	0	0	0	0	0	0	0	0
/input/images/validates/1-1-2.jpg	309134	-	-	-	0	0	0	0	0	0	0	0	0	0	0	0	0	0	0	0	0	0	0	0	0	0	0	0	0
/input/images/validates/1-2-7.jpg	70919	-	-	-	0	0	0	0	0	0	0	0	0	0	0	0	0	0	0	0	0	0	0	0	0	0	0	0	0
/input/images/validates/2-5-1.jpg	52288	-	-	-	0	0	0	0	0	0	0	0	0	0	0	0	0	0	0	0	0	1	0	0	0	0	0	0	0
/input/images/validates/1-2-6.jpg	268576	-	-	-	0	0	0	0	0	0	0	0	0	0	0	0	0	0	0	0	0	0	0	0	0	0	0	0	0
/input/images/validates/1-2-4.jpg	144945	-	-	-	0	0	0	0	0	0	0	0	0	0	0	0	0	0	0	0	0	0	0	0	0	0	0	0	0
/input/images/validates/3-10.jpg	67163	-	-	-	0	0	0	0	0	0	0	0	0	0	0	0	0	0	0	0	0	0	0	0	0	0	0	0	0
/input/images/validates/3-11.jpg	151267	-	-	-	0	0	0	0	0	0	0	0	0	0	0	0	0	0	0	0	0	0	0	0	0	0	0	0	0
/input/images/validates/1-2-5.jpg	14597	-	-	-	0	0	0	0	0	0	0	0	0	0	0	0	0	0	0	0	0	0	0	0	0	0	0	0	0
/input/images/validates/1-2-10.jpg	152645	-	-	-	0	0	0	0	0	0	0	0	0	0	0	0	0	0	0	0	0	1	0	0	0	0	0	0	0
/input/images/validates/1-2-11.jpg	443504	-	-	-	0	0	0	0	0	0	0	0	0	0	0	0	0	0	0	0	0	0	0	0	0	0	0	0	0
/input/images/validates/3-6.jpg	78360	-	-	-	0	0	0	0	0	0	0	0	0	0	0	0	0	0	0	0	0	0	0	0	0	0	0	0	0
/input/images/validates/1-2-13.jpg	23920	-	-	-	0	0	0	0	0	0	0	0	0	0	0	0	0	0	0	0	0	0	0	0	0	0	0	0	0
/input/images/validates/1-2-130.jpg	229067	-	-	-	0	0	0	0	0	0	0	0	0	0	0	0	0	0	0	0	0	0	0	0	0	0	0	0	0
/input/images/validates/1-2-12.jpg	708889	-	-	-	0	0	0	0	0	0	0	0	0	0	0	0	0	0	0	0	0	1	0	0	0	0	0	0	0
/input/images/index_structure.png	46356	-	-	-	0	0	0	0	0	0	0	0	0	0	0	0	0	0	0	0	0	0	0	0	0	0	0	0	0
/temp/pages/_includes/artifacts.xml	364082	-	-	-	-	-	-	-	-	-	-	-	-	-	-	-	-	-	-	-	-	3	0	0	0	0	0	0	0
