"Id","Path","Slice Name","Alias(s)","Label","Min","Max","Must Support?","Is Modifier?","Is Summary?","Type(s)","Short","Definition","Comments","Requirements","Default Value","Meaning When Missing","Fixed Value","Pattern","Example","Minimum Value","Maximum Value","Maximum Length","Binding Strength","Binding Description","Binding Value Set","Code","Slicing Discriminator","Slicing Description","Slicing Ordered","Slicing Rules","Base Path","Base Min","Base Max","Condition(s)","Constraint(s)","Mapping: 居家護理－身體評估評估欄位對應"
"HNBodyEvaluationsModel","HNBodyEvaluationsModel","","","",0,*,"","","","null {[]} {[]}
","居家護理－身體評估評估邏輯模型","描述居家護理身體評估評估的資料需求。依 V5.0.16 有效欄位建立，來源欄位對應另列於 Mapping。","","","","","","","","","",,,,,"",,,,"Base",0,*,"",""
"HNBodyEvaluationsModel.date","HNBodyEvaluationsModel.date","","","",1,1,"","","","date {[]} {[]}
","紀錄日期","紀錄日期","","","","","","","","","",,,,,"",,,,"HNBodyEvaluationsModel.date",1,1,"","","QuestionnaireResponse.item.where(linkId='Date')"
"HNBodyEvaluationsModel.nurseID","HNBodyEvaluationsModel.nurseID","","","",1,1,"","","","string {[]} {[]}
","護理人員身分證字號","護理人員身分證字號","","","","","","","","","",,,,,"",,,,"HNBodyEvaluationsModel.nurseID",1,1,"","","QuestionnaireResponse.item.where(linkId='NurseID')"
"HNBodyEvaluationsModel.bodyQuestions","HNBodyEvaluationsModel.bodyQuestions","","","",1,1,"","","","BackboneElement {[]} {[]}
","評估項目","評估項目","","","","","","","","","",,,,,"",,,,"HNBodyEvaluationsModel.bodyQuestions",1,1,"","ele-1:All FHIR elements must have a @value or children {hasValue() or (children().count() > id.count())}
","QuestionnaireResponse.item.where(linkId='BodyQuestions')"
"HNBodyEvaluationsModel.bodyQuestions.id","HNBodyEvaluationsModel.bodyQuestions.id","","","",0,1,"","","","string {[]} {[]}
","Unique id for inter-element referencing","Unique id for the element within a resource (for internal references). This may be any string value that does not contain spaces.","","","","","","","","","",,,,,"",,,,"Element.id",0,1,"",""
"HNBodyEvaluationsModel.bodyQuestions.extension","HNBodyEvaluationsModel.bodyQuestions.extension","","extensions
user content","",0,*,"","","","Extension {[]} {[]}
","Additional content defined by implementations","May be used to represent additional information that is not part of the basic definition of the element. To make the use of extensions safe and manageable, there is a strict set of governance  applied to the definition and use of extensions. Though any implementer can define an extension, there is a set of requirements that SHALL be met as part of the definition of the extension.","There can be no stigma associated with the use of extensions by any application, project, or standard - regardless of the institution or jurisdiction that uses or defines the extensions.  The use of extensions is what allows the FHIR specification to retain a core level of simplicity for everyone.","","","","","","","","",,,,,"","value:url}
","Extensions are always sliced by (at least) url",,"open","Element.extension",0,*,"","ele-1:All FHIR elements must have a @value or children {hasValue() or (children().count() > id.count())}
ext-1:Must have either extensions or value[x], not both {extension.exists() != value.exists()}"
"HNBodyEvaluationsModel.bodyQuestions.modifierExtension","HNBodyEvaluationsModel.bodyQuestions.modifierExtension","","extensions
user contentmodifiers","",0,*,"","Y","Y","Extension {[]} {[]}
","Extensions that cannot be ignored even if unrecognized","May be used to represent additional information that is not part of the basic definition of the element and that modifies the understanding of the element in which it is contained and/or the understanding of the containing element's descendants. Usually modifier elements provide negation or qualification. To make the use of extensions safe and manageable, there is a strict set of governance applied to the definition and use of extensions. Though any implementer can define an extension, there is a set of requirements that SHALL be met as part of the definition of the extension. Applications processing a resource are required to check for modifier extensions.

Modifier extensions SHALL NOT change the meaning of any elements on Resource or DomainResource (including cannot change the meaning of modifierExtension itself).","There can be no stigma associated with the use of extensions by any application, project, or standard - regardless of the institution or jurisdiction that uses or defines the extensions.  The use of extensions is what allows the FHIR specification to retain a core level of simplicity for everyone.","Modifier extensions allow for extensions that *cannot* be safely ignored to be clearly distinguished from the vast majority of extensions which can be safely ignored.  This promotes interoperability by eliminating the need for implementers to prohibit the presence of extensions. For further information, see the [definition of modifier extensions](http://hl7.org/fhir/R4/extensibility.html#modifierExtension).","","","","","","","",,,,,"",,,,"BackboneElement.modifierExtension",0,*,"","ele-1:All FHIR elements must have a @value or children {hasValue() or (children().count() > id.count())}
ext-1:Must have either extensions or value[x], not both {extension.exists() != value.exists()}"
"HNBodyEvaluationsModel.bodyQuestions.q3d5455cd","HNBodyEvaluationsModel.bodyQuestions.q3d5455cd","","","",1,1,"","","","BackboneElement {[]} {[]}
","睜眼","睜眼","","","","","","","","","",,,,,"",,,,"HNBodyEvaluationsModel.bodyQuestions.q3d5455cd",1,1,"","ele-1:All FHIR elements must have a @value or children {hasValue() or (children().count() > id.count())}
","QuestionnaireResponse.item.where(linkId='BodyQuestions').item.where(linkId='BodyQuestions.q3d5455cd')"
"HNBodyEvaluationsModel.bodyQuestions.q3d5455cd.id","HNBodyEvaluationsModel.bodyQuestions.q3d5455cd.id","","","",0,1,"","","","string {[]} {[]}
","Unique id for inter-element referencing","Unique id for the element within a resource (for internal references). This may be any string value that does not contain spaces.","","","","","","","","","",,,,,"",,,,"Element.id",0,1,"",""
"HNBodyEvaluationsModel.bodyQuestions.q3d5455cd.extension","HNBodyEvaluationsModel.bodyQuestions.q3d5455cd.extension","","extensions
user content","",0,*,"","","","Extension {[]} {[]}
","Additional content defined by implementations","May be used to represent additional information that is not part of the basic definition of the element. To make the use of extensions safe and manageable, there is a strict set of governance  applied to the definition and use of extensions. Though any implementer can define an extension, there is a set of requirements that SHALL be met as part of the definition of the extension.","There can be no stigma associated with the use of extensions by any application, project, or standard - regardless of the institution or jurisdiction that uses or defines the extensions.  The use of extensions is what allows the FHIR specification to retain a core level of simplicity for everyone.","","","","","","","","",,,,,"","value:url}
","Extensions are always sliced by (at least) url",,"open","Element.extension",0,*,"","ele-1:All FHIR elements must have a @value or children {hasValue() or (children().count() > id.count())}
ext-1:Must have either extensions or value[x], not both {extension.exists() != value.exists()}"
"HNBodyEvaluationsModel.bodyQuestions.q3d5455cd.modifierExtension","HNBodyEvaluationsModel.bodyQuestions.q3d5455cd.modifierExtension","","extensions
user contentmodifiers","",0,*,"","Y","Y","Extension {[]} {[]}
","Extensions that cannot be ignored even if unrecognized","May be used to represent additional information that is not part of the basic definition of the element and that modifies the understanding of the element in which it is contained and/or the understanding of the containing element's descendants. Usually modifier elements provide negation or qualification. To make the use of extensions safe and manageable, there is a strict set of governance applied to the definition and use of extensions. Though any implementer can define an extension, there is a set of requirements that SHALL be met as part of the definition of the extension. Applications processing a resource are required to check for modifier extensions.

Modifier extensions SHALL NOT change the meaning of any elements on Resource or DomainResource (including cannot change the meaning of modifierExtension itself).","There can be no stigma associated with the use of extensions by any application, project, or standard - regardless of the institution or jurisdiction that uses or defines the extensions.  The use of extensions is what allows the FHIR specification to retain a core level of simplicity for everyone.","Modifier extensions allow for extensions that *cannot* be safely ignored to be clearly distinguished from the vast majority of extensions which can be safely ignored.  This promotes interoperability by eliminating the need for implementers to prohibit the presence of extensions. For further information, see the [definition of modifier extensions](http://hl7.org/fhir/R4/extensibility.html#modifierExtension).","","","","","","","",,,,,"",,,,"BackboneElement.modifierExtension",0,*,"","ele-1:All FHIR elements must have a @value or children {hasValue() or (children().count() > id.count())}
ext-1:Must have either extensions or value[x], not both {extension.exists() != value.exists()}"
"HNBodyEvaluationsModel.bodyQuestions.q3d5455cd.answer","HNBodyEvaluationsModel.bodyQuestions.q3d5455cd.answer","","","",1,1,"","","","Coding {[]} {[]}
","評估答案","評估答案","","","","","","","","","",,"required","","http://ltc-ig.fhir.tw/ValueSet/hn-vs-6380f9a50deb","",,,,"HNBodyEvaluationsModel.bodyQuestions.q3d5455cd.answer",1,1,"","","QuestionnaireResponse.item.where(linkId='BodyQuestions').item.where(linkId='BodyQuestions.q3d5455cd').item.where(linkId='BodyQuestions.q3d5455cd.Answer')"
"HNBodyEvaluationsModel.bodyQuestions.q3d5455cd.multipleAnswer","HNBodyEvaluationsModel.bodyQuestions.q3d5455cd.multipleAnswer","","","",0,1,"","","","string {[]} {[]}
","評估多選答案","評估多選答案。以逗號分隔選項；視力與聽力部位使用此欄。","","","","","","","","","",,,,,"",,,,"HNBodyEvaluationsModel.bodyQuestions.q3d5455cd.multipleAnswer",0,1,"","","QuestionnaireResponse.item.where(linkId='BodyQuestions').item.where(linkId='BodyQuestions.q3d5455cd').item.where(linkId='BodyQuestions.q3d5455cd.MultipleAnswer')"
"HNBodyEvaluationsModel.bodyQuestions.q3d5455cd.other","HNBodyEvaluationsModel.bodyQuestions.q3d5455cd.other","","","",0,1,"","","","string {[]} {[]}
","補充說明","補充說明","","","","","","","","","",,,,,"",,,,"HNBodyEvaluationsModel.bodyQuestions.q3d5455cd.other",0,1,"","","QuestionnaireResponse.item.where(linkId='BodyQuestions').item.where(linkId='BodyQuestions.q3d5455cd').item.where(linkId='BodyQuestions.q3d5455cd.Other')"
"HNBodyEvaluationsModel.bodyQuestions.q78be3cfc","HNBodyEvaluationsModel.bodyQuestions.q78be3cfc","","","",1,1,"","","","BackboneElement {[]} {[]}
","語言","語言","","","","","","","","","",,,,,"",,,,"HNBodyEvaluationsModel.bodyQuestions.q78be3cfc",1,1,"","ele-1:All FHIR elements must have a @value or children {hasValue() or (children().count() > id.count())}
","QuestionnaireResponse.item.where(linkId='BodyQuestions').item.where(linkId='BodyQuestions.q78be3cfc')"
"HNBodyEvaluationsModel.bodyQuestions.q78be3cfc.id","HNBodyEvaluationsModel.bodyQuestions.q78be3cfc.id","","","",0,1,"","","","string {[]} {[]}
","Unique id for inter-element referencing","Unique id for the element within a resource (for internal references). This may be any string value that does not contain spaces.","","","","","","","","","",,,,,"",,,,"Element.id",0,1,"",""
"HNBodyEvaluationsModel.bodyQuestions.q78be3cfc.extension","HNBodyEvaluationsModel.bodyQuestions.q78be3cfc.extension","","extensions
user content","",0,*,"","","","Extension {[]} {[]}
","Additional content defined by implementations","May be used to represent additional information that is not part of the basic definition of the element. To make the use of extensions safe and manageable, there is a strict set of governance  applied to the definition and use of extensions. Though any implementer can define an extension, there is a set of requirements that SHALL be met as part of the definition of the extension.","There can be no stigma associated with the use of extensions by any application, project, or standard - regardless of the institution or jurisdiction that uses or defines the extensions.  The use of extensions is what allows the FHIR specification to retain a core level of simplicity for everyone.","","","","","","","","",,,,,"","value:url}
","Extensions are always sliced by (at least) url",,"open","Element.extension",0,*,"","ele-1:All FHIR elements must have a @value or children {hasValue() or (children().count() > id.count())}
ext-1:Must have either extensions or value[x], not both {extension.exists() != value.exists()}"
"HNBodyEvaluationsModel.bodyQuestions.q78be3cfc.modifierExtension","HNBodyEvaluationsModel.bodyQuestions.q78be3cfc.modifierExtension","","extensions
user contentmodifiers","",0,*,"","Y","Y","Extension {[]} {[]}
","Extensions that cannot be ignored even if unrecognized","May be used to represent additional information that is not part of the basic definition of the element and that modifies the understanding of the element in which it is contained and/or the understanding of the containing element's descendants. Usually modifier elements provide negation or qualification. To make the use of extensions safe and manageable, there is a strict set of governance applied to the definition and use of extensions. Though any implementer can define an extension, there is a set of requirements that SHALL be met as part of the definition of the extension. Applications processing a resource are required to check for modifier extensions.

Modifier extensions SHALL NOT change the meaning of any elements on Resource or DomainResource (including cannot change the meaning of modifierExtension itself).","There can be no stigma associated with the use of extensions by any application, project, or standard - regardless of the institution or jurisdiction that uses or defines the extensions.  The use of extensions is what allows the FHIR specification to retain a core level of simplicity for everyone.","Modifier extensions allow for extensions that *cannot* be safely ignored to be clearly distinguished from the vast majority of extensions which can be safely ignored.  This promotes interoperability by eliminating the need for implementers to prohibit the presence of extensions. For further information, see the [definition of modifier extensions](http://hl7.org/fhir/R4/extensibility.html#modifierExtension).","","","","","","","",,,,,"",,,,"BackboneElement.modifierExtension",0,*,"","ele-1:All FHIR elements must have a @value or children {hasValue() or (children().count() > id.count())}
ext-1:Must have either extensions or value[x], not both {extension.exists() != value.exists()}"
"HNBodyEvaluationsModel.bodyQuestions.q78be3cfc.answer","HNBodyEvaluationsModel.bodyQuestions.q78be3cfc.answer","","","",1,1,"","","","Coding {[]} {[]}
","評估答案","評估答案","","","","","","","","","",,"required","","http://ltc-ig.fhir.tw/ValueSet/hn-vs-d2f289370ed0","",,,,"HNBodyEvaluationsModel.bodyQuestions.q78be3cfc.answer",1,1,"","","QuestionnaireResponse.item.where(linkId='BodyQuestions').item.where(linkId='BodyQuestions.q78be3cfc').item.where(linkId='BodyQuestions.q78be3cfc.Answer')"
"HNBodyEvaluationsModel.bodyQuestions.q78be3cfc.multipleAnswer","HNBodyEvaluationsModel.bodyQuestions.q78be3cfc.multipleAnswer","","","",0,1,"","","","string {[]} {[]}
","評估多選答案","評估多選答案。以逗號分隔選項；視力與聽力部位使用此欄。","","","","","","","","","",,,,,"",,,,"HNBodyEvaluationsModel.bodyQuestions.q78be3cfc.multipleAnswer",0,1,"","","QuestionnaireResponse.item.where(linkId='BodyQuestions').item.where(linkId='BodyQuestions.q78be3cfc').item.where(linkId='BodyQuestions.q78be3cfc.MultipleAnswer')"
"HNBodyEvaluationsModel.bodyQuestions.q78be3cfc.other","HNBodyEvaluationsModel.bodyQuestions.q78be3cfc.other","","","",0,1,"","","","string {[]} {[]}
","補充說明","補充說明","","","","","","","","","",,,,,"",,,,"HNBodyEvaluationsModel.bodyQuestions.q78be3cfc.other",0,1,"","","QuestionnaireResponse.item.where(linkId='BodyQuestions').item.where(linkId='BodyQuestions.q78be3cfc').item.where(linkId='BodyQuestions.q78be3cfc.Other')"
"HNBodyEvaluationsModel.bodyQuestions.qd5d3ea28","HNBodyEvaluationsModel.bodyQuestions.qd5d3ea28","","","",1,1,"","","","BackboneElement {[]} {[]}
","運動","運動","","","","","","","","","",,,,,"",,,,"HNBodyEvaluationsModel.bodyQuestions.qd5d3ea28",1,1,"","ele-1:All FHIR elements must have a @value or children {hasValue() or (children().count() > id.count())}
","QuestionnaireResponse.item.where(linkId='BodyQuestions').item.where(linkId='BodyQuestions.qd5d3ea28')"
"HNBodyEvaluationsModel.bodyQuestions.qd5d3ea28.id","HNBodyEvaluationsModel.bodyQuestions.qd5d3ea28.id","","","",0,1,"","","","string {[]} {[]}
","Unique id for inter-element referencing","Unique id for the element within a resource (for internal references). This may be any string value that does not contain spaces.","","","","","","","","","",,,,,"",,,,"Element.id",0,1,"",""
"HNBodyEvaluationsModel.bodyQuestions.qd5d3ea28.extension","HNBodyEvaluationsModel.bodyQuestions.qd5d3ea28.extension","","extensions
user content","",0,*,"","","","Extension {[]} {[]}
","Additional content defined by implementations","May be used to represent additional information that is not part of the basic definition of the element. To make the use of extensions safe and manageable, there is a strict set of governance  applied to the definition and use of extensions. Though any implementer can define an extension, there is a set of requirements that SHALL be met as part of the definition of the extension.","There can be no stigma associated with the use of extensions by any application, project, or standard - regardless of the institution or jurisdiction that uses or defines the extensions.  The use of extensions is what allows the FHIR specification to retain a core level of simplicity for everyone.","","","","","","","","",,,,,"","value:url}
","Extensions are always sliced by (at least) url",,"open","Element.extension",0,*,"","ele-1:All FHIR elements must have a @value or children {hasValue() or (children().count() > id.count())}
ext-1:Must have either extensions or value[x], not both {extension.exists() != value.exists()}"
"HNBodyEvaluationsModel.bodyQuestions.qd5d3ea28.modifierExtension","HNBodyEvaluationsModel.bodyQuestions.qd5d3ea28.modifierExtension","","extensions
user contentmodifiers","",0,*,"","Y","Y","Extension {[]} {[]}
","Extensions that cannot be ignored even if unrecognized","May be used to represent additional information that is not part of the basic definition of the element and that modifies the understanding of the element in which it is contained and/or the understanding of the containing element's descendants. Usually modifier elements provide negation or qualification. To make the use of extensions safe and manageable, there is a strict set of governance applied to the definition and use of extensions. Though any implementer can define an extension, there is a set of requirements that SHALL be met as part of the definition of the extension. Applications processing a resource are required to check for modifier extensions.

Modifier extensions SHALL NOT change the meaning of any elements on Resource or DomainResource (including cannot change the meaning of modifierExtension itself).","There can be no stigma associated with the use of extensions by any application, project, or standard - regardless of the institution or jurisdiction that uses or defines the extensions.  The use of extensions is what allows the FHIR specification to retain a core level of simplicity for everyone.","Modifier extensions allow for extensions that *cannot* be safely ignored to be clearly distinguished from the vast majority of extensions which can be safely ignored.  This promotes interoperability by eliminating the need for implementers to prohibit the presence of extensions. For further information, see the [definition of modifier extensions](http://hl7.org/fhir/R4/extensibility.html#modifierExtension).","","","","","","","",,,,,"",,,,"BackboneElement.modifierExtension",0,*,"","ele-1:All FHIR elements must have a @value or children {hasValue() or (children().count() > id.count())}
ext-1:Must have either extensions or value[x], not both {extension.exists() != value.exists()}"
"HNBodyEvaluationsModel.bodyQuestions.qd5d3ea28.answer","HNBodyEvaluationsModel.bodyQuestions.qd5d3ea28.answer","","","",1,1,"","","","Coding {[]} {[]}
","評估答案","評估答案","","","","","","","","","",,"required","","http://ltc-ig.fhir.tw/ValueSet/hn-vs-784e3567e13b","",,,,"HNBodyEvaluationsModel.bodyQuestions.qd5d3ea28.answer",1,1,"","","QuestionnaireResponse.item.where(linkId='BodyQuestions').item.where(linkId='BodyQuestions.qd5d3ea28').item.where(linkId='BodyQuestions.qd5d3ea28.Answer')"
"HNBodyEvaluationsModel.bodyQuestions.qd5d3ea28.multipleAnswer","HNBodyEvaluationsModel.bodyQuestions.qd5d3ea28.multipleAnswer","","","",0,1,"","","","string {[]} {[]}
","評估多選答案","評估多選答案。以逗號分隔選項；視力與聽力部位使用此欄。","","","","","","","","","",,,,,"",,,,"HNBodyEvaluationsModel.bodyQuestions.qd5d3ea28.multipleAnswer",0,1,"","","QuestionnaireResponse.item.where(linkId='BodyQuestions').item.where(linkId='BodyQuestions.qd5d3ea28').item.where(linkId='BodyQuestions.qd5d3ea28.MultipleAnswer')"
"HNBodyEvaluationsModel.bodyQuestions.qd5d3ea28.other","HNBodyEvaluationsModel.bodyQuestions.qd5d3ea28.other","","","",0,1,"","","","string {[]} {[]}
","補充說明","補充說明","","","","","","","","","",,,,,"",,,,"HNBodyEvaluationsModel.bodyQuestions.qd5d3ea28.other",0,1,"","","QuestionnaireResponse.item.where(linkId='BodyQuestions').item.where(linkId='BodyQuestions.qd5d3ea28').item.where(linkId='BodyQuestions.qd5d3ea28.Other')"
"HNBodyEvaluationsModel.bodyQuestions.q9999e6f5","HNBodyEvaluationsModel.bodyQuestions.q9999e6f5","","","",1,1,"","","","BackboneElement {[]} {[]}
","視力","視力","","","","","","","","","",,,,,"",,,,"HNBodyEvaluationsModel.bodyQuestions.q9999e6f5",1,1,"","ele-1:All FHIR elements must have a @value or children {hasValue() or (children().count() > id.count())}
","QuestionnaireResponse.item.where(linkId='BodyQuestions').item.where(linkId='BodyQuestions.q9999e6f5')"
"HNBodyEvaluationsModel.bodyQuestions.q9999e6f5.id","HNBodyEvaluationsModel.bodyQuestions.q9999e6f5.id","","","",0,1,"","","","string {[]} {[]}
","Unique id for inter-element referencing","Unique id for the element within a resource (for internal references). This may be any string value that does not contain spaces.","","","","","","","","","",,,,,"",,,,"Element.id",0,1,"",""
"HNBodyEvaluationsModel.bodyQuestions.q9999e6f5.extension","HNBodyEvaluationsModel.bodyQuestions.q9999e6f5.extension","","extensions
user content","",0,*,"","","","Extension {[]} {[]}
","Additional content defined by implementations","May be used to represent additional information that is not part of the basic definition of the element. To make the use of extensions safe and manageable, there is a strict set of governance  applied to the definition and use of extensions. Though any implementer can define an extension, there is a set of requirements that SHALL be met as part of the definition of the extension.","There can be no stigma associated with the use of extensions by any application, project, or standard - regardless of the institution or jurisdiction that uses or defines the extensions.  The use of extensions is what allows the FHIR specification to retain a core level of simplicity for everyone.","","","","","","","","",,,,,"","value:url}
","Extensions are always sliced by (at least) url",,"open","Element.extension",0,*,"","ele-1:All FHIR elements must have a @value or children {hasValue() or (children().count() > id.count())}
ext-1:Must have either extensions or value[x], not both {extension.exists() != value.exists()}"
"HNBodyEvaluationsModel.bodyQuestions.q9999e6f5.modifierExtension","HNBodyEvaluationsModel.bodyQuestions.q9999e6f5.modifierExtension","","extensions
user contentmodifiers","",0,*,"","Y","Y","Extension {[]} {[]}
","Extensions that cannot be ignored even if unrecognized","May be used to represent additional information that is not part of the basic definition of the element and that modifies the understanding of the element in which it is contained and/or the understanding of the containing element's descendants. Usually modifier elements provide negation or qualification. To make the use of extensions safe and manageable, there is a strict set of governance applied to the definition and use of extensions. Though any implementer can define an extension, there is a set of requirements that SHALL be met as part of the definition of the extension. Applications processing a resource are required to check for modifier extensions.

Modifier extensions SHALL NOT change the meaning of any elements on Resource or DomainResource (including cannot change the meaning of modifierExtension itself).","There can be no stigma associated with the use of extensions by any application, project, or standard - regardless of the institution or jurisdiction that uses or defines the extensions.  The use of extensions is what allows the FHIR specification to retain a core level of simplicity for everyone.","Modifier extensions allow for extensions that *cannot* be safely ignored to be clearly distinguished from the vast majority of extensions which can be safely ignored.  This promotes interoperability by eliminating the need for implementers to prohibit the presence of extensions. For further information, see the [definition of modifier extensions](http://hl7.org/fhir/R4/extensibility.html#modifierExtension).","","","","","","","",,,,,"",,,,"BackboneElement.modifierExtension",0,*,"","ele-1:All FHIR elements must have a @value or children {hasValue() or (children().count() > id.count())}
ext-1:Must have either extensions or value[x], not both {extension.exists() != value.exists()}"
"HNBodyEvaluationsModel.bodyQuestions.q9999e6f5.answer","HNBodyEvaluationsModel.bodyQuestions.q9999e6f5.answer","","","",1,1,"","","","Coding {[]} {[]}
","評估答案","評估答案","","","","","","","","","",,"required","","http://ltc-ig.fhir.tw/ValueSet/hn-vs-ef4daeacd99a","",,,,"HNBodyEvaluationsModel.bodyQuestions.q9999e6f5.answer",1,1,"","","QuestionnaireResponse.item.where(linkId='BodyQuestions').item.where(linkId='BodyQuestions.q9999e6f5').item.where(linkId='BodyQuestions.q9999e6f5.Answer')"
"HNBodyEvaluationsModel.bodyQuestions.q9999e6f5.multipleAnswer","HNBodyEvaluationsModel.bodyQuestions.q9999e6f5.multipleAnswer","","","",0,1,"","","","string {[]} {[]}
","評估多選答案","評估多選答案。來源為逗號分隔字串。FHIR 使用多筆 Coding 答案，回寫時依序以逗號串接。","","","","","","","","","",,,,,"",,,,"HNBodyEvaluationsModel.bodyQuestions.q9999e6f5.multipleAnswer",0,1,"","","QuestionnaireResponse.item.where(linkId='BodyQuestions').item.where(linkId='BodyQuestions.q9999e6f5').item.where(linkId='BodyQuestions.q9999e6f5.MultipleAnswer')"
"HNBodyEvaluationsModel.bodyQuestions.q9999e6f5.other","HNBodyEvaluationsModel.bodyQuestions.q9999e6f5.other","","","",0,1,"","","","string {[]} {[]}
","補充說明","補充說明","","","","","","","","","",,,,,"",,,,"HNBodyEvaluationsModel.bodyQuestions.q9999e6f5.other",0,1,"","","QuestionnaireResponse.item.where(linkId='BodyQuestions').item.where(linkId='BodyQuestions.q9999e6f5').item.where(linkId='BodyQuestions.q9999e6f5.Other')"
"HNBodyEvaluationsModel.bodyQuestions.qcd3cc2c1","HNBodyEvaluationsModel.bodyQuestions.qcd3cc2c1","","","",1,1,"","","","BackboneElement {[]} {[]}
","視力-部位","視力-部位","","","","","","","","","",,,,,"",,,,"HNBodyEvaluationsModel.bodyQuestions.qcd3cc2c1",1,1,"","ele-1:All FHIR elements must have a @value or children {hasValue() or (children().count() > id.count())}
","QuestionnaireResponse.item.where(linkId='BodyQuestions').item.where(linkId='BodyQuestions.qcd3cc2c1')"
"HNBodyEvaluationsModel.bodyQuestions.qcd3cc2c1.id","HNBodyEvaluationsModel.bodyQuestions.qcd3cc2c1.id","","","",0,1,"","","","string {[]} {[]}
","Unique id for inter-element referencing","Unique id for the element within a resource (for internal references). This may be any string value that does not contain spaces.","","","","","","","","","",,,,,"",,,,"Element.id",0,1,"",""
"HNBodyEvaluationsModel.bodyQuestions.qcd3cc2c1.extension","HNBodyEvaluationsModel.bodyQuestions.qcd3cc2c1.extension","","extensions
user content","",0,*,"","","","Extension {[]} {[]}
","Additional content defined by implementations","May be used to represent additional information that is not part of the basic definition of the element. To make the use of extensions safe and manageable, there is a strict set of governance  applied to the definition and use of extensions. Though any implementer can define an extension, there is a set of requirements that SHALL be met as part of the definition of the extension.","There can be no stigma associated with the use of extensions by any application, project, or standard - regardless of the institution or jurisdiction that uses or defines the extensions.  The use of extensions is what allows the FHIR specification to retain a core level of simplicity for everyone.","","","","","","","","",,,,,"","value:url}
","Extensions are always sliced by (at least) url",,"open","Element.extension",0,*,"","ele-1:All FHIR elements must have a @value or children {hasValue() or (children().count() > id.count())}
ext-1:Must have either extensions or value[x], not both {extension.exists() != value.exists()}"
"HNBodyEvaluationsModel.bodyQuestions.qcd3cc2c1.modifierExtension","HNBodyEvaluationsModel.bodyQuestions.qcd3cc2c1.modifierExtension","","extensions
user contentmodifiers","",0,*,"","Y","Y","Extension {[]} {[]}
","Extensions that cannot be ignored even if unrecognized","May be used to represent additional information that is not part of the basic definition of the element and that modifies the understanding of the element in which it is contained and/or the understanding of the containing element's descendants. Usually modifier elements provide negation or qualification. To make the use of extensions safe and manageable, there is a strict set of governance applied to the definition and use of extensions. Though any implementer can define an extension, there is a set of requirements that SHALL be met as part of the definition of the extension. Applications processing a resource are required to check for modifier extensions.

Modifier extensions SHALL NOT change the meaning of any elements on Resource or DomainResource (including cannot change the meaning of modifierExtension itself).","There can be no stigma associated with the use of extensions by any application, project, or standard - regardless of the institution or jurisdiction that uses or defines the extensions.  The use of extensions is what allows the FHIR specification to retain a core level of simplicity for everyone.","Modifier extensions allow for extensions that *cannot* be safely ignored to be clearly distinguished from the vast majority of extensions which can be safely ignored.  This promotes interoperability by eliminating the need for implementers to prohibit the presence of extensions. For further information, see the [definition of modifier extensions](http://hl7.org/fhir/R4/extensibility.html#modifierExtension).","","","","","","","",,,,,"",,,,"BackboneElement.modifierExtension",0,*,"","ele-1:All FHIR elements must have a @value or children {hasValue() or (children().count() > id.count())}
ext-1:Must have either extensions or value[x], not both {extension.exists() != value.exists()}"
"HNBodyEvaluationsModel.bodyQuestions.qcd3cc2c1.answer","HNBodyEvaluationsModel.bodyQuestions.qcd3cc2c1.answer","","","",0,1,"","","","string {[]} {[]}
","評估答案","評估答案。本題單選答案留空；填寫多選答案。","","","","","","","","","",,,,,"",,,,"HNBodyEvaluationsModel.bodyQuestions.qcd3cc2c1.answer",0,1,"","","QuestionnaireResponse.item.where(linkId='BodyQuestions').item.where(linkId='BodyQuestions.qcd3cc2c1').item.where(linkId='BodyQuestions.qcd3cc2c1.Answer')"
"HNBodyEvaluationsModel.bodyQuestions.qcd3cc2c1.multipleAnswer","HNBodyEvaluationsModel.bodyQuestions.qcd3cc2c1.multipleAnswer","","","",0,*,"","","","Coding {[]} {[]}
","評估多選答案","評估多選答案。來源為逗號分隔字串。FHIR 使用多筆 Coding 答案，回寫時依序以逗號串接。","","","","","","","","","",,"required","","http://ltc-ig.fhir.tw/ValueSet/hn-vs-2fd20e6427ff","",,,,"HNBodyEvaluationsModel.bodyQuestions.qcd3cc2c1.multipleAnswer",0,*,"","","QuestionnaireResponse.item.where(linkId='BodyQuestions').item.where(linkId='BodyQuestions.qcd3cc2c1').item.where(linkId='BodyQuestions.qcd3cc2c1.MultipleAnswer')"
"HNBodyEvaluationsModel.bodyQuestions.qcd3cc2c1.other","HNBodyEvaluationsModel.bodyQuestions.qcd3cc2c1.other","","","",0,1,"","","","string {[]} {[]}
","補充說明","補充說明","","","","","","","","","",,,,,"",,,,"HNBodyEvaluationsModel.bodyQuestions.qcd3cc2c1.other",0,1,"","","QuestionnaireResponse.item.where(linkId='BodyQuestions').item.where(linkId='BodyQuestions.qcd3cc2c1').item.where(linkId='BodyQuestions.qcd3cc2c1.Other')"
"HNBodyEvaluationsModel.bodyQuestions.q99290406","HNBodyEvaluationsModel.bodyQuestions.q99290406","","","",1,1,"","","","BackboneElement {[]} {[]}
","視力-影響日常活動","視力-影響日常活動","","","","","","","","","",,,,,"",,,,"HNBodyEvaluationsModel.bodyQuestions.q99290406",1,1,"","ele-1:All FHIR elements must have a @value or children {hasValue() or (children().count() > id.count())}
","QuestionnaireResponse.item.where(linkId='BodyQuestions').item.where(linkId='BodyQuestions.q99290406')"
"HNBodyEvaluationsModel.bodyQuestions.q99290406.id","HNBodyEvaluationsModel.bodyQuestions.q99290406.id","","","",0,1,"","","","string {[]} {[]}
","Unique id for inter-element referencing","Unique id for the element within a resource (for internal references). This may be any string value that does not contain spaces.","","","","","","","","","",,,,,"",,,,"Element.id",0,1,"",""
"HNBodyEvaluationsModel.bodyQuestions.q99290406.extension","HNBodyEvaluationsModel.bodyQuestions.q99290406.extension","","extensions
user content","",0,*,"","","","Extension {[]} {[]}
","Additional content defined by implementations","May be used to represent additional information that is not part of the basic definition of the element. To make the use of extensions safe and manageable, there is a strict set of governance  applied to the definition and use of extensions. Though any implementer can define an extension, there is a set of requirements that SHALL be met as part of the definition of the extension.","There can be no stigma associated with the use of extensions by any application, project, or standard - regardless of the institution or jurisdiction that uses or defines the extensions.  The use of extensions is what allows the FHIR specification to retain a core level of simplicity for everyone.","","","","","","","","",,,,,"","value:url}
","Extensions are always sliced by (at least) url",,"open","Element.extension",0,*,"","ele-1:All FHIR elements must have a @value or children {hasValue() or (children().count() > id.count())}
ext-1:Must have either extensions or value[x], not both {extension.exists() != value.exists()}"
"HNBodyEvaluationsModel.bodyQuestions.q99290406.modifierExtension","HNBodyEvaluationsModel.bodyQuestions.q99290406.modifierExtension","","extensions
user contentmodifiers","",0,*,"","Y","Y","Extension {[]} {[]}
","Extensions that cannot be ignored even if unrecognized","May be used to represent additional information that is not part of the basic definition of the element and that modifies the understanding of the element in which it is contained and/or the understanding of the containing element's descendants. Usually modifier elements provide negation or qualification. To make the use of extensions safe and manageable, there is a strict set of governance applied to the definition and use of extensions. Though any implementer can define an extension, there is a set of requirements that SHALL be met as part of the definition of the extension. Applications processing a resource are required to check for modifier extensions.

Modifier extensions SHALL NOT change the meaning of any elements on Resource or DomainResource (including cannot change the meaning of modifierExtension itself).","There can be no stigma associated with the use of extensions by any application, project, or standard - regardless of the institution or jurisdiction that uses or defines the extensions.  The use of extensions is what allows the FHIR specification to retain a core level of simplicity for everyone.","Modifier extensions allow for extensions that *cannot* be safely ignored to be clearly distinguished from the vast majority of extensions which can be safely ignored.  This promotes interoperability by eliminating the need for implementers to prohibit the presence of extensions. For further information, see the [definition of modifier extensions](http://hl7.org/fhir/R4/extensibility.html#modifierExtension).","","","","","","","",,,,,"",,,,"BackboneElement.modifierExtension",0,*,"","ele-1:All FHIR elements must have a @value or children {hasValue() or (children().count() > id.count())}
ext-1:Must have either extensions or value[x], not both {extension.exists() != value.exists()}"
"HNBodyEvaluationsModel.bodyQuestions.q99290406.answer","HNBodyEvaluationsModel.bodyQuestions.q99290406.answer","","","",1,1,"","","","Coding {[]} {[]}
","評估答案","評估答案","","","","","","","","","",,"required","","http://ltc-ig.fhir.tw/ValueSet/hn-vs-58e4d598f859","",,,,"HNBodyEvaluationsModel.bodyQuestions.q99290406.answer",1,1,"","","QuestionnaireResponse.item.where(linkId='BodyQuestions').item.where(linkId='BodyQuestions.q99290406').item.where(linkId='BodyQuestions.q99290406.Answer')"
"HNBodyEvaluationsModel.bodyQuestions.q99290406.multipleAnswer","HNBodyEvaluationsModel.bodyQuestions.q99290406.multipleAnswer","","","",0,1,"","","","string {[]} {[]}
","評估多選答案","評估多選答案。以逗號分隔選項；視力與聽力部位使用此欄。","","","","","","","","","",,,,,"",,,,"HNBodyEvaluationsModel.bodyQuestions.q99290406.multipleAnswer",0,1,"","","QuestionnaireResponse.item.where(linkId='BodyQuestions').item.where(linkId='BodyQuestions.q99290406').item.where(linkId='BodyQuestions.q99290406.MultipleAnswer')"
"HNBodyEvaluationsModel.bodyQuestions.q99290406.other","HNBodyEvaluationsModel.bodyQuestions.q99290406.other","","","",0,1,"","","","string {[]} {[]}
","補充說明","補充說明","","","","","","","","","",,,,,"",,,,"HNBodyEvaluationsModel.bodyQuestions.q99290406.other",0,1,"","","QuestionnaireResponse.item.where(linkId='BodyQuestions').item.where(linkId='BodyQuestions.q99290406').item.where(linkId='BodyQuestions.q99290406.Other')"
"HNBodyEvaluationsModel.bodyQuestions.q24eedc1b","HNBodyEvaluationsModel.bodyQuestions.q24eedc1b","","","",1,1,"","","","BackboneElement {[]} {[]}
","視力-輔具","視力-輔具","","","","","","","","","",,,,,"",,,,"HNBodyEvaluationsModel.bodyQuestions.q24eedc1b",1,1,"","ele-1:All FHIR elements must have a @value or children {hasValue() or (children().count() > id.count())}
","QuestionnaireResponse.item.where(linkId='BodyQuestions').item.where(linkId='BodyQuestions.q24eedc1b')"
"HNBodyEvaluationsModel.bodyQuestions.q24eedc1b.id","HNBodyEvaluationsModel.bodyQuestions.q24eedc1b.id","","","",0,1,"","","","string {[]} {[]}
","Unique id for inter-element referencing","Unique id for the element within a resource (for internal references). This may be any string value that does not contain spaces.","","","","","","","","","",,,,,"",,,,"Element.id",0,1,"",""
"HNBodyEvaluationsModel.bodyQuestions.q24eedc1b.extension","HNBodyEvaluationsModel.bodyQuestions.q24eedc1b.extension","","extensions
user content","",0,*,"","","","Extension {[]} {[]}
","Additional content defined by implementations","May be used to represent additional information that is not part of the basic definition of the element. To make the use of extensions safe and manageable, there is a strict set of governance  applied to the definition and use of extensions. Though any implementer can define an extension, there is a set of requirements that SHALL be met as part of the definition of the extension.","There can be no stigma associated with the use of extensions by any application, project, or standard - regardless of the institution or jurisdiction that uses or defines the extensions.  The use of extensions is what allows the FHIR specification to retain a core level of simplicity for everyone.","","","","","","","","",,,,,"","value:url}
","Extensions are always sliced by (at least) url",,"open","Element.extension",0,*,"","ele-1:All FHIR elements must have a @value or children {hasValue() or (children().count() > id.count())}
ext-1:Must have either extensions or value[x], not both {extension.exists() != value.exists()}"
"HNBodyEvaluationsModel.bodyQuestions.q24eedc1b.modifierExtension","HNBodyEvaluationsModel.bodyQuestions.q24eedc1b.modifierExtension","","extensions
user contentmodifiers","",0,*,"","Y","Y","Extension {[]} {[]}
","Extensions that cannot be ignored even if unrecognized","May be used to represent additional information that is not part of the basic definition of the element and that modifies the understanding of the element in which it is contained and/or the understanding of the containing element's descendants. Usually modifier elements provide negation or qualification. To make the use of extensions safe and manageable, there is a strict set of governance applied to the definition and use of extensions. Though any implementer can define an extension, there is a set of requirements that SHALL be met as part of the definition of the extension. Applications processing a resource are required to check for modifier extensions.

Modifier extensions SHALL NOT change the meaning of any elements on Resource or DomainResource (including cannot change the meaning of modifierExtension itself).","There can be no stigma associated with the use of extensions by any application, project, or standard - regardless of the institution or jurisdiction that uses or defines the extensions.  The use of extensions is what allows the FHIR specification to retain a core level of simplicity for everyone.","Modifier extensions allow for extensions that *cannot* be safely ignored to be clearly distinguished from the vast majority of extensions which can be safely ignored.  This promotes interoperability by eliminating the need for implementers to prohibit the presence of extensions. For further information, see the [definition of modifier extensions](http://hl7.org/fhir/R4/extensibility.html#modifierExtension).","","","","","","","",,,,,"",,,,"BackboneElement.modifierExtension",0,*,"","ele-1:All FHIR elements must have a @value or children {hasValue() or (children().count() > id.count())}
ext-1:Must have either extensions or value[x], not both {extension.exists() != value.exists()}"
"HNBodyEvaluationsModel.bodyQuestions.q24eedc1b.answer","HNBodyEvaluationsModel.bodyQuestions.q24eedc1b.answer","","","",1,1,"","","","Coding {[]} {[]}
","評估答案","評估答案","","","","","","","","","",,"required","","http://ltc-ig.fhir.tw/ValueSet/hn-vs-49fe20230ec3","",,,,"HNBodyEvaluationsModel.bodyQuestions.q24eedc1b.answer",1,1,"","","QuestionnaireResponse.item.where(linkId='BodyQuestions').item.where(linkId='BodyQuestions.q24eedc1b').item.where(linkId='BodyQuestions.q24eedc1b.Answer')"
"HNBodyEvaluationsModel.bodyQuestions.q24eedc1b.multipleAnswer","HNBodyEvaluationsModel.bodyQuestions.q24eedc1b.multipleAnswer","","","",0,*,"","","","Coding {[]} {[]}
","評估多選答案","評估多選答案。來源為逗號分隔字串。FHIR 使用多筆 Coding 答案，回寫時依序以逗號串接。","","","","","","","","","",,"required","","http://ltc-ig.fhir.tw/ValueSet/hn-vs-afadc3bb2a88","",,,,"HNBodyEvaluationsModel.bodyQuestions.q24eedc1b.multipleAnswer",0,*,"","","QuestionnaireResponse.item.where(linkId='BodyQuestions').item.where(linkId='BodyQuestions.q24eedc1b').item.where(linkId='BodyQuestions.q24eedc1b.MultipleAnswer')"
"HNBodyEvaluationsModel.bodyQuestions.q24eedc1b.other","HNBodyEvaluationsModel.bodyQuestions.q24eedc1b.other","","","",0,1,"","","","string {[]} {[]}
","補充說明","補充說明","","","","","","","","","",,,,,"",,,,"HNBodyEvaluationsModel.bodyQuestions.q24eedc1b.other",0,1,"","","QuestionnaireResponse.item.where(linkId='BodyQuestions').item.where(linkId='BodyQuestions.q24eedc1b').item.where(linkId='BodyQuestions.q24eedc1b.Other')"
"HNBodyEvaluationsModel.bodyQuestions.q6215056f","HNBodyEvaluationsModel.bodyQuestions.q6215056f","","","",1,1,"","","","BackboneElement {[]} {[]}
","聽力","聽力","","","","","","","","","",,,,,"",,,,"HNBodyEvaluationsModel.bodyQuestions.q6215056f",1,1,"","ele-1:All FHIR elements must have a @value or children {hasValue() or (children().count() > id.count())}
","QuestionnaireResponse.item.where(linkId='BodyQuestions').item.where(linkId='BodyQuestions.q6215056f')"
"HNBodyEvaluationsModel.bodyQuestions.q6215056f.id","HNBodyEvaluationsModel.bodyQuestions.q6215056f.id","","","",0,1,"","","","string {[]} {[]}
","Unique id for inter-element referencing","Unique id for the element within a resource (for internal references). This may be any string value that does not contain spaces.","","","","","","","","","",,,,,"",,,,"Element.id",0,1,"",""
"HNBodyEvaluationsModel.bodyQuestions.q6215056f.extension","HNBodyEvaluationsModel.bodyQuestions.q6215056f.extension","","extensions
user content","",0,*,"","","","Extension {[]} {[]}
","Additional content defined by implementations","May be used to represent additional information that is not part of the basic definition of the element. To make the use of extensions safe and manageable, there is a strict set of governance  applied to the definition and use of extensions. Though any implementer can define an extension, there is a set of requirements that SHALL be met as part of the definition of the extension.","There can be no stigma associated with the use of extensions by any application, project, or standard - regardless of the institution or jurisdiction that uses or defines the extensions.  The use of extensions is what allows the FHIR specification to retain a core level of simplicity for everyone.","","","","","","","","",,,,,"","value:url}
","Extensions are always sliced by (at least) url",,"open","Element.extension",0,*,"","ele-1:All FHIR elements must have a @value or children {hasValue() or (children().count() > id.count())}
ext-1:Must have either extensions or value[x], not both {extension.exists() != value.exists()}"
"HNBodyEvaluationsModel.bodyQuestions.q6215056f.modifierExtension","HNBodyEvaluationsModel.bodyQuestions.q6215056f.modifierExtension","","extensions
user contentmodifiers","",0,*,"","Y","Y","Extension {[]} {[]}
","Extensions that cannot be ignored even if unrecognized","May be used to represent additional information that is not part of the basic definition of the element and that modifies the understanding of the element in which it is contained and/or the understanding of the containing element's descendants. Usually modifier elements provide negation or qualification. To make the use of extensions safe and manageable, there is a strict set of governance applied to the definition and use of extensions. Though any implementer can define an extension, there is a set of requirements that SHALL be met as part of the definition of the extension. Applications processing a resource are required to check for modifier extensions.

Modifier extensions SHALL NOT change the meaning of any elements on Resource or DomainResource (including cannot change the meaning of modifierExtension itself).","There can be no stigma associated with the use of extensions by any application, project, or standard - regardless of the institution or jurisdiction that uses or defines the extensions.  The use of extensions is what allows the FHIR specification to retain a core level of simplicity for everyone.","Modifier extensions allow for extensions that *cannot* be safely ignored to be clearly distinguished from the vast majority of extensions which can be safely ignored.  This promotes interoperability by eliminating the need for implementers to prohibit the presence of extensions. For further information, see the [definition of modifier extensions](http://hl7.org/fhir/R4/extensibility.html#modifierExtension).","","","","","","","",,,,,"",,,,"BackboneElement.modifierExtension",0,*,"","ele-1:All FHIR elements must have a @value or children {hasValue() or (children().count() > id.count())}
ext-1:Must have either extensions or value[x], not both {extension.exists() != value.exists()}"
"HNBodyEvaluationsModel.bodyQuestions.q6215056f.answer","HNBodyEvaluationsModel.bodyQuestions.q6215056f.answer","","","",1,1,"","","","Coding {[]} {[]}
","評估答案","評估答案","","","","","","","","","",,"required","","http://ltc-ig.fhir.tw/ValueSet/hn-vs-ef4daeacd99a","",,,,"HNBodyEvaluationsModel.bodyQuestions.q6215056f.answer",1,1,"","","QuestionnaireResponse.item.where(linkId='BodyQuestions').item.where(linkId='BodyQuestions.q6215056f').item.where(linkId='BodyQuestions.q6215056f.Answer')"
"HNBodyEvaluationsModel.bodyQuestions.q6215056f.multipleAnswer","HNBodyEvaluationsModel.bodyQuestions.q6215056f.multipleAnswer","","","",0,1,"","","","string {[]} {[]}
","評估多選答案","評估多選答案。以逗號分隔選項；視力與聽力部位使用此欄。","","","","","","","","","",,,,,"",,,,"HNBodyEvaluationsModel.bodyQuestions.q6215056f.multipleAnswer",0,1,"","","QuestionnaireResponse.item.where(linkId='BodyQuestions').item.where(linkId='BodyQuestions.q6215056f').item.where(linkId='BodyQuestions.q6215056f.MultipleAnswer')"
"HNBodyEvaluationsModel.bodyQuestions.q6215056f.other","HNBodyEvaluationsModel.bodyQuestions.q6215056f.other","","","",0,1,"","","","string {[]} {[]}
","補充說明","補充說明","","","","","","","","","",,,,,"",,,,"HNBodyEvaluationsModel.bodyQuestions.q6215056f.other",0,1,"","","QuestionnaireResponse.item.where(linkId='BodyQuestions').item.where(linkId='BodyQuestions.q6215056f').item.where(linkId='BodyQuestions.q6215056f.Other')"
"HNBodyEvaluationsModel.bodyQuestions.q1678a5f1","HNBodyEvaluationsModel.bodyQuestions.q1678a5f1","","","",1,1,"","","","BackboneElement {[]} {[]}
","聽力-部位","聽力-部位","","","","","","","","","",,,,,"",,,,"HNBodyEvaluationsModel.bodyQuestions.q1678a5f1",1,1,"","ele-1:All FHIR elements must have a @value or children {hasValue() or (children().count() > id.count())}
","QuestionnaireResponse.item.where(linkId='BodyQuestions').item.where(linkId='BodyQuestions.q1678a5f1')"
"HNBodyEvaluationsModel.bodyQuestions.q1678a5f1.id","HNBodyEvaluationsModel.bodyQuestions.q1678a5f1.id","","","",0,1,"","","","string {[]} {[]}
","Unique id for inter-element referencing","Unique id for the element within a resource (for internal references). This may be any string value that does not contain spaces.","","","","","","","","","",,,,,"",,,,"Element.id",0,1,"",""
"HNBodyEvaluationsModel.bodyQuestions.q1678a5f1.extension","HNBodyEvaluationsModel.bodyQuestions.q1678a5f1.extension","","extensions
user content","",0,*,"","","","Extension {[]} {[]}
","Additional content defined by implementations","May be used to represent additional information that is not part of the basic definition of the element. To make the use of extensions safe and manageable, there is a strict set of governance  applied to the definition and use of extensions. Though any implementer can define an extension, there is a set of requirements that SHALL be met as part of the definition of the extension.","There can be no stigma associated with the use of extensions by any application, project, or standard - regardless of the institution or jurisdiction that uses or defines the extensions.  The use of extensions is what allows the FHIR specification to retain a core level of simplicity for everyone.","","","","","","","","",,,,,"","value:url}
","Extensions are always sliced by (at least) url",,"open","Element.extension",0,*,"","ele-1:All FHIR elements must have a @value or children {hasValue() or (children().count() > id.count())}
ext-1:Must have either extensions or value[x], not both {extension.exists() != value.exists()}"
"HNBodyEvaluationsModel.bodyQuestions.q1678a5f1.modifierExtension","HNBodyEvaluationsModel.bodyQuestions.q1678a5f1.modifierExtension","","extensions
user contentmodifiers","",0,*,"","Y","Y","Extension {[]} {[]}
","Extensions that cannot be ignored even if unrecognized","May be used to represent additional information that is not part of the basic definition of the element and that modifies the understanding of the element in which it is contained and/or the understanding of the containing element's descendants. Usually modifier elements provide negation or qualification. To make the use of extensions safe and manageable, there is a strict set of governance applied to the definition and use of extensions. Though any implementer can define an extension, there is a set of requirements that SHALL be met as part of the definition of the extension. Applications processing a resource are required to check for modifier extensions.

Modifier extensions SHALL NOT change the meaning of any elements on Resource or DomainResource (including cannot change the meaning of modifierExtension itself).","There can be no stigma associated with the use of extensions by any application, project, or standard - regardless of the institution or jurisdiction that uses or defines the extensions.  The use of extensions is what allows the FHIR specification to retain a core level of simplicity for everyone.","Modifier extensions allow for extensions that *cannot* be safely ignored to be clearly distinguished from the vast majority of extensions which can be safely ignored.  This promotes interoperability by eliminating the need for implementers to prohibit the presence of extensions. For further information, see the [definition of modifier extensions](http://hl7.org/fhir/R4/extensibility.html#modifierExtension).","","","","","","","",,,,,"",,,,"BackboneElement.modifierExtension",0,*,"","ele-1:All FHIR elements must have a @value or children {hasValue() or (children().count() > id.count())}
ext-1:Must have either extensions or value[x], not both {extension.exists() != value.exists()}"
"HNBodyEvaluationsModel.bodyQuestions.q1678a5f1.answer","HNBodyEvaluationsModel.bodyQuestions.q1678a5f1.answer","","","",0,1,"","","","string {[]} {[]}
","評估答案","評估答案。本題單選答案留空；填寫多選答案。","","","","","","","","","",,,,,"",,,,"HNBodyEvaluationsModel.bodyQuestions.q1678a5f1.answer",0,1,"","","QuestionnaireResponse.item.where(linkId='BodyQuestions').item.where(linkId='BodyQuestions.q1678a5f1').item.where(linkId='BodyQuestions.q1678a5f1.Answer')"
"HNBodyEvaluationsModel.bodyQuestions.q1678a5f1.multipleAnswer","HNBodyEvaluationsModel.bodyQuestions.q1678a5f1.multipleAnswer","","","",0,*,"","","","Coding {[]} {[]}
","評估多選答案","評估多選答案。來源為逗號分隔字串。FHIR 使用多筆 Coding 答案，回寫時依序以逗號串接。","","","","","","","","","",,"required","","http://ltc-ig.fhir.tw/ValueSet/hn-vs-7bc89358fe37","",,,,"HNBodyEvaluationsModel.bodyQuestions.q1678a5f1.multipleAnswer",0,*,"","","QuestionnaireResponse.item.where(linkId='BodyQuestions').item.where(linkId='BodyQuestions.q1678a5f1').item.where(linkId='BodyQuestions.q1678a5f1.MultipleAnswer')"
"HNBodyEvaluationsModel.bodyQuestions.q1678a5f1.other","HNBodyEvaluationsModel.bodyQuestions.q1678a5f1.other","","","",0,1,"","","","string {[]} {[]}
","補充說明","補充說明","","","","","","","","","",,,,,"",,,,"HNBodyEvaluationsModel.bodyQuestions.q1678a5f1.other",0,1,"","","QuestionnaireResponse.item.where(linkId='BodyQuestions').item.where(linkId='BodyQuestions.q1678a5f1').item.where(linkId='BodyQuestions.q1678a5f1.Other')"
"HNBodyEvaluationsModel.bodyQuestions.q93005aaa","HNBodyEvaluationsModel.bodyQuestions.q93005aaa","","","",1,1,"","","","BackboneElement {[]} {[]}
","聽力-影響日常活動","聽力-影響日常活動","","","","","","","","","",,,,,"",,,,"HNBodyEvaluationsModel.bodyQuestions.q93005aaa",1,1,"","ele-1:All FHIR elements must have a @value or children {hasValue() or (children().count() > id.count())}
","QuestionnaireResponse.item.where(linkId='BodyQuestions').item.where(linkId='BodyQuestions.q93005aaa')"
"HNBodyEvaluationsModel.bodyQuestions.q93005aaa.id","HNBodyEvaluationsModel.bodyQuestions.q93005aaa.id","","","",0,1,"","","","string {[]} {[]}
","Unique id for inter-element referencing","Unique id for the element within a resource (for internal references). This may be any string value that does not contain spaces.","","","","","","","","","",,,,,"",,,,"Element.id",0,1,"",""
"HNBodyEvaluationsModel.bodyQuestions.q93005aaa.extension","HNBodyEvaluationsModel.bodyQuestions.q93005aaa.extension","","extensions
user content","",0,*,"","","","Extension {[]} {[]}
","Additional content defined by implementations","May be used to represent additional information that is not part of the basic definition of the element. To make the use of extensions safe and manageable, there is a strict set of governance  applied to the definition and use of extensions. Though any implementer can define an extension, there is a set of requirements that SHALL be met as part of the definition of the extension.","There can be no stigma associated with the use of extensions by any application, project, or standard - regardless of the institution or jurisdiction that uses or defines the extensions.  The use of extensions is what allows the FHIR specification to retain a core level of simplicity for everyone.","","","","","","","","",,,,,"","value:url}
","Extensions are always sliced by (at least) url",,"open","Element.extension",0,*,"","ele-1:All FHIR elements must have a @value or children {hasValue() or (children().count() > id.count())}
ext-1:Must have either extensions or value[x], not both {extension.exists() != value.exists()}"
"HNBodyEvaluationsModel.bodyQuestions.q93005aaa.modifierExtension","HNBodyEvaluationsModel.bodyQuestions.q93005aaa.modifierExtension","","extensions
user contentmodifiers","",0,*,"","Y","Y","Extension {[]} {[]}
","Extensions that cannot be ignored even if unrecognized","May be used to represent additional information that is not part of the basic definition of the element and that modifies the understanding of the element in which it is contained and/or the understanding of the containing element's descendants. Usually modifier elements provide negation or qualification. To make the use of extensions safe and manageable, there is a strict set of governance applied to the definition and use of extensions. Though any implementer can define an extension, there is a set of requirements that SHALL be met as part of the definition of the extension. Applications processing a resource are required to check for modifier extensions.

Modifier extensions SHALL NOT change the meaning of any elements on Resource or DomainResource (including cannot change the meaning of modifierExtension itself).","There can be no stigma associated with the use of extensions by any application, project, or standard - regardless of the institution or jurisdiction that uses or defines the extensions.  The use of extensions is what allows the FHIR specification to retain a core level of simplicity for everyone.","Modifier extensions allow for extensions that *cannot* be safely ignored to be clearly distinguished from the vast majority of extensions which can be safely ignored.  This promotes interoperability by eliminating the need for implementers to prohibit the presence of extensions. For further information, see the [definition of modifier extensions](http://hl7.org/fhir/R4/extensibility.html#modifierExtension).","","","","","","","",,,,,"",,,,"BackboneElement.modifierExtension",0,*,"","ele-1:All FHIR elements must have a @value or children {hasValue() or (children().count() > id.count())}
ext-1:Must have either extensions or value[x], not both {extension.exists() != value.exists()}"
"HNBodyEvaluationsModel.bodyQuestions.q93005aaa.answer","HNBodyEvaluationsModel.bodyQuestions.q93005aaa.answer","","","",1,1,"","","","Coding {[]} {[]}
","評估答案","評估答案","","","","","","","","","",,"required","","http://ltc-ig.fhir.tw/ValueSet/hn-vs-58e4d598f859","",,,,"HNBodyEvaluationsModel.bodyQuestions.q93005aaa.answer",1,1,"","","QuestionnaireResponse.item.where(linkId='BodyQuestions').item.where(linkId='BodyQuestions.q93005aaa').item.where(linkId='BodyQuestions.q93005aaa.Answer')"
"HNBodyEvaluationsModel.bodyQuestions.q93005aaa.multipleAnswer","HNBodyEvaluationsModel.bodyQuestions.q93005aaa.multipleAnswer","","","",0,1,"","","","string {[]} {[]}
","評估多選答案","評估多選答案。以逗號分隔選項；視力與聽力部位使用此欄。","","","","","","","","","",,,,,"",,,,"HNBodyEvaluationsModel.bodyQuestions.q93005aaa.multipleAnswer",0,1,"","","QuestionnaireResponse.item.where(linkId='BodyQuestions').item.where(linkId='BodyQuestions.q93005aaa').item.where(linkId='BodyQuestions.q93005aaa.MultipleAnswer')"
"HNBodyEvaluationsModel.bodyQuestions.q93005aaa.other","HNBodyEvaluationsModel.bodyQuestions.q93005aaa.other","","","",0,1,"","","","string {[]} {[]}
","補充說明","補充說明","","","","","","","","","",,,,,"",,,,"HNBodyEvaluationsModel.bodyQuestions.q93005aaa.other",0,1,"","","QuestionnaireResponse.item.where(linkId='BodyQuestions').item.where(linkId='BodyQuestions.q93005aaa').item.where(linkId='BodyQuestions.q93005aaa.Other')"
"HNBodyEvaluationsModel.bodyQuestions.q2386d883","HNBodyEvaluationsModel.bodyQuestions.q2386d883","","","",1,1,"","","","BackboneElement {[]} {[]}
","聽力-輔具","聽力-輔具","","","","","","","","","",,,,,"",,,,"HNBodyEvaluationsModel.bodyQuestions.q2386d883",1,1,"","ele-1:All FHIR elements must have a @value or children {hasValue() or (children().count() > id.count())}
","QuestionnaireResponse.item.where(linkId='BodyQuestions').item.where(linkId='BodyQuestions.q2386d883')"
"HNBodyEvaluationsModel.bodyQuestions.q2386d883.id","HNBodyEvaluationsModel.bodyQuestions.q2386d883.id","","","",0,1,"","","","string {[]} {[]}
","Unique id for inter-element referencing","Unique id for the element within a resource (for internal references). This may be any string value that does not contain spaces.","","","","","","","","","",,,,,"",,,,"Element.id",0,1,"",""
"HNBodyEvaluationsModel.bodyQuestions.q2386d883.extension","HNBodyEvaluationsModel.bodyQuestions.q2386d883.extension","","extensions
user content","",0,*,"","","","Extension {[]} {[]}
","Additional content defined by implementations","May be used to represent additional information that is not part of the basic definition of the element. To make the use of extensions safe and manageable, there is a strict set of governance  applied to the definition and use of extensions. Though any implementer can define an extension, there is a set of requirements that SHALL be met as part of the definition of the extension.","There can be no stigma associated with the use of extensions by any application, project, or standard - regardless of the institution or jurisdiction that uses or defines the extensions.  The use of extensions is what allows the FHIR specification to retain a core level of simplicity for everyone.","","","","","","","","",,,,,"","value:url}
","Extensions are always sliced by (at least) url",,"open","Element.extension",0,*,"","ele-1:All FHIR elements must have a @value or children {hasValue() or (children().count() > id.count())}
ext-1:Must have either extensions or value[x], not both {extension.exists() != value.exists()}"
"HNBodyEvaluationsModel.bodyQuestions.q2386d883.modifierExtension","HNBodyEvaluationsModel.bodyQuestions.q2386d883.modifierExtension","","extensions
user contentmodifiers","",0,*,"","Y","Y","Extension {[]} {[]}
","Extensions that cannot be ignored even if unrecognized","May be used to represent additional information that is not part of the basic definition of the element and that modifies the understanding of the element in which it is contained and/or the understanding of the containing element's descendants. Usually modifier elements provide negation or qualification. To make the use of extensions safe and manageable, there is a strict set of governance applied to the definition and use of extensions. Though any implementer can define an extension, there is a set of requirements that SHALL be met as part of the definition of the extension. Applications processing a resource are required to check for modifier extensions.

Modifier extensions SHALL NOT change the meaning of any elements on Resource or DomainResource (including cannot change the meaning of modifierExtension itself).","There can be no stigma associated with the use of extensions by any application, project, or standard - regardless of the institution or jurisdiction that uses or defines the extensions.  The use of extensions is what allows the FHIR specification to retain a core level of simplicity for everyone.","Modifier extensions allow for extensions that *cannot* be safely ignored to be clearly distinguished from the vast majority of extensions which can be safely ignored.  This promotes interoperability by eliminating the need for implementers to prohibit the presence of extensions. For further information, see the [definition of modifier extensions](http://hl7.org/fhir/R4/extensibility.html#modifierExtension).","","","","","","","",,,,,"",,,,"BackboneElement.modifierExtension",0,*,"","ele-1:All FHIR elements must have a @value or children {hasValue() or (children().count() > id.count())}
ext-1:Must have either extensions or value[x], not both {extension.exists() != value.exists()}"
"HNBodyEvaluationsModel.bodyQuestions.q2386d883.answer","HNBodyEvaluationsModel.bodyQuestions.q2386d883.answer","","","",1,1,"","","","Coding {[]} {[]}
","評估答案","評估答案","","","","","","","","","",,"required","","http://ltc-ig.fhir.tw/ValueSet/hn-vs-49fe20230ec3","",,,,"HNBodyEvaluationsModel.bodyQuestions.q2386d883.answer",1,1,"","","QuestionnaireResponse.item.where(linkId='BodyQuestions').item.where(linkId='BodyQuestions.q2386d883').item.where(linkId='BodyQuestions.q2386d883.Answer')"
"HNBodyEvaluationsModel.bodyQuestions.q2386d883.multipleAnswer","HNBodyEvaluationsModel.bodyQuestions.q2386d883.multipleAnswer","","","",0,*,"","","","Coding {[]} {[]}
","評估多選答案","評估多選答案。來源為逗號分隔字串。FHIR 使用多筆 Coding 答案，回寫時依序以逗號串接。","","","","","","","","","",,"required","","http://ltc-ig.fhir.tw/ValueSet/hn-vs-f0b4522906b6","",,,,"HNBodyEvaluationsModel.bodyQuestions.q2386d883.multipleAnswer",0,*,"","","QuestionnaireResponse.item.where(linkId='BodyQuestions').item.where(linkId='BodyQuestions.q2386d883').item.where(linkId='BodyQuestions.q2386d883.MultipleAnswer')"
"HNBodyEvaluationsModel.bodyQuestions.q2386d883.other","HNBodyEvaluationsModel.bodyQuestions.q2386d883.other","","","",0,1,"","","","string {[]} {[]}
","補充說明","補充說明","","","","","","","","","",,,,,"",,,,"HNBodyEvaluationsModel.bodyQuestions.q2386d883.other",0,1,"","","QuestionnaireResponse.item.where(linkId='BodyQuestions').item.where(linkId='BodyQuestions.q2386d883').item.where(linkId='BodyQuestions.q2386d883.Other')"
"HNBodyEvaluationsModel.bodyQuestions.q306e4676","HNBodyEvaluationsModel.bodyQuestions.q306e4676","","","",1,1,"","","","BackboneElement {[]} {[]}
","溝通","溝通","","","","","","","","","",,,,,"",,,,"HNBodyEvaluationsModel.bodyQuestions.q306e4676",1,1,"","ele-1:All FHIR elements must have a @value or children {hasValue() or (children().count() > id.count())}
","QuestionnaireResponse.item.where(linkId='BodyQuestions').item.where(linkId='BodyQuestions.q306e4676')"
"HNBodyEvaluationsModel.bodyQuestions.q306e4676.id","HNBodyEvaluationsModel.bodyQuestions.q306e4676.id","","","",0,1,"","","","string {[]} {[]}
","Unique id for inter-element referencing","Unique id for the element within a resource (for internal references). This may be any string value that does not contain spaces.","","","","","","","","","",,,,,"",,,,"Element.id",0,1,"",""
"HNBodyEvaluationsModel.bodyQuestions.q306e4676.extension","HNBodyEvaluationsModel.bodyQuestions.q306e4676.extension","","extensions
user content","",0,*,"","","","Extension {[]} {[]}
","Additional content defined by implementations","May be used to represent additional information that is not part of the basic definition of the element. To make the use of extensions safe and manageable, there is a strict set of governance  applied to the definition and use of extensions. Though any implementer can define an extension, there is a set of requirements that SHALL be met as part of the definition of the extension.","There can be no stigma associated with the use of extensions by any application, project, or standard - regardless of the institution or jurisdiction that uses or defines the extensions.  The use of extensions is what allows the FHIR specification to retain a core level of simplicity for everyone.","","","","","","","","",,,,,"","value:url}
","Extensions are always sliced by (at least) url",,"open","Element.extension",0,*,"","ele-1:All FHIR elements must have a @value or children {hasValue() or (children().count() > id.count())}
ext-1:Must have either extensions or value[x], not both {extension.exists() != value.exists()}"
"HNBodyEvaluationsModel.bodyQuestions.q306e4676.modifierExtension","HNBodyEvaluationsModel.bodyQuestions.q306e4676.modifierExtension","","extensions
user contentmodifiers","",0,*,"","Y","Y","Extension {[]} {[]}
","Extensions that cannot be ignored even if unrecognized","May be used to represent additional information that is not part of the basic definition of the element and that modifies the understanding of the element in which it is contained and/or the understanding of the containing element's descendants. Usually modifier elements provide negation or qualification. To make the use of extensions safe and manageable, there is a strict set of governance applied to the definition and use of extensions. Though any implementer can define an extension, there is a set of requirements that SHALL be met as part of the definition of the extension. Applications processing a resource are required to check for modifier extensions.

Modifier extensions SHALL NOT change the meaning of any elements on Resource or DomainResource (including cannot change the meaning of modifierExtension itself).","There can be no stigma associated with the use of extensions by any application, project, or standard - regardless of the institution or jurisdiction that uses or defines the extensions.  The use of extensions is what allows the FHIR specification to retain a core level of simplicity for everyone.","Modifier extensions allow for extensions that *cannot* be safely ignored to be clearly distinguished from the vast majority of extensions which can be safely ignored.  This promotes interoperability by eliminating the need for implementers to prohibit the presence of extensions. For further information, see the [definition of modifier extensions](http://hl7.org/fhir/R4/extensibility.html#modifierExtension).","","","","","","","",,,,,"",,,,"BackboneElement.modifierExtension",0,*,"","ele-1:All FHIR elements must have a @value or children {hasValue() or (children().count() > id.count())}
ext-1:Must have either extensions or value[x], not both {extension.exists() != value.exists()}"
"HNBodyEvaluationsModel.bodyQuestions.q306e4676.answer","HNBodyEvaluationsModel.bodyQuestions.q306e4676.answer","","","",1,1,"","","","Coding {[]} {[]}
","評估答案","評估答案","","","","","","","","","",,"required","","http://ltc-ig.fhir.tw/ValueSet/hn-vs-0655870f5454","",,,,"HNBodyEvaluationsModel.bodyQuestions.q306e4676.answer",1,1,"","","QuestionnaireResponse.item.where(linkId='BodyQuestions').item.where(linkId='BodyQuestions.q306e4676').item.where(linkId='BodyQuestions.q306e4676.Answer')"
"HNBodyEvaluationsModel.bodyQuestions.q306e4676.multipleAnswer","HNBodyEvaluationsModel.bodyQuestions.q306e4676.multipleAnswer","","","",0,1,"","","","string {[]} {[]}
","評估多選答案","評估多選答案。來源為逗號分隔字串。FHIR 使用多筆 Coding 答案，回寫時依序以逗號串接。","","","","","","","","","",,,,,"",,,,"HNBodyEvaluationsModel.bodyQuestions.q306e4676.multipleAnswer",0,1,"","","QuestionnaireResponse.item.where(linkId='BodyQuestions').item.where(linkId='BodyQuestions.q306e4676').item.where(linkId='BodyQuestions.q306e4676.MultipleAnswer')"
"HNBodyEvaluationsModel.bodyQuestions.q306e4676.other","HNBodyEvaluationsModel.bodyQuestions.q306e4676.other","","","",0,1,"","","","string {[]} {[]}
","補充說明","補充說明","","","","","","","","","",,,,,"",,,,"HNBodyEvaluationsModel.bodyQuestions.q306e4676.other",0,1,"","","QuestionnaireResponse.item.where(linkId='BodyQuestions').item.where(linkId='BodyQuestions.q306e4676').item.where(linkId='BodyQuestions.q306e4676.Other')"
"HNBodyEvaluationsModel.bodyQuestions.q63b2fbbe","HNBodyEvaluationsModel.bodyQuestions.q63b2fbbe","","","",1,1,"","","","BackboneElement {[]} {[]}
","溝通-影響日常活動","溝通-影響日常活動","","","","","","","","","",,,,,"",,,,"HNBodyEvaluationsModel.bodyQuestions.q63b2fbbe",1,1,"","ele-1:All FHIR elements must have a @value or children {hasValue() or (children().count() > id.count())}
","QuestionnaireResponse.item.where(linkId='BodyQuestions').item.where(linkId='BodyQuestions.q63b2fbbe')"
"HNBodyEvaluationsModel.bodyQuestions.q63b2fbbe.id","HNBodyEvaluationsModel.bodyQuestions.q63b2fbbe.id","","","",0,1,"","","","string {[]} {[]}
","Unique id for inter-element referencing","Unique id for the element within a resource (for internal references). This may be any string value that does not contain spaces.","","","","","","","","","",,,,,"",,,,"Element.id",0,1,"",""
"HNBodyEvaluationsModel.bodyQuestions.q63b2fbbe.extension","HNBodyEvaluationsModel.bodyQuestions.q63b2fbbe.extension","","extensions
user content","",0,*,"","","","Extension {[]} {[]}
","Additional content defined by implementations","May be used to represent additional information that is not part of the basic definition of the element. To make the use of extensions safe and manageable, there is a strict set of governance  applied to the definition and use of extensions. Though any implementer can define an extension, there is a set of requirements that SHALL be met as part of the definition of the extension.","There can be no stigma associated with the use of extensions by any application, project, or standard - regardless of the institution or jurisdiction that uses or defines the extensions.  The use of extensions is what allows the FHIR specification to retain a core level of simplicity for everyone.","","","","","","","","",,,,,"","value:url}
","Extensions are always sliced by (at least) url",,"open","Element.extension",0,*,"","ele-1:All FHIR elements must have a @value or children {hasValue() or (children().count() > id.count())}
ext-1:Must have either extensions or value[x], not both {extension.exists() != value.exists()}"
"HNBodyEvaluationsModel.bodyQuestions.q63b2fbbe.modifierExtension","HNBodyEvaluationsModel.bodyQuestions.q63b2fbbe.modifierExtension","","extensions
user contentmodifiers","",0,*,"","Y","Y","Extension {[]} {[]}
","Extensions that cannot be ignored even if unrecognized","May be used to represent additional information that is not part of the basic definition of the element and that modifies the understanding of the element in which it is contained and/or the understanding of the containing element's descendants. Usually modifier elements provide negation or qualification. To make the use of extensions safe and manageable, there is a strict set of governance applied to the definition and use of extensions. Though any implementer can define an extension, there is a set of requirements that SHALL be met as part of the definition of the extension. Applications processing a resource are required to check for modifier extensions.

Modifier extensions SHALL NOT change the meaning of any elements on Resource or DomainResource (including cannot change the meaning of modifierExtension itself).","There can be no stigma associated with the use of extensions by any application, project, or standard - regardless of the institution or jurisdiction that uses or defines the extensions.  The use of extensions is what allows the FHIR specification to retain a core level of simplicity for everyone.","Modifier extensions allow for extensions that *cannot* be safely ignored to be clearly distinguished from the vast majority of extensions which can be safely ignored.  This promotes interoperability by eliminating the need for implementers to prohibit the presence of extensions. For further information, see the [definition of modifier extensions](http://hl7.org/fhir/R4/extensibility.html#modifierExtension).","","","","","","","",,,,,"",,,,"BackboneElement.modifierExtension",0,*,"","ele-1:All FHIR elements must have a @value or children {hasValue() or (children().count() > id.count())}
ext-1:Must have either extensions or value[x], not both {extension.exists() != value.exists()}"
"HNBodyEvaluationsModel.bodyQuestions.q63b2fbbe.answer","HNBodyEvaluationsModel.bodyQuestions.q63b2fbbe.answer","","","",1,1,"","","","Coding {[]} {[]}
","評估答案","評估答案","","","","","","","","","",,"required","","http://ltc-ig.fhir.tw/ValueSet/hn-vs-d9301962abbf","",,,,"HNBodyEvaluationsModel.bodyQuestions.q63b2fbbe.answer",1,1,"","","QuestionnaireResponse.item.where(linkId='BodyQuestions').item.where(linkId='BodyQuestions.q63b2fbbe').item.where(linkId='BodyQuestions.q63b2fbbe.Answer')"
"HNBodyEvaluationsModel.bodyQuestions.q63b2fbbe.multipleAnswer","HNBodyEvaluationsModel.bodyQuestions.q63b2fbbe.multipleAnswer","","","",0,1,"","","","string {[]} {[]}
","評估多選答案","評估多選答案。以逗號分隔選項；視力與聽力部位使用此欄。","","","","","","","","","",,,,,"",,,,"HNBodyEvaluationsModel.bodyQuestions.q63b2fbbe.multipleAnswer",0,1,"","","QuestionnaireResponse.item.where(linkId='BodyQuestions').item.where(linkId='BodyQuestions.q63b2fbbe').item.where(linkId='BodyQuestions.q63b2fbbe.MultipleAnswer')"
"HNBodyEvaluationsModel.bodyQuestions.q63b2fbbe.other","HNBodyEvaluationsModel.bodyQuestions.q63b2fbbe.other","","","",0,1,"","","","string {[]} {[]}
","補充說明","補充說明","","","","","","","","","",,,,,"",,,,"HNBodyEvaluationsModel.bodyQuestions.q63b2fbbe.other",0,1,"","","QuestionnaireResponse.item.where(linkId='BodyQuestions').item.where(linkId='BodyQuestions.q63b2fbbe').item.where(linkId='BodyQuestions.q63b2fbbe.Other')"
"HNBodyEvaluationsModel.bodyQuestions.q3288f369","HNBodyEvaluationsModel.bodyQuestions.q3288f369","","","",1,1,"","","","BackboneElement {[]} {[]}
","說話","說話","","","","","","","","","",,,,,"",,,,"HNBodyEvaluationsModel.bodyQuestions.q3288f369",1,1,"","ele-1:All FHIR elements must have a @value or children {hasValue() or (children().count() > id.count())}
","QuestionnaireResponse.item.where(linkId='BodyQuestions').item.where(linkId='BodyQuestions.q3288f369')"
"HNBodyEvaluationsModel.bodyQuestions.q3288f369.id","HNBodyEvaluationsModel.bodyQuestions.q3288f369.id","","","",0,1,"","","","string {[]} {[]}
","Unique id for inter-element referencing","Unique id for the element within a resource (for internal references). This may be any string value that does not contain spaces.","","","","","","","","","",,,,,"",,,,"Element.id",0,1,"",""
"HNBodyEvaluationsModel.bodyQuestions.q3288f369.extension","HNBodyEvaluationsModel.bodyQuestions.q3288f369.extension","","extensions
user content","",0,*,"","","","Extension {[]} {[]}
","Additional content defined by implementations","May be used to represent additional information that is not part of the basic definition of the element. To make the use of extensions safe and manageable, there is a strict set of governance  applied to the definition and use of extensions. Though any implementer can define an extension, there is a set of requirements that SHALL be met as part of the definition of the extension.","There can be no stigma associated with the use of extensions by any application, project, or standard - regardless of the institution or jurisdiction that uses or defines the extensions.  The use of extensions is what allows the FHIR specification to retain a core level of simplicity for everyone.","","","","","","","","",,,,,"","value:url}
","Extensions are always sliced by (at least) url",,"open","Element.extension",0,*,"","ele-1:All FHIR elements must have a @value or children {hasValue() or (children().count() > id.count())}
ext-1:Must have either extensions or value[x], not both {extension.exists() != value.exists()}"
"HNBodyEvaluationsModel.bodyQuestions.q3288f369.modifierExtension","HNBodyEvaluationsModel.bodyQuestions.q3288f369.modifierExtension","","extensions
user contentmodifiers","",0,*,"","Y","Y","Extension {[]} {[]}
","Extensions that cannot be ignored even if unrecognized","May be used to represent additional information that is not part of the basic definition of the element and that modifies the understanding of the element in which it is contained and/or the understanding of the containing element's descendants. Usually modifier elements provide negation or qualification. To make the use of extensions safe and manageable, there is a strict set of governance applied to the definition and use of extensions. Though any implementer can define an extension, there is a set of requirements that SHALL be met as part of the definition of the extension. Applications processing a resource are required to check for modifier extensions.

Modifier extensions SHALL NOT change the meaning of any elements on Resource or DomainResource (including cannot change the meaning of modifierExtension itself).","There can be no stigma associated with the use of extensions by any application, project, or standard - regardless of the institution or jurisdiction that uses or defines the extensions.  The use of extensions is what allows the FHIR specification to retain a core level of simplicity for everyone.","Modifier extensions allow for extensions that *cannot* be safely ignored to be clearly distinguished from the vast majority of extensions which can be safely ignored.  This promotes interoperability by eliminating the need for implementers to prohibit the presence of extensions. For further information, see the [definition of modifier extensions](http://hl7.org/fhir/R4/extensibility.html#modifierExtension).","","","","","","","",,,,,"",,,,"BackboneElement.modifierExtension",0,*,"","ele-1:All FHIR elements must have a @value or children {hasValue() or (children().count() > id.count())}
ext-1:Must have either extensions or value[x], not both {extension.exists() != value.exists()}"
"HNBodyEvaluationsModel.bodyQuestions.q3288f369.answer","HNBodyEvaluationsModel.bodyQuestions.q3288f369.answer","","","",1,1,"","","","Coding {[]} {[]}
","評估答案","評估答案","","","","","","","","","",,"required","","http://ltc-ig.fhir.tw/ValueSet/hn-vs-3330cbe2f937","",,,,"HNBodyEvaluationsModel.bodyQuestions.q3288f369.answer",1,1,"","","QuestionnaireResponse.item.where(linkId='BodyQuestions').item.where(linkId='BodyQuestions.q3288f369').item.where(linkId='BodyQuestions.q3288f369.Answer')"
"HNBodyEvaluationsModel.bodyQuestions.q3288f369.multipleAnswer","HNBodyEvaluationsModel.bodyQuestions.q3288f369.multipleAnswer","","","",0,1,"","","","string {[]} {[]}
","評估多選答案","評估多選答案。以逗號分隔選項；視力與聽力部位使用此欄。","","","","","","","","","",,,,,"",,,,"HNBodyEvaluationsModel.bodyQuestions.q3288f369.multipleAnswer",0,1,"","","QuestionnaireResponse.item.where(linkId='BodyQuestions').item.where(linkId='BodyQuestions.q3288f369').item.where(linkId='BodyQuestions.q3288f369.MultipleAnswer')"
"HNBodyEvaluationsModel.bodyQuestions.q3288f369.other","HNBodyEvaluationsModel.bodyQuestions.q3288f369.other","","","",0,1,"","","","string {[]} {[]}
","補充說明","補充說明","","","","","","","","","",,,,,"",,,,"HNBodyEvaluationsModel.bodyQuestions.q3288f369.other",0,1,"","","QuestionnaireResponse.item.where(linkId='BodyQuestions').item.where(linkId='BodyQuestions.q3288f369').item.where(linkId='BodyQuestions.q3288f369.Other')"
"HNBodyEvaluationsModel.bodyQuestions.q14304745","HNBodyEvaluationsModel.bodyQuestions.q14304745","","","",1,1,"","","","BackboneElement {[]} {[]}
","理解","理解","","","","","","","","","",,,,,"",,,,"HNBodyEvaluationsModel.bodyQuestions.q14304745",1,1,"","ele-1:All FHIR elements must have a @value or children {hasValue() or (children().count() > id.count())}
","QuestionnaireResponse.item.where(linkId='BodyQuestions').item.where(linkId='BodyQuestions.q14304745')"
"HNBodyEvaluationsModel.bodyQuestions.q14304745.id","HNBodyEvaluationsModel.bodyQuestions.q14304745.id","","","",0,1,"","","","string {[]} {[]}
","Unique id for inter-element referencing","Unique id for the element within a resource (for internal references). This may be any string value that does not contain spaces.","","","","","","","","","",,,,,"",,,,"Element.id",0,1,"",""
"HNBodyEvaluationsModel.bodyQuestions.q14304745.extension","HNBodyEvaluationsModel.bodyQuestions.q14304745.extension","","extensions
user content","",0,*,"","","","Extension {[]} {[]}
","Additional content defined by implementations","May be used to represent additional information that is not part of the basic definition of the element. To make the use of extensions safe and manageable, there is a strict set of governance  applied to the definition and use of extensions. Though any implementer can define an extension, there is a set of requirements that SHALL be met as part of the definition of the extension.","There can be no stigma associated with the use of extensions by any application, project, or standard - regardless of the institution or jurisdiction that uses or defines the extensions.  The use of extensions is what allows the FHIR specification to retain a core level of simplicity for everyone.","","","","","","","","",,,,,"","value:url}
","Extensions are always sliced by (at least) url",,"open","Element.extension",0,*,"","ele-1:All FHIR elements must have a @value or children {hasValue() or (children().count() > id.count())}
ext-1:Must have either extensions or value[x], not both {extension.exists() != value.exists()}"
"HNBodyEvaluationsModel.bodyQuestions.q14304745.modifierExtension","HNBodyEvaluationsModel.bodyQuestions.q14304745.modifierExtension","","extensions
user contentmodifiers","",0,*,"","Y","Y","Extension {[]} {[]}
","Extensions that cannot be ignored even if unrecognized","May be used to represent additional information that is not part of the basic definition of the element and that modifies the understanding of the element in which it is contained and/or the understanding of the containing element's descendants. Usually modifier elements provide negation or qualification. To make the use of extensions safe and manageable, there is a strict set of governance applied to the definition and use of extensions. Though any implementer can define an extension, there is a set of requirements that SHALL be met as part of the definition of the extension. Applications processing a resource are required to check for modifier extensions.

Modifier extensions SHALL NOT change the meaning of any elements on Resource or DomainResource (including cannot change the meaning of modifierExtension itself).","There can be no stigma associated with the use of extensions by any application, project, or standard - regardless of the institution or jurisdiction that uses or defines the extensions.  The use of extensions is what allows the FHIR specification to retain a core level of simplicity for everyone.","Modifier extensions allow for extensions that *cannot* be safely ignored to be clearly distinguished from the vast majority of extensions which can be safely ignored.  This promotes interoperability by eliminating the need for implementers to prohibit the presence of extensions. For further information, see the [definition of modifier extensions](http://hl7.org/fhir/R4/extensibility.html#modifierExtension).","","","","","","","",,,,,"",,,,"BackboneElement.modifierExtension",0,*,"","ele-1:All FHIR elements must have a @value or children {hasValue() or (children().count() > id.count())}
ext-1:Must have either extensions or value[x], not both {extension.exists() != value.exists()}"
"HNBodyEvaluationsModel.bodyQuestions.q14304745.answer","HNBodyEvaluationsModel.bodyQuestions.q14304745.answer","","","",1,1,"","","","Coding {[]} {[]}
","評估答案","評估答案","","","","","","","","","",,"required","","http://ltc-ig.fhir.tw/ValueSet/hn-vs-dc054900d0e6","",,,,"HNBodyEvaluationsModel.bodyQuestions.q14304745.answer",1,1,"","","QuestionnaireResponse.item.where(linkId='BodyQuestions').item.where(linkId='BodyQuestions.q14304745').item.where(linkId='BodyQuestions.q14304745.Answer')"
"HNBodyEvaluationsModel.bodyQuestions.q14304745.multipleAnswer","HNBodyEvaluationsModel.bodyQuestions.q14304745.multipleAnswer","","","",0,1,"","","","string {[]} {[]}
","評估多選答案","評估多選答案。以逗號分隔選項；視力與聽力部位使用此欄。","","","","","","","","","",,,,,"",,,,"HNBodyEvaluationsModel.bodyQuestions.q14304745.multipleAnswer",0,1,"","","QuestionnaireResponse.item.where(linkId='BodyQuestions').item.where(linkId='BodyQuestions.q14304745').item.where(linkId='BodyQuestions.q14304745.MultipleAnswer')"
"HNBodyEvaluationsModel.bodyQuestions.q14304745.other","HNBodyEvaluationsModel.bodyQuestions.q14304745.other","","","",0,1,"","","","string {[]} {[]}
","補充說明","補充說明","","","","","","","","","",,,,,"",,,,"HNBodyEvaluationsModel.bodyQuestions.q14304745.other",0,1,"","","QuestionnaireResponse.item.where(linkId='BodyQuestions').item.where(linkId='BodyQuestions.q14304745').item.where(linkId='BodyQuestions.q14304745.Other')"
"HNBodyEvaluationsModel.bodyQuestions.q7ca654d9","HNBodyEvaluationsModel.bodyQuestions.q7ca654d9","","","",1,1,"","","","BackboneElement {[]} {[]}
","口腔外觀","口腔外觀","","","","","","","","","",,,,,"",,,,"HNBodyEvaluationsModel.bodyQuestions.q7ca654d9",1,1,"","ele-1:All FHIR elements must have a @value or children {hasValue() or (children().count() > id.count())}
","QuestionnaireResponse.item.where(linkId='BodyQuestions').item.where(linkId='BodyQuestions.q7ca654d9')"
"HNBodyEvaluationsModel.bodyQuestions.q7ca654d9.id","HNBodyEvaluationsModel.bodyQuestions.q7ca654d9.id","","","",0,1,"","","","string {[]} {[]}
","Unique id for inter-element referencing","Unique id for the element within a resource (for internal references). This may be any string value that does not contain spaces.","","","","","","","","","",,,,,"",,,,"Element.id",0,1,"",""
"HNBodyEvaluationsModel.bodyQuestions.q7ca654d9.extension","HNBodyEvaluationsModel.bodyQuestions.q7ca654d9.extension","","extensions
user content","",0,*,"","","","Extension {[]} {[]}
","Additional content defined by implementations","May be used to represent additional information that is not part of the basic definition of the element. To make the use of extensions safe and manageable, there is a strict set of governance  applied to the definition and use of extensions. Though any implementer can define an extension, there is a set of requirements that SHALL be met as part of the definition of the extension.","There can be no stigma associated with the use of extensions by any application, project, or standard - regardless of the institution or jurisdiction that uses or defines the extensions.  The use of extensions is what allows the FHIR specification to retain a core level of simplicity for everyone.","","","","","","","","",,,,,"","value:url}
","Extensions are always sliced by (at least) url",,"open","Element.extension",0,*,"","ele-1:All FHIR elements must have a @value or children {hasValue() or (children().count() > id.count())}
ext-1:Must have either extensions or value[x], not both {extension.exists() != value.exists()}"
"HNBodyEvaluationsModel.bodyQuestions.q7ca654d9.modifierExtension","HNBodyEvaluationsModel.bodyQuestions.q7ca654d9.modifierExtension","","extensions
user contentmodifiers","",0,*,"","Y","Y","Extension {[]} {[]}
","Extensions that cannot be ignored even if unrecognized","May be used to represent additional information that is not part of the basic definition of the element and that modifies the understanding of the element in which it is contained and/or the understanding of the containing element's descendants. Usually modifier elements provide negation or qualification. To make the use of extensions safe and manageable, there is a strict set of governance applied to the definition and use of extensions. Though any implementer can define an extension, there is a set of requirements that SHALL be met as part of the definition of the extension. Applications processing a resource are required to check for modifier extensions.

Modifier extensions SHALL NOT change the meaning of any elements on Resource or DomainResource (including cannot change the meaning of modifierExtension itself).","There can be no stigma associated with the use of extensions by any application, project, or standard - regardless of the institution or jurisdiction that uses or defines the extensions.  The use of extensions is what allows the FHIR specification to retain a core level of simplicity for everyone.","Modifier extensions allow for extensions that *cannot* be safely ignored to be clearly distinguished from the vast majority of extensions which can be safely ignored.  This promotes interoperability by eliminating the need for implementers to prohibit the presence of extensions. For further information, see the [definition of modifier extensions](http://hl7.org/fhir/R4/extensibility.html#modifierExtension).","","","","","","","",,,,,"",,,,"BackboneElement.modifierExtension",0,*,"","ele-1:All FHIR elements must have a @value or children {hasValue() or (children().count() > id.count())}
ext-1:Must have either extensions or value[x], not both {extension.exists() != value.exists()}"
"HNBodyEvaluationsModel.bodyQuestions.q7ca654d9.answer","HNBodyEvaluationsModel.bodyQuestions.q7ca654d9.answer","","","",1,1,"","","","Coding {[]} {[]}
","評估答案","評估答案","","","","","","","","","",,"required","","http://ltc-ig.fhir.tw/ValueSet/hn-vs-7c98e63372ac","",,,,"HNBodyEvaluationsModel.bodyQuestions.q7ca654d9.answer",1,1,"","","QuestionnaireResponse.item.where(linkId='BodyQuestions').item.where(linkId='BodyQuestions.q7ca654d9').item.where(linkId='BodyQuestions.q7ca654d9.Answer')"
"HNBodyEvaluationsModel.bodyQuestions.q7ca654d9.multipleAnswer","HNBodyEvaluationsModel.bodyQuestions.q7ca654d9.multipleAnswer","","","",0,*,"","","","Coding {[]} {[]}
","評估多選答案","評估多選答案。來源為逗號分隔字串。FHIR 使用多筆 Coding 答案，回寫時依序以逗號串接。","","","","","","","","","",,"required","","http://ltc-ig.fhir.tw/ValueSet/hn-vs-415683173294","",,,,"HNBodyEvaluationsModel.bodyQuestions.q7ca654d9.multipleAnswer",0,*,"","","QuestionnaireResponse.item.where(linkId='BodyQuestions').item.where(linkId='BodyQuestions.q7ca654d9').item.where(linkId='BodyQuestions.q7ca654d9.MultipleAnswer')"
"HNBodyEvaluationsModel.bodyQuestions.q7ca654d9.other","HNBodyEvaluationsModel.bodyQuestions.q7ca654d9.other","","","",0,1,"","","","string {[]} {[]}
","補充說明","補充說明","","","","","","","","","",,,,,"",,,,"HNBodyEvaluationsModel.bodyQuestions.q7ca654d9.other",0,1,"","","QuestionnaireResponse.item.where(linkId='BodyQuestions').item.where(linkId='BodyQuestions.q7ca654d9').item.where(linkId='BodyQuestions.q7ca654d9.Other')"
"HNBodyEvaluationsModel.bodyQuestions.q53fb7d09","HNBodyEvaluationsModel.bodyQuestions.q53fb7d09","","","",1,1,"","","","BackboneElement {[]} {[]}
","特殊進食","特殊進食","","","","","","","","","",,,,,"",,,,"HNBodyEvaluationsModel.bodyQuestions.q53fb7d09",1,1,"","ele-1:All FHIR elements must have a @value or children {hasValue() or (children().count() > id.count())}
","QuestionnaireResponse.item.where(linkId='BodyQuestions').item.where(linkId='BodyQuestions.q53fb7d09')"
"HNBodyEvaluationsModel.bodyQuestions.q53fb7d09.id","HNBodyEvaluationsModel.bodyQuestions.q53fb7d09.id","","","",0,1,"","","","string {[]} {[]}
","Unique id for inter-element referencing","Unique id for the element within a resource (for internal references). This may be any string value that does not contain spaces.","","","","","","","","","",,,,,"",,,,"Element.id",0,1,"",""
"HNBodyEvaluationsModel.bodyQuestions.q53fb7d09.extension","HNBodyEvaluationsModel.bodyQuestions.q53fb7d09.extension","","extensions
user content","",0,*,"","","","Extension {[]} {[]}
","Additional content defined by implementations","May be used to represent additional information that is not part of the basic definition of the element. To make the use of extensions safe and manageable, there is a strict set of governance  applied to the definition and use of extensions. Though any implementer can define an extension, there is a set of requirements that SHALL be met as part of the definition of the extension.","There can be no stigma associated with the use of extensions by any application, project, or standard - regardless of the institution or jurisdiction that uses or defines the extensions.  The use of extensions is what allows the FHIR specification to retain a core level of simplicity for everyone.","","","","","","","","",,,,,"","value:url}
","Extensions are always sliced by (at least) url",,"open","Element.extension",0,*,"","ele-1:All FHIR elements must have a @value or children {hasValue() or (children().count() > id.count())}
ext-1:Must have either extensions or value[x], not both {extension.exists() != value.exists()}"
"HNBodyEvaluationsModel.bodyQuestions.q53fb7d09.modifierExtension","HNBodyEvaluationsModel.bodyQuestions.q53fb7d09.modifierExtension","","extensions
user contentmodifiers","",0,*,"","Y","Y","Extension {[]} {[]}
","Extensions that cannot be ignored even if unrecognized","May be used to represent additional information that is not part of the basic definition of the element and that modifies the understanding of the element in which it is contained and/or the understanding of the containing element's descendants. Usually modifier elements provide negation or qualification. To make the use of extensions safe and manageable, there is a strict set of governance applied to the definition and use of extensions. Though any implementer can define an extension, there is a set of requirements that SHALL be met as part of the definition of the extension. Applications processing a resource are required to check for modifier extensions.

Modifier extensions SHALL NOT change the meaning of any elements on Resource or DomainResource (including cannot change the meaning of modifierExtension itself).","There can be no stigma associated with the use of extensions by any application, project, or standard - regardless of the institution or jurisdiction that uses or defines the extensions.  The use of extensions is what allows the FHIR specification to retain a core level of simplicity for everyone.","Modifier extensions allow for extensions that *cannot* be safely ignored to be clearly distinguished from the vast majority of extensions which can be safely ignored.  This promotes interoperability by eliminating the need for implementers to prohibit the presence of extensions. For further information, see the [definition of modifier extensions](http://hl7.org/fhir/R4/extensibility.html#modifierExtension).","","","","","","","",,,,,"",,,,"BackboneElement.modifierExtension",0,*,"","ele-1:All FHIR elements must have a @value or children {hasValue() or (children().count() > id.count())}
ext-1:Must have either extensions or value[x], not both {extension.exists() != value.exists()}"
"HNBodyEvaluationsModel.bodyQuestions.q53fb7d09.answer","HNBodyEvaluationsModel.bodyQuestions.q53fb7d09.answer","","","",1,1,"","","","Coding {[]} {[]}
","評估答案","評估答案","","","","","","","","","",,"required","","http://ltc-ig.fhir.tw/ValueSet/hn-vs-49fe20230ec3","",,,,"HNBodyEvaluationsModel.bodyQuestions.q53fb7d09.answer",1,1,"","","QuestionnaireResponse.item.where(linkId='BodyQuestions').item.where(linkId='BodyQuestions.q53fb7d09').item.where(linkId='BodyQuestions.q53fb7d09.Answer')"
"HNBodyEvaluationsModel.bodyQuestions.q53fb7d09.multipleAnswer","HNBodyEvaluationsModel.bodyQuestions.q53fb7d09.multipleAnswer","","","",0,*,"","","","Coding {[]} {[]}
","評估多選答案","評估多選答案。來源為逗號分隔字串。FHIR 使用多筆 Coding 答案，回寫時依序以逗號串接。","","","","","","","","","",,"required","","http://ltc-ig.fhir.tw/ValueSet/hn-vs-3435b7eace88","",,,,"HNBodyEvaluationsModel.bodyQuestions.q53fb7d09.multipleAnswer",0,*,"","","QuestionnaireResponse.item.where(linkId='BodyQuestions').item.where(linkId='BodyQuestions.q53fb7d09').item.where(linkId='BodyQuestions.q53fb7d09.MultipleAnswer')"
"HNBodyEvaluationsModel.bodyQuestions.q53fb7d09.other","HNBodyEvaluationsModel.bodyQuestions.q53fb7d09.other","","","",0,1,"","","","string {[]} {[]}
","補充說明","補充說明","","","","","","","","","",,,,,"",,,,"HNBodyEvaluationsModel.bodyQuestions.q53fb7d09.other",0,1,"","","QuestionnaireResponse.item.where(linkId='BodyQuestions').item.where(linkId='BodyQuestions.q53fb7d09').item.where(linkId='BodyQuestions.q53fb7d09.Other')"
"HNBodyEvaluationsModel.bodyQuestions.qfcd3bd60","HNBodyEvaluationsModel.bodyQuestions.qfcd3bd60","","","",1,1,"","","","BackboneElement {[]} {[]}
","假牙狀況","假牙狀況","","","","","","","","","",,,,,"",,,,"HNBodyEvaluationsModel.bodyQuestions.qfcd3bd60",1,1,"","ele-1:All FHIR elements must have a @value or children {hasValue() or (children().count() > id.count())}
","QuestionnaireResponse.item.where(linkId='BodyQuestions').item.where(linkId='BodyQuestions.qfcd3bd60')"
"HNBodyEvaluationsModel.bodyQuestions.qfcd3bd60.id","HNBodyEvaluationsModel.bodyQuestions.qfcd3bd60.id","","","",0,1,"","","","string {[]} {[]}
","Unique id for inter-element referencing","Unique id for the element within a resource (for internal references). This may be any string value that does not contain spaces.","","","","","","","","","",,,,,"",,,,"Element.id",0,1,"",""
"HNBodyEvaluationsModel.bodyQuestions.qfcd3bd60.extension","HNBodyEvaluationsModel.bodyQuestions.qfcd3bd60.extension","","extensions
user content","",0,*,"","","","Extension {[]} {[]}
","Additional content defined by implementations","May be used to represent additional information that is not part of the basic definition of the element. To make the use of extensions safe and manageable, there is a strict set of governance  applied to the definition and use of extensions. Though any implementer can define an extension, there is a set of requirements that SHALL be met as part of the definition of the extension.","There can be no stigma associated with the use of extensions by any application, project, or standard - regardless of the institution or jurisdiction that uses or defines the extensions.  The use of extensions is what allows the FHIR specification to retain a core level of simplicity for everyone.","","","","","","","","",,,,,"","value:url}
","Extensions are always sliced by (at least) url",,"open","Element.extension",0,*,"","ele-1:All FHIR elements must have a @value or children {hasValue() or (children().count() > id.count())}
ext-1:Must have either extensions or value[x], not both {extension.exists() != value.exists()}"
"HNBodyEvaluationsModel.bodyQuestions.qfcd3bd60.modifierExtension","HNBodyEvaluationsModel.bodyQuestions.qfcd3bd60.modifierExtension","","extensions
user contentmodifiers","",0,*,"","Y","Y","Extension {[]} {[]}
","Extensions that cannot be ignored even if unrecognized","May be used to represent additional information that is not part of the basic definition of the element and that modifies the understanding of the element in which it is contained and/or the understanding of the containing element's descendants. Usually modifier elements provide negation or qualification. To make the use of extensions safe and manageable, there is a strict set of governance applied to the definition and use of extensions. Though any implementer can define an extension, there is a set of requirements that SHALL be met as part of the definition of the extension. Applications processing a resource are required to check for modifier extensions.

Modifier extensions SHALL NOT change the meaning of any elements on Resource or DomainResource (including cannot change the meaning of modifierExtension itself).","There can be no stigma associated with the use of extensions by any application, project, or standard - regardless of the institution or jurisdiction that uses or defines the extensions.  The use of extensions is what allows the FHIR specification to retain a core level of simplicity for everyone.","Modifier extensions allow for extensions that *cannot* be safely ignored to be clearly distinguished from the vast majority of extensions which can be safely ignored.  This promotes interoperability by eliminating the need for implementers to prohibit the presence of extensions. For further information, see the [definition of modifier extensions](http://hl7.org/fhir/R4/extensibility.html#modifierExtension).","","","","","","","",,,,,"",,,,"BackboneElement.modifierExtension",0,*,"","ele-1:All FHIR elements must have a @value or children {hasValue() or (children().count() > id.count())}
ext-1:Must have either extensions or value[x], not both {extension.exists() != value.exists()}"
"HNBodyEvaluationsModel.bodyQuestions.qfcd3bd60.answer","HNBodyEvaluationsModel.bodyQuestions.qfcd3bd60.answer","","","",1,1,"","","","Coding {[]} {[]}
","評估答案","評估答案","","","","","","","","","",,"required","","http://ltc-ig.fhir.tw/ValueSet/hn-vs-a051b2c062af","",,,,"HNBodyEvaluationsModel.bodyQuestions.qfcd3bd60.answer",1,1,"","","QuestionnaireResponse.item.where(linkId='BodyQuestions').item.where(linkId='BodyQuestions.qfcd3bd60').item.where(linkId='BodyQuestions.qfcd3bd60.Answer')"
"HNBodyEvaluationsModel.bodyQuestions.qfcd3bd60.multipleAnswer","HNBodyEvaluationsModel.bodyQuestions.qfcd3bd60.multipleAnswer","","","",0,*,"","","","Coding {[]} {[]}
","評估多選答案","評估多選答案。來源為逗號分隔字串。FHIR 使用多筆 Coding 答案，回寫時依序以逗號串接。","","","","","","","","","",,"required","","http://ltc-ig.fhir.tw/ValueSet/hn-vs-eee6be407d0e","",,,,"HNBodyEvaluationsModel.bodyQuestions.qfcd3bd60.multipleAnswer",0,*,"","","QuestionnaireResponse.item.where(linkId='BodyQuestions').item.where(linkId='BodyQuestions.qfcd3bd60').item.where(linkId='BodyQuestions.qfcd3bd60.MultipleAnswer')"
"HNBodyEvaluationsModel.bodyQuestions.qfcd3bd60.other","HNBodyEvaluationsModel.bodyQuestions.qfcd3bd60.other","","","",0,1,"","","","string {[]} {[]}
","補充說明","補充說明","","","","","","","","","",,,,,"",,,,"HNBodyEvaluationsModel.bodyQuestions.qfcd3bd60.other",0,1,"","","QuestionnaireResponse.item.where(linkId='BodyQuestions').item.where(linkId='BodyQuestions.qfcd3bd60').item.where(linkId='BodyQuestions.qfcd3bd60.Other')"
"HNBodyEvaluationsModel.bodyQuestions.q7b3136eb","HNBodyEvaluationsModel.bodyQuestions.q7b3136eb","","","",1,1,"","","","BackboneElement {[]} {[]}
","腹部狀態","腹部狀態","","","","","","","","","",,,,,"",,,,"HNBodyEvaluationsModel.bodyQuestions.q7b3136eb",1,1,"","ele-1:All FHIR elements must have a @value or children {hasValue() or (children().count() > id.count())}
","QuestionnaireResponse.item.where(linkId='BodyQuestions').item.where(linkId='BodyQuestions.q7b3136eb')"
"HNBodyEvaluationsModel.bodyQuestions.q7b3136eb.id","HNBodyEvaluationsModel.bodyQuestions.q7b3136eb.id","","","",0,1,"","","","string {[]} {[]}
","Unique id for inter-element referencing","Unique id for the element within a resource (for internal references). This may be any string value that does not contain spaces.","","","","","","","","","",,,,,"",,,,"Element.id",0,1,"",""
"HNBodyEvaluationsModel.bodyQuestions.q7b3136eb.extension","HNBodyEvaluationsModel.bodyQuestions.q7b3136eb.extension","","extensions
user content","",0,*,"","","","Extension {[]} {[]}
","Additional content defined by implementations","May be used to represent additional information that is not part of the basic definition of the element. To make the use of extensions safe and manageable, there is a strict set of governance  applied to the definition and use of extensions. Though any implementer can define an extension, there is a set of requirements that SHALL be met as part of the definition of the extension.","There can be no stigma associated with the use of extensions by any application, project, or standard - regardless of the institution or jurisdiction that uses or defines the extensions.  The use of extensions is what allows the FHIR specification to retain a core level of simplicity for everyone.","","","","","","","","",,,,,"","value:url}
","Extensions are always sliced by (at least) url",,"open","Element.extension",0,*,"","ele-1:All FHIR elements must have a @value or children {hasValue() or (children().count() > id.count())}
ext-1:Must have either extensions or value[x], not both {extension.exists() != value.exists()}"
"HNBodyEvaluationsModel.bodyQuestions.q7b3136eb.modifierExtension","HNBodyEvaluationsModel.bodyQuestions.q7b3136eb.modifierExtension","","extensions
user contentmodifiers","",0,*,"","Y","Y","Extension {[]} {[]}
","Extensions that cannot be ignored even if unrecognized","May be used to represent additional information that is not part of the basic definition of the element and that modifies the understanding of the element in which it is contained and/or the understanding of the containing element's descendants. Usually modifier elements provide negation or qualification. To make the use of extensions safe and manageable, there is a strict set of governance applied to the definition and use of extensions. Though any implementer can define an extension, there is a set of requirements that SHALL be met as part of the definition of the extension. Applications processing a resource are required to check for modifier extensions.

Modifier extensions SHALL NOT change the meaning of any elements on Resource or DomainResource (including cannot change the meaning of modifierExtension itself).","There can be no stigma associated with the use of extensions by any application, project, or standard - regardless of the institution or jurisdiction that uses or defines the extensions.  The use of extensions is what allows the FHIR specification to retain a core level of simplicity for everyone.","Modifier extensions allow for extensions that *cannot* be safely ignored to be clearly distinguished from the vast majority of extensions which can be safely ignored.  This promotes interoperability by eliminating the need for implementers to prohibit the presence of extensions. For further information, see the [definition of modifier extensions](http://hl7.org/fhir/R4/extensibility.html#modifierExtension).","","","","","","","",,,,,"",,,,"BackboneElement.modifierExtension",0,*,"","ele-1:All FHIR elements must have a @value or children {hasValue() or (children().count() > id.count())}
ext-1:Must have either extensions or value[x], not both {extension.exists() != value.exists()}"
"HNBodyEvaluationsModel.bodyQuestions.q7b3136eb.answer","HNBodyEvaluationsModel.bodyQuestions.q7b3136eb.answer","","","",1,1,"","","","Coding {[]} {[]}
","評估答案","評估答案","","","","","","","","","",,"required","","http://ltc-ig.fhir.tw/ValueSet/hn-vs-b42a51b1139e","",,,,"HNBodyEvaluationsModel.bodyQuestions.q7b3136eb.answer",1,1,"","","QuestionnaireResponse.item.where(linkId='BodyQuestions').item.where(linkId='BodyQuestions.q7b3136eb').item.where(linkId='BodyQuestions.q7b3136eb.Answer')"
"HNBodyEvaluationsModel.bodyQuestions.q7b3136eb.multipleAnswer","HNBodyEvaluationsModel.bodyQuestions.q7b3136eb.multipleAnswer","","","",0,1,"","","","string {[]} {[]}
","評估多選答案","評估多選答案。以逗號分隔選項；視力與聽力部位使用此欄。","","","","","","","","","",,,,,"",,,,"HNBodyEvaluationsModel.bodyQuestions.q7b3136eb.multipleAnswer",0,1,"","","QuestionnaireResponse.item.where(linkId='BodyQuestions').item.where(linkId='BodyQuestions.q7b3136eb').item.where(linkId='BodyQuestions.q7b3136eb.MultipleAnswer')"
"HNBodyEvaluationsModel.bodyQuestions.q7b3136eb.other","HNBodyEvaluationsModel.bodyQuestions.q7b3136eb.other","","","",0,1,"","","","string {[]} {[]}
","補充說明","補充說明","","","","","","","","","",,,,,"",,,,"HNBodyEvaluationsModel.bodyQuestions.q7b3136eb.other",0,1,"","","QuestionnaireResponse.item.where(linkId='BodyQuestions').item.where(linkId='BodyQuestions.q7b3136eb').item.where(linkId='BodyQuestions.q7b3136eb.Other')"
"HNBodyEvaluationsModel.bodyQuestions.qc0a49d43","HNBodyEvaluationsModel.bodyQuestions.qc0a49d43","","","",1,1,"","","","BackboneElement {[]} {[]}
","腸蠕動","腸蠕動","","","","","","","","","",,,,,"",,,,"HNBodyEvaluationsModel.bodyQuestions.qc0a49d43",1,1,"","ele-1:All FHIR elements must have a @value or children {hasValue() or (children().count() > id.count())}
","QuestionnaireResponse.item.where(linkId='BodyQuestions').item.where(linkId='BodyQuestions.qc0a49d43')"
"HNBodyEvaluationsModel.bodyQuestions.qc0a49d43.id","HNBodyEvaluationsModel.bodyQuestions.qc0a49d43.id","","","",0,1,"","","","string {[]} {[]}
","Unique id for inter-element referencing","Unique id for the element within a resource (for internal references). This may be any string value that does not contain spaces.","","","","","","","","","",,,,,"",,,,"Element.id",0,1,"",""
"HNBodyEvaluationsModel.bodyQuestions.qc0a49d43.extension","HNBodyEvaluationsModel.bodyQuestions.qc0a49d43.extension","","extensions
user content","",0,*,"","","","Extension {[]} {[]}
","Additional content defined by implementations","May be used to represent additional information that is not part of the basic definition of the element. To make the use of extensions safe and manageable, there is a strict set of governance  applied to the definition and use of extensions. Though any implementer can define an extension, there is a set of requirements that SHALL be met as part of the definition of the extension.","There can be no stigma associated with the use of extensions by any application, project, or standard - regardless of the institution or jurisdiction that uses or defines the extensions.  The use of extensions is what allows the FHIR specification to retain a core level of simplicity for everyone.","","","","","","","","",,,,,"","value:url}
","Extensions are always sliced by (at least) url",,"open","Element.extension",0,*,"","ele-1:All FHIR elements must have a @value or children {hasValue() or (children().count() > id.count())}
ext-1:Must have either extensions or value[x], not both {extension.exists() != value.exists()}"
"HNBodyEvaluationsModel.bodyQuestions.qc0a49d43.modifierExtension","HNBodyEvaluationsModel.bodyQuestions.qc0a49d43.modifierExtension","","extensions
user contentmodifiers","",0,*,"","Y","Y","Extension {[]} {[]}
","Extensions that cannot be ignored even if unrecognized","May be used to represent additional information that is not part of the basic definition of the element and that modifies the understanding of the element in which it is contained and/or the understanding of the containing element's descendants. Usually modifier elements provide negation or qualification. To make the use of extensions safe and manageable, there is a strict set of governance applied to the definition and use of extensions. Though any implementer can define an extension, there is a set of requirements that SHALL be met as part of the definition of the extension. Applications processing a resource are required to check for modifier extensions.

Modifier extensions SHALL NOT change the meaning of any elements on Resource or DomainResource (including cannot change the meaning of modifierExtension itself).","There can be no stigma associated with the use of extensions by any application, project, or standard - regardless of the institution or jurisdiction that uses or defines the extensions.  The use of extensions is what allows the FHIR specification to retain a core level of simplicity for everyone.","Modifier extensions allow for extensions that *cannot* be safely ignored to be clearly distinguished from the vast majority of extensions which can be safely ignored.  This promotes interoperability by eliminating the need for implementers to prohibit the presence of extensions. For further information, see the [definition of modifier extensions](http://hl7.org/fhir/R4/extensibility.html#modifierExtension).","","","","","","","",,,,,"",,,,"BackboneElement.modifierExtension",0,*,"","ele-1:All FHIR elements must have a @value or children {hasValue() or (children().count() > id.count())}
ext-1:Must have either extensions or value[x], not both {extension.exists() != value.exists()}"
"HNBodyEvaluationsModel.bodyQuestions.qc0a49d43.answer","HNBodyEvaluationsModel.bodyQuestions.qc0a49d43.answer","","","",1,1,"","","","Coding {[]} {[]}
","評估答案","評估答案","","","","","","","","","",,"required","","http://ltc-ig.fhir.tw/ValueSet/hn-vs-3d4ed1f2575b","",,,,"HNBodyEvaluationsModel.bodyQuestions.qc0a49d43.answer",1,1,"","","QuestionnaireResponse.item.where(linkId='BodyQuestions').item.where(linkId='BodyQuestions.qc0a49d43').item.where(linkId='BodyQuestions.qc0a49d43.Answer')"
"HNBodyEvaluationsModel.bodyQuestions.qc0a49d43.multipleAnswer","HNBodyEvaluationsModel.bodyQuestions.qc0a49d43.multipleAnswer","","","",0,1,"","","","string {[]} {[]}
","評估多選答案","評估多選答案。來源為逗號分隔字串。FHIR 使用多筆 Coding 答案，回寫時依序以逗號串接。","","","","","","","","","",,,,,"",,,,"HNBodyEvaluationsModel.bodyQuestions.qc0a49d43.multipleAnswer",0,1,"","","QuestionnaireResponse.item.where(linkId='BodyQuestions').item.where(linkId='BodyQuestions.qc0a49d43').item.where(linkId='BodyQuestions.qc0a49d43.MultipleAnswer')"
"HNBodyEvaluationsModel.bodyQuestions.qc0a49d43.other","HNBodyEvaluationsModel.bodyQuestions.qc0a49d43.other","","","",0,1,"","","","string {[]} {[]}
","補充說明","補充說明","","","","","","","","","",,,,,"",,,,"HNBodyEvaluationsModel.bodyQuestions.qc0a49d43.other",0,1,"","","QuestionnaireResponse.item.where(linkId='BodyQuestions').item.where(linkId='BodyQuestions.qc0a49d43').item.where(linkId='BodyQuestions.qc0a49d43.Other')"
"HNBodyEvaluationsModel.bodyQuestions.qd49ab702","HNBodyEvaluationsModel.bodyQuestions.qd49ab702","","","",1,1,"","","","BackboneElement {[]} {[]}
","消化狀態","消化狀態","","","","","","","","","",,,,,"",,,,"HNBodyEvaluationsModel.bodyQuestions.qd49ab702",1,1,"","ele-1:All FHIR elements must have a @value or children {hasValue() or (children().count() > id.count())}
","QuestionnaireResponse.item.where(linkId='BodyQuestions').item.where(linkId='BodyQuestions.qd49ab702')"
"HNBodyEvaluationsModel.bodyQuestions.qd49ab702.id","HNBodyEvaluationsModel.bodyQuestions.qd49ab702.id","","","",0,1,"","","","string {[]} {[]}
","Unique id for inter-element referencing","Unique id for the element within a resource (for internal references). This may be any string value that does not contain spaces.","","","","","","","","","",,,,,"",,,,"Element.id",0,1,"",""
"HNBodyEvaluationsModel.bodyQuestions.qd49ab702.extension","HNBodyEvaluationsModel.bodyQuestions.qd49ab702.extension","","extensions
user content","",0,*,"","","","Extension {[]} {[]}
","Additional content defined by implementations","May be used to represent additional information that is not part of the basic definition of the element. To make the use of extensions safe and manageable, there is a strict set of governance  applied to the definition and use of extensions. Though any implementer can define an extension, there is a set of requirements that SHALL be met as part of the definition of the extension.","There can be no stigma associated with the use of extensions by any application, project, or standard - regardless of the institution or jurisdiction that uses or defines the extensions.  The use of extensions is what allows the FHIR specification to retain a core level of simplicity for everyone.","","","","","","","","",,,,,"","value:url}
","Extensions are always sliced by (at least) url",,"open","Element.extension",0,*,"","ele-1:All FHIR elements must have a @value or children {hasValue() or (children().count() > id.count())}
ext-1:Must have either extensions or value[x], not both {extension.exists() != value.exists()}"
"HNBodyEvaluationsModel.bodyQuestions.qd49ab702.modifierExtension","HNBodyEvaluationsModel.bodyQuestions.qd49ab702.modifierExtension","","extensions
user contentmodifiers","",0,*,"","Y","Y","Extension {[]} {[]}
","Extensions that cannot be ignored even if unrecognized","May be used to represent additional information that is not part of the basic definition of the element and that modifies the understanding of the element in which it is contained and/or the understanding of the containing element's descendants. Usually modifier elements provide negation or qualification. To make the use of extensions safe and manageable, there is a strict set of governance applied to the definition and use of extensions. Though any implementer can define an extension, there is a set of requirements that SHALL be met as part of the definition of the extension. Applications processing a resource are required to check for modifier extensions.

Modifier extensions SHALL NOT change the meaning of any elements on Resource or DomainResource (including cannot change the meaning of modifierExtension itself).","There can be no stigma associated with the use of extensions by any application, project, or standard - regardless of the institution or jurisdiction that uses or defines the extensions.  The use of extensions is what allows the FHIR specification to retain a core level of simplicity for everyone.","Modifier extensions allow for extensions that *cannot* be safely ignored to be clearly distinguished from the vast majority of extensions which can be safely ignored.  This promotes interoperability by eliminating the need for implementers to prohibit the presence of extensions. For further information, see the [definition of modifier extensions](http://hl7.org/fhir/R4/extensibility.html#modifierExtension).","","","","","","","",,,,,"",,,,"BackboneElement.modifierExtension",0,*,"","ele-1:All FHIR elements must have a @value or children {hasValue() or (children().count() > id.count())}
ext-1:Must have either extensions or value[x], not both {extension.exists() != value.exists()}"
"HNBodyEvaluationsModel.bodyQuestions.qd49ab702.answer","HNBodyEvaluationsModel.bodyQuestions.qd49ab702.answer","","","",1,1,"","","","Coding {[]} {[]}
","評估答案","評估答案","","","","","","","","","",,"required","","http://ltc-ig.fhir.tw/ValueSet/hn-vs-7ce3f119b854","",,,,"HNBodyEvaluationsModel.bodyQuestions.qd49ab702.answer",1,1,"","","QuestionnaireResponse.item.where(linkId='BodyQuestions').item.where(linkId='BodyQuestions.qd49ab702').item.where(linkId='BodyQuestions.qd49ab702.Answer')"
"HNBodyEvaluationsModel.bodyQuestions.qd49ab702.multipleAnswer","HNBodyEvaluationsModel.bodyQuestions.qd49ab702.multipleAnswer","","","",0,1,"","","","string {[]} {[]}
","評估多選答案","評估多選答案。以逗號分隔選項；視力與聽力部位使用此欄。","","","","","","","","","",,,,,"",,,,"HNBodyEvaluationsModel.bodyQuestions.qd49ab702.multipleAnswer",0,1,"","","QuestionnaireResponse.item.where(linkId='BodyQuestions').item.where(linkId='BodyQuestions.qd49ab702').item.where(linkId='BodyQuestions.qd49ab702.MultipleAnswer')"
"HNBodyEvaluationsModel.bodyQuestions.qd49ab702.other","HNBodyEvaluationsModel.bodyQuestions.qd49ab702.other","","","",0,1,"","","","string {[]} {[]}
","補充說明","補充說明","","","","","","","","","",,,,,"",,,,"HNBodyEvaluationsModel.bodyQuestions.qd49ab702.other",0,1,"","","QuestionnaireResponse.item.where(linkId='BodyQuestions').item.where(linkId='BodyQuestions.qd49ab702').item.where(linkId='BodyQuestions.qd49ab702.Other')"
"HNBodyEvaluationsModel.bodyQuestions.q1b2dc66c","HNBodyEvaluationsModel.bodyQuestions.q1b2dc66c","","","",1,1,"","","","BackboneElement {[]} {[]}
","排便型態","排便型態","","","","","","","","","",,,,,"",,,,"HNBodyEvaluationsModel.bodyQuestions.q1b2dc66c",1,1,"","ele-1:All FHIR elements must have a @value or children {hasValue() or (children().count() > id.count())}
","QuestionnaireResponse.item.where(linkId='BodyQuestions').item.where(linkId='BodyQuestions.q1b2dc66c')"
"HNBodyEvaluationsModel.bodyQuestions.q1b2dc66c.id","HNBodyEvaluationsModel.bodyQuestions.q1b2dc66c.id","","","",0,1,"","","","string {[]} {[]}
","Unique id for inter-element referencing","Unique id for the element within a resource (for internal references). This may be any string value that does not contain spaces.","","","","","","","","","",,,,,"",,,,"Element.id",0,1,"",""
"HNBodyEvaluationsModel.bodyQuestions.q1b2dc66c.extension","HNBodyEvaluationsModel.bodyQuestions.q1b2dc66c.extension","","extensions
user content","",0,*,"","","","Extension {[]} {[]}
","Additional content defined by implementations","May be used to represent additional information that is not part of the basic definition of the element. To make the use of extensions safe and manageable, there is a strict set of governance  applied to the definition and use of extensions. Though any implementer can define an extension, there is a set of requirements that SHALL be met as part of the definition of the extension.","There can be no stigma associated with the use of extensions by any application, project, or standard - regardless of the institution or jurisdiction that uses or defines the extensions.  The use of extensions is what allows the FHIR specification to retain a core level of simplicity for everyone.","","","","","","","","",,,,,"","value:url}
","Extensions are always sliced by (at least) url",,"open","Element.extension",0,*,"","ele-1:All FHIR elements must have a @value or children {hasValue() or (children().count() > id.count())}
ext-1:Must have either extensions or value[x], not both {extension.exists() != value.exists()}"
"HNBodyEvaluationsModel.bodyQuestions.q1b2dc66c.modifierExtension","HNBodyEvaluationsModel.bodyQuestions.q1b2dc66c.modifierExtension","","extensions
user contentmodifiers","",0,*,"","Y","Y","Extension {[]} {[]}
","Extensions that cannot be ignored even if unrecognized","May be used to represent additional information that is not part of the basic definition of the element and that modifies the understanding of the element in which it is contained and/or the understanding of the containing element's descendants. Usually modifier elements provide negation or qualification. To make the use of extensions safe and manageable, there is a strict set of governance applied to the definition and use of extensions. Though any implementer can define an extension, there is a set of requirements that SHALL be met as part of the definition of the extension. Applications processing a resource are required to check for modifier extensions.

Modifier extensions SHALL NOT change the meaning of any elements on Resource or DomainResource (including cannot change the meaning of modifierExtension itself).","There can be no stigma associated with the use of extensions by any application, project, or standard - regardless of the institution or jurisdiction that uses or defines the extensions.  The use of extensions is what allows the FHIR specification to retain a core level of simplicity for everyone.","Modifier extensions allow for extensions that *cannot* be safely ignored to be clearly distinguished from the vast majority of extensions which can be safely ignored.  This promotes interoperability by eliminating the need for implementers to prohibit the presence of extensions. For further information, see the [definition of modifier extensions](http://hl7.org/fhir/R4/extensibility.html#modifierExtension).","","","","","","","",,,,,"",,,,"BackboneElement.modifierExtension",0,*,"","ele-1:All FHIR elements must have a @value or children {hasValue() or (children().count() > id.count())}
ext-1:Must have either extensions or value[x], not both {extension.exists() != value.exists()}"
"HNBodyEvaluationsModel.bodyQuestions.q1b2dc66c.answer","HNBodyEvaluationsModel.bodyQuestions.q1b2dc66c.answer","","","",1,1,"","","","Coding {[]} {[]}
","評估答案","評估答案","","","","","","","","","",,"required","","http://ltc-ig.fhir.tw/ValueSet/hn-vs-7f8a5cfdf9c9","",,,,"HNBodyEvaluationsModel.bodyQuestions.q1b2dc66c.answer",1,1,"","","QuestionnaireResponse.item.where(linkId='BodyQuestions').item.where(linkId='BodyQuestions.q1b2dc66c').item.where(linkId='BodyQuestions.q1b2dc66c.Answer')"
"HNBodyEvaluationsModel.bodyQuestions.q1b2dc66c.multipleAnswer","HNBodyEvaluationsModel.bodyQuestions.q1b2dc66c.multipleAnswer","","","",0,1,"","","","string {[]} {[]}
","評估多選答案","評估多選答案。以逗號分隔選項；視力與聽力部位使用此欄。","","","","","","","","","",,,,,"",,,,"HNBodyEvaluationsModel.bodyQuestions.q1b2dc66c.multipleAnswer",0,1,"","","QuestionnaireResponse.item.where(linkId='BodyQuestions').item.where(linkId='BodyQuestions.q1b2dc66c').item.where(linkId='BodyQuestions.q1b2dc66c.MultipleAnswer')"
"HNBodyEvaluationsModel.bodyQuestions.q1b2dc66c.other","HNBodyEvaluationsModel.bodyQuestions.q1b2dc66c.other","","","",0,1,"","","","string {[]} {[]}
","補充說明","補充說明","","","","","","","","","",,,,,"",,,,"HNBodyEvaluationsModel.bodyQuestions.q1b2dc66c.other",0,1,"","","QuestionnaireResponse.item.where(linkId='BodyQuestions').item.where(linkId='BodyQuestions.q1b2dc66c').item.where(linkId='BodyQuestions.q1b2dc66c.Other')"
"HNBodyEvaluationsModel.bodyQuestions.qfaaaf47f","HNBodyEvaluationsModel.bodyQuestions.qfaaaf47f","","","",1,1,"","","","BackboneElement {[]} {[]}
","排便顏色","排便顏色","","","","","","","","","",,,,,"",,,,"HNBodyEvaluationsModel.bodyQuestions.qfaaaf47f",1,1,"","ele-1:All FHIR elements must have a @value or children {hasValue() or (children().count() > id.count())}
","QuestionnaireResponse.item.where(linkId='BodyQuestions').item.where(linkId='BodyQuestions.qfaaaf47f')"
"HNBodyEvaluationsModel.bodyQuestions.qfaaaf47f.id","HNBodyEvaluationsModel.bodyQuestions.qfaaaf47f.id","","","",0,1,"","","","string {[]} {[]}
","Unique id for inter-element referencing","Unique id for the element within a resource (for internal references). This may be any string value that does not contain spaces.","","","","","","","","","",,,,,"",,,,"Element.id",0,1,"",""
"HNBodyEvaluationsModel.bodyQuestions.qfaaaf47f.extension","HNBodyEvaluationsModel.bodyQuestions.qfaaaf47f.extension","","extensions
user content","",0,*,"","","","Extension {[]} {[]}
","Additional content defined by implementations","May be used to represent additional information that is not part of the basic definition of the element. To make the use of extensions safe and manageable, there is a strict set of governance  applied to the definition and use of extensions. Though any implementer can define an extension, there is a set of requirements that SHALL be met as part of the definition of the extension.","There can be no stigma associated with the use of extensions by any application, project, or standard - regardless of the institution or jurisdiction that uses or defines the extensions.  The use of extensions is what allows the FHIR specification to retain a core level of simplicity for everyone.","","","","","","","","",,,,,"","value:url}
","Extensions are always sliced by (at least) url",,"open","Element.extension",0,*,"","ele-1:All FHIR elements must have a @value or children {hasValue() or (children().count() > id.count())}
ext-1:Must have either extensions or value[x], not both {extension.exists() != value.exists()}"
"HNBodyEvaluationsModel.bodyQuestions.qfaaaf47f.modifierExtension","HNBodyEvaluationsModel.bodyQuestions.qfaaaf47f.modifierExtension","","extensions
user contentmodifiers","",0,*,"","Y","Y","Extension {[]} {[]}
","Extensions that cannot be ignored even if unrecognized","May be used to represent additional information that is not part of the basic definition of the element and that modifies the understanding of the element in which it is contained and/or the understanding of the containing element's descendants. Usually modifier elements provide negation or qualification. To make the use of extensions safe and manageable, there is a strict set of governance applied to the definition and use of extensions. Though any implementer can define an extension, there is a set of requirements that SHALL be met as part of the definition of the extension. Applications processing a resource are required to check for modifier extensions.

Modifier extensions SHALL NOT change the meaning of any elements on Resource or DomainResource (including cannot change the meaning of modifierExtension itself).","There can be no stigma associated with the use of extensions by any application, project, or standard - regardless of the institution or jurisdiction that uses or defines the extensions.  The use of extensions is what allows the FHIR specification to retain a core level of simplicity for everyone.","Modifier extensions allow for extensions that *cannot* be safely ignored to be clearly distinguished from the vast majority of extensions which can be safely ignored.  This promotes interoperability by eliminating the need for implementers to prohibit the presence of extensions. For further information, see the [definition of modifier extensions](http://hl7.org/fhir/R4/extensibility.html#modifierExtension).","","","","","","","",,,,,"",,,,"BackboneElement.modifierExtension",0,*,"","ele-1:All FHIR elements must have a @value or children {hasValue() or (children().count() > id.count())}
ext-1:Must have either extensions or value[x], not both {extension.exists() != value.exists()}"
"HNBodyEvaluationsModel.bodyQuestions.qfaaaf47f.answer","HNBodyEvaluationsModel.bodyQuestions.qfaaaf47f.answer","","","",1,1,"","","","Coding {[]} {[]}
","評估答案","評估答案","","","","","","","","","",,"required","","http://ltc-ig.fhir.tw/ValueSet/hn-vs-a88d0ac6ee1a","",,,,"HNBodyEvaluationsModel.bodyQuestions.qfaaaf47f.answer",1,1,"","","QuestionnaireResponse.item.where(linkId='BodyQuestions').item.where(linkId='BodyQuestions.qfaaaf47f').item.where(linkId='BodyQuestions.qfaaaf47f.Answer')"
"HNBodyEvaluationsModel.bodyQuestions.qfaaaf47f.multipleAnswer","HNBodyEvaluationsModel.bodyQuestions.qfaaaf47f.multipleAnswer","","","",0,1,"","","","string {[]} {[]}
","評估多選答案","評估多選答案。以逗號分隔選項；視力與聽力部位使用此欄。","","","","","","","","","",,,,,"",,,,"HNBodyEvaluationsModel.bodyQuestions.qfaaaf47f.multipleAnswer",0,1,"","","QuestionnaireResponse.item.where(linkId='BodyQuestions').item.where(linkId='BodyQuestions.qfaaaf47f').item.where(linkId='BodyQuestions.qfaaaf47f.MultipleAnswer')"
"HNBodyEvaluationsModel.bodyQuestions.qfaaaf47f.other","HNBodyEvaluationsModel.bodyQuestions.qfaaaf47f.other","","","",0,1,"","","","string {[]} {[]}
","補充說明","補充說明","","","","","","","","","",,,,,"",,,,"HNBodyEvaluationsModel.bodyQuestions.qfaaaf47f.other",0,1,"","","QuestionnaireResponse.item.where(linkId='BodyQuestions').item.where(linkId='BodyQuestions.qfaaaf47f').item.where(linkId='BodyQuestions.qfaaaf47f.Other')"
"HNBodyEvaluationsModel.bodyQuestions.qbfd21c82","HNBodyEvaluationsModel.bodyQuestions.qbfd21c82","","","",1,1,"","","","BackboneElement {[]} {[]}
","排便輔助","排便輔助","","","","","","","","","",,,,,"",,,,"HNBodyEvaluationsModel.bodyQuestions.qbfd21c82",1,1,"","ele-1:All FHIR elements must have a @value or children {hasValue() or (children().count() > id.count())}
","QuestionnaireResponse.item.where(linkId='BodyQuestions').item.where(linkId='BodyQuestions.qbfd21c82')"
"HNBodyEvaluationsModel.bodyQuestions.qbfd21c82.id","HNBodyEvaluationsModel.bodyQuestions.qbfd21c82.id","","","",0,1,"","","","string {[]} {[]}
","Unique id for inter-element referencing","Unique id for the element within a resource (for internal references). This may be any string value that does not contain spaces.","","","","","","","","","",,,,,"",,,,"Element.id",0,1,"",""
"HNBodyEvaluationsModel.bodyQuestions.qbfd21c82.extension","HNBodyEvaluationsModel.bodyQuestions.qbfd21c82.extension","","extensions
user content","",0,*,"","","","Extension {[]} {[]}
","Additional content defined by implementations","May be used to represent additional information that is not part of the basic definition of the element. To make the use of extensions safe and manageable, there is a strict set of governance  applied to the definition and use of extensions. Though any implementer can define an extension, there is a set of requirements that SHALL be met as part of the definition of the extension.","There can be no stigma associated with the use of extensions by any application, project, or standard - regardless of the institution or jurisdiction that uses or defines the extensions.  The use of extensions is what allows the FHIR specification to retain a core level of simplicity for everyone.","","","","","","","","",,,,,"","value:url}
","Extensions are always sliced by (at least) url",,"open","Element.extension",0,*,"","ele-1:All FHIR elements must have a @value or children {hasValue() or (children().count() > id.count())}
ext-1:Must have either extensions or value[x], not both {extension.exists() != value.exists()}"
"HNBodyEvaluationsModel.bodyQuestions.qbfd21c82.modifierExtension","HNBodyEvaluationsModel.bodyQuestions.qbfd21c82.modifierExtension","","extensions
user contentmodifiers","",0,*,"","Y","Y","Extension {[]} {[]}
","Extensions that cannot be ignored even if unrecognized","May be used to represent additional information that is not part of the basic definition of the element and that modifies the understanding of the element in which it is contained and/or the understanding of the containing element's descendants. Usually modifier elements provide negation or qualification. To make the use of extensions safe and manageable, there is a strict set of governance applied to the definition and use of extensions. Though any implementer can define an extension, there is a set of requirements that SHALL be met as part of the definition of the extension. Applications processing a resource are required to check for modifier extensions.

Modifier extensions SHALL NOT change the meaning of any elements on Resource or DomainResource (including cannot change the meaning of modifierExtension itself).","There can be no stigma associated with the use of extensions by any application, project, or standard - regardless of the institution or jurisdiction that uses or defines the extensions.  The use of extensions is what allows the FHIR specification to retain a core level of simplicity for everyone.","Modifier extensions allow for extensions that *cannot* be safely ignored to be clearly distinguished from the vast majority of extensions which can be safely ignored.  This promotes interoperability by eliminating the need for implementers to prohibit the presence of extensions. For further information, see the [definition of modifier extensions](http://hl7.org/fhir/R4/extensibility.html#modifierExtension).","","","","","","","",,,,,"",,,,"BackboneElement.modifierExtension",0,*,"","ele-1:All FHIR elements must have a @value or children {hasValue() or (children().count() > id.count())}
ext-1:Must have either extensions or value[x], not both {extension.exists() != value.exists()}"
"HNBodyEvaluationsModel.bodyQuestions.qbfd21c82.answer","HNBodyEvaluationsModel.bodyQuestions.qbfd21c82.answer","","","",1,1,"","","","Coding {[]} {[]}
","評估答案","評估答案","","","","","","","","","",,"required","","http://ltc-ig.fhir.tw/ValueSet/hn-vs-19264db8df7b","",,,,"HNBodyEvaluationsModel.bodyQuestions.qbfd21c82.answer",1,1,"","","QuestionnaireResponse.item.where(linkId='BodyQuestions').item.where(linkId='BodyQuestions.qbfd21c82').item.where(linkId='BodyQuestions.qbfd21c82.Answer')"
"HNBodyEvaluationsModel.bodyQuestions.qbfd21c82.multipleAnswer","HNBodyEvaluationsModel.bodyQuestions.qbfd21c82.multipleAnswer","","","",0,*,"","","","Coding {[]} {[]}
","評估多選答案","評估多選答案。來源為逗號分隔字串。FHIR 使用多筆 Coding 答案，回寫時依序以逗號串接。","","","","","","","","","",,"required","","http://ltc-ig.fhir.tw/ValueSet/hn-vs-0467df08a056","",,,,"HNBodyEvaluationsModel.bodyQuestions.qbfd21c82.multipleAnswer",0,*,"","","QuestionnaireResponse.item.where(linkId='BodyQuestions').item.where(linkId='BodyQuestions.qbfd21c82').item.where(linkId='BodyQuestions.qbfd21c82.MultipleAnswer')"
"HNBodyEvaluationsModel.bodyQuestions.qbfd21c82.other","HNBodyEvaluationsModel.bodyQuestions.qbfd21c82.other","","","",0,1,"","","","string {[]} {[]}
","補充說明","補充說明","","","","","","","","","",,,,,"",,,,"HNBodyEvaluationsModel.bodyQuestions.qbfd21c82.other",0,1,"","","QuestionnaireResponse.item.where(linkId='BodyQuestions').item.where(linkId='BodyQuestions.qbfd21c82').item.where(linkId='BodyQuestions.qbfd21c82.Other')"
"HNBodyEvaluationsModel.bodyQuestions.q0cdace56","HNBodyEvaluationsModel.bodyQuestions.q0cdace56","","","",1,1,"","","","BackboneElement {[]} {[]}
","排尿型態","排尿型態","","","","","","","","","",,,,,"",,,,"HNBodyEvaluationsModel.bodyQuestions.q0cdace56",1,1,"","ele-1:All FHIR elements must have a @value or children {hasValue() or (children().count() > id.count())}
","QuestionnaireResponse.item.where(linkId='BodyQuestions').item.where(linkId='BodyQuestions.q0cdace56')"
"HNBodyEvaluationsModel.bodyQuestions.q0cdace56.id","HNBodyEvaluationsModel.bodyQuestions.q0cdace56.id","","","",0,1,"","","","string {[]} {[]}
","Unique id for inter-element referencing","Unique id for the element within a resource (for internal references). This may be any string value that does not contain spaces.","","","","","","","","","",,,,,"",,,,"Element.id",0,1,"",""
"HNBodyEvaluationsModel.bodyQuestions.q0cdace56.extension","HNBodyEvaluationsModel.bodyQuestions.q0cdace56.extension","","extensions
user content","",0,*,"","","","Extension {[]} {[]}
","Additional content defined by implementations","May be used to represent additional information that is not part of the basic definition of the element. To make the use of extensions safe and manageable, there is a strict set of governance  applied to the definition and use of extensions. Though any implementer can define an extension, there is a set of requirements that SHALL be met as part of the definition of the extension.","There can be no stigma associated with the use of extensions by any application, project, or standard - regardless of the institution or jurisdiction that uses or defines the extensions.  The use of extensions is what allows the FHIR specification to retain a core level of simplicity for everyone.","","","","","","","","",,,,,"","value:url}
","Extensions are always sliced by (at least) url",,"open","Element.extension",0,*,"","ele-1:All FHIR elements must have a @value or children {hasValue() or (children().count() > id.count())}
ext-1:Must have either extensions or value[x], not both {extension.exists() != value.exists()}"
"HNBodyEvaluationsModel.bodyQuestions.q0cdace56.modifierExtension","HNBodyEvaluationsModel.bodyQuestions.q0cdace56.modifierExtension","","extensions
user contentmodifiers","",0,*,"","Y","Y","Extension {[]} {[]}
","Extensions that cannot be ignored even if unrecognized","May be used to represent additional information that is not part of the basic definition of the element and that modifies the understanding of the element in which it is contained and/or the understanding of the containing element's descendants. Usually modifier elements provide negation or qualification. To make the use of extensions safe and manageable, there is a strict set of governance applied to the definition and use of extensions. Though any implementer can define an extension, there is a set of requirements that SHALL be met as part of the definition of the extension. Applications processing a resource are required to check for modifier extensions.

Modifier extensions SHALL NOT change the meaning of any elements on Resource or DomainResource (including cannot change the meaning of modifierExtension itself).","There can be no stigma associated with the use of extensions by any application, project, or standard - regardless of the institution or jurisdiction that uses or defines the extensions.  The use of extensions is what allows the FHIR specification to retain a core level of simplicity for everyone.","Modifier extensions allow for extensions that *cannot* be safely ignored to be clearly distinguished from the vast majority of extensions which can be safely ignored.  This promotes interoperability by eliminating the need for implementers to prohibit the presence of extensions. For further information, see the [definition of modifier extensions](http://hl7.org/fhir/R4/extensibility.html#modifierExtension).","","","","","","","",,,,,"",,,,"BackboneElement.modifierExtension",0,*,"","ele-1:All FHIR elements must have a @value or children {hasValue() or (children().count() > id.count())}
ext-1:Must have either extensions or value[x], not both {extension.exists() != value.exists()}"
"HNBodyEvaluationsModel.bodyQuestions.q0cdace56.answer","HNBodyEvaluationsModel.bodyQuestions.q0cdace56.answer","","","",1,1,"","","","Coding {[]} {[]}
","評估答案","評估答案","","","","","","","","","",,"required","","http://ltc-ig.fhir.tw/ValueSet/hn-vs-5cb9bbd6d620","",,,,"HNBodyEvaluationsModel.bodyQuestions.q0cdace56.answer",1,1,"","","QuestionnaireResponse.item.where(linkId='BodyQuestions').item.where(linkId='BodyQuestions.q0cdace56').item.where(linkId='BodyQuestions.q0cdace56.Answer')"
"HNBodyEvaluationsModel.bodyQuestions.q0cdace56.multipleAnswer","HNBodyEvaluationsModel.bodyQuestions.q0cdace56.multipleAnswer","","","",0,*,"","","","Coding {[]} {[]}
","評估多選答案","評估多選答案。來源為逗號分隔字串。FHIR 使用多筆 Coding 答案，回寫時依序以逗號串接。","","","","","","","","","",,"required","","http://ltc-ig.fhir.tw/ValueSet/hn-vs-b5e899beaa3a","",,,,"HNBodyEvaluationsModel.bodyQuestions.q0cdace56.multipleAnswer",0,*,"","","QuestionnaireResponse.item.where(linkId='BodyQuestions').item.where(linkId='BodyQuestions.q0cdace56').item.where(linkId='BodyQuestions.q0cdace56.MultipleAnswer')"
"HNBodyEvaluationsModel.bodyQuestions.q0cdace56.other","HNBodyEvaluationsModel.bodyQuestions.q0cdace56.other","","","",0,1,"","","","string {[]} {[]}
","補充說明","補充說明","","","","","","","","","",,,,,"",,,,"HNBodyEvaluationsModel.bodyQuestions.q0cdace56.other",0,1,"","","QuestionnaireResponse.item.where(linkId='BodyQuestions').item.where(linkId='BodyQuestions.q0cdace56').item.where(linkId='BodyQuestions.q0cdace56.Other')"
"HNBodyEvaluationsModel.bodyQuestions.q3170f977","HNBodyEvaluationsModel.bodyQuestions.q3170f977","","","",1,1,"","","","BackboneElement {[]} {[]}
","排尿顏色","排尿顏色","","","","","","","","","",,,,,"",,,,"HNBodyEvaluationsModel.bodyQuestions.q3170f977",1,1,"","ele-1:All FHIR elements must have a @value or children {hasValue() or (children().count() > id.count())}
","QuestionnaireResponse.item.where(linkId='BodyQuestions').item.where(linkId='BodyQuestions.q3170f977')"
"HNBodyEvaluationsModel.bodyQuestions.q3170f977.id","HNBodyEvaluationsModel.bodyQuestions.q3170f977.id","","","",0,1,"","","","string {[]} {[]}
","Unique id for inter-element referencing","Unique id for the element within a resource (for internal references). This may be any string value that does not contain spaces.","","","","","","","","","",,,,,"",,,,"Element.id",0,1,"",""
"HNBodyEvaluationsModel.bodyQuestions.q3170f977.extension","HNBodyEvaluationsModel.bodyQuestions.q3170f977.extension","","extensions
user content","",0,*,"","","","Extension {[]} {[]}
","Additional content defined by implementations","May be used to represent additional information that is not part of the basic definition of the element. To make the use of extensions safe and manageable, there is a strict set of governance  applied to the definition and use of extensions. Though any implementer can define an extension, there is a set of requirements that SHALL be met as part of the definition of the extension.","There can be no stigma associated with the use of extensions by any application, project, or standard - regardless of the institution or jurisdiction that uses or defines the extensions.  The use of extensions is what allows the FHIR specification to retain a core level of simplicity for everyone.","","","","","","","","",,,,,"","value:url}
","Extensions are always sliced by (at least) url",,"open","Element.extension",0,*,"","ele-1:All FHIR elements must have a @value or children {hasValue() or (children().count() > id.count())}
ext-1:Must have either extensions or value[x], not both {extension.exists() != value.exists()}"
"HNBodyEvaluationsModel.bodyQuestions.q3170f977.modifierExtension","HNBodyEvaluationsModel.bodyQuestions.q3170f977.modifierExtension","","extensions
user contentmodifiers","",0,*,"","Y","Y","Extension {[]} {[]}
","Extensions that cannot be ignored even if unrecognized","May be used to represent additional information that is not part of the basic definition of the element and that modifies the understanding of the element in which it is contained and/or the understanding of the containing element's descendants. Usually modifier elements provide negation or qualification. To make the use of extensions safe and manageable, there is a strict set of governance applied to the definition and use of extensions. Though any implementer can define an extension, there is a set of requirements that SHALL be met as part of the definition of the extension. Applications processing a resource are required to check for modifier extensions.

Modifier extensions SHALL NOT change the meaning of any elements on Resource or DomainResource (including cannot change the meaning of modifierExtension itself).","There can be no stigma associated with the use of extensions by any application, project, or standard - regardless of the institution or jurisdiction that uses or defines the extensions.  The use of extensions is what allows the FHIR specification to retain a core level of simplicity for everyone.","Modifier extensions allow for extensions that *cannot* be safely ignored to be clearly distinguished from the vast majority of extensions which can be safely ignored.  This promotes interoperability by eliminating the need for implementers to prohibit the presence of extensions. For further information, see the [definition of modifier extensions](http://hl7.org/fhir/R4/extensibility.html#modifierExtension).","","","","","","","",,,,,"",,,,"BackboneElement.modifierExtension",0,*,"","ele-1:All FHIR elements must have a @value or children {hasValue() or (children().count() > id.count())}
ext-1:Must have either extensions or value[x], not both {extension.exists() != value.exists()}"
"HNBodyEvaluationsModel.bodyQuestions.q3170f977.answer","HNBodyEvaluationsModel.bodyQuestions.q3170f977.answer","","","",1,1,"","","","Coding {[]} {[]}
","評估答案","評估答案","","","","","","","","","",,"required","","http://ltc-ig.fhir.tw/ValueSet/hn-vs-c0e4f2d08eec","",,,,"HNBodyEvaluationsModel.bodyQuestions.q3170f977.answer",1,1,"","","QuestionnaireResponse.item.where(linkId='BodyQuestions').item.where(linkId='BodyQuestions.q3170f977').item.where(linkId='BodyQuestions.q3170f977.Answer')"
"HNBodyEvaluationsModel.bodyQuestions.q3170f977.multipleAnswer","HNBodyEvaluationsModel.bodyQuestions.q3170f977.multipleAnswer","","","",0,1,"","","","string {[]} {[]}
","評估多選答案","評估多選答案。以逗號分隔選項；視力與聽力部位使用此欄。","","","","","","","","","",,,,,"",,,,"HNBodyEvaluationsModel.bodyQuestions.q3170f977.multipleAnswer",0,1,"","","QuestionnaireResponse.item.where(linkId='BodyQuestions').item.where(linkId='BodyQuestions.q3170f977').item.where(linkId='BodyQuestions.q3170f977.MultipleAnswer')"
"HNBodyEvaluationsModel.bodyQuestions.q3170f977.other","HNBodyEvaluationsModel.bodyQuestions.q3170f977.other","","","",0,1,"","","","string {[]} {[]}
","補充說明","補充說明","","","","","","","","","",,,,,"",,,,"HNBodyEvaluationsModel.bodyQuestions.q3170f977.other",0,1,"","","QuestionnaireResponse.item.where(linkId='BodyQuestions').item.where(linkId='BodyQuestions.q3170f977').item.where(linkId='BodyQuestions.q3170f977.Other')"
"HNBodyEvaluationsModel.bodyQuestions.q1dddcc0f","HNBodyEvaluationsModel.bodyQuestions.q1dddcc0f","","","",1,1,"","","","BackboneElement {[]} {[]}
","排尿輔助","排尿輔助","","","","","","","","","",,,,,"",,,,"HNBodyEvaluationsModel.bodyQuestions.q1dddcc0f",1,1,"","ele-1:All FHIR elements must have a @value or children {hasValue() or (children().count() > id.count())}
","QuestionnaireResponse.item.where(linkId='BodyQuestions').item.where(linkId='BodyQuestions.q1dddcc0f')"
"HNBodyEvaluationsModel.bodyQuestions.q1dddcc0f.id","HNBodyEvaluationsModel.bodyQuestions.q1dddcc0f.id","","","",0,1,"","","","string {[]} {[]}
","Unique id for inter-element referencing","Unique id for the element within a resource (for internal references). This may be any string value that does not contain spaces.","","","","","","","","","",,,,,"",,,,"Element.id",0,1,"",""
"HNBodyEvaluationsModel.bodyQuestions.q1dddcc0f.extension","HNBodyEvaluationsModel.bodyQuestions.q1dddcc0f.extension","","extensions
user content","",0,*,"","","","Extension {[]} {[]}
","Additional content defined by implementations","May be used to represent additional information that is not part of the basic definition of the element. To make the use of extensions safe and manageable, there is a strict set of governance  applied to the definition and use of extensions. Though any implementer can define an extension, there is a set of requirements that SHALL be met as part of the definition of the extension.","There can be no stigma associated with the use of extensions by any application, project, or standard - regardless of the institution or jurisdiction that uses or defines the extensions.  The use of extensions is what allows the FHIR specification to retain a core level of simplicity for everyone.","","","","","","","","",,,,,"","value:url}
","Extensions are always sliced by (at least) url",,"open","Element.extension",0,*,"","ele-1:All FHIR elements must have a @value or children {hasValue() or (children().count() > id.count())}
ext-1:Must have either extensions or value[x], not both {extension.exists() != value.exists()}"
"HNBodyEvaluationsModel.bodyQuestions.q1dddcc0f.modifierExtension","HNBodyEvaluationsModel.bodyQuestions.q1dddcc0f.modifierExtension","","extensions
user contentmodifiers","",0,*,"","Y","Y","Extension {[]} {[]}
","Extensions that cannot be ignored even if unrecognized","May be used to represent additional information that is not part of the basic definition of the element and that modifies the understanding of the element in which it is contained and/or the understanding of the containing element's descendants. Usually modifier elements provide negation or qualification. To make the use of extensions safe and manageable, there is a strict set of governance applied to the definition and use of extensions. Though any implementer can define an extension, there is a set of requirements that SHALL be met as part of the definition of the extension. Applications processing a resource are required to check for modifier extensions.

Modifier extensions SHALL NOT change the meaning of any elements on Resource or DomainResource (including cannot change the meaning of modifierExtension itself).","There can be no stigma associated with the use of extensions by any application, project, or standard - regardless of the institution or jurisdiction that uses or defines the extensions.  The use of extensions is what allows the FHIR specification to retain a core level of simplicity for everyone.","Modifier extensions allow for extensions that *cannot* be safely ignored to be clearly distinguished from the vast majority of extensions which can be safely ignored.  This promotes interoperability by eliminating the need for implementers to prohibit the presence of extensions. For further information, see the [definition of modifier extensions](http://hl7.org/fhir/R4/extensibility.html#modifierExtension).","","","","","","","",,,,,"",,,,"BackboneElement.modifierExtension",0,*,"","ele-1:All FHIR elements must have a @value or children {hasValue() or (children().count() > id.count())}
ext-1:Must have either extensions or value[x], not both {extension.exists() != value.exists()}"
"HNBodyEvaluationsModel.bodyQuestions.q1dddcc0f.answer","HNBodyEvaluationsModel.bodyQuestions.q1dddcc0f.answer","","","",1,1,"","","","Coding {[]} {[]}
","評估答案","評估答案","","","","","","","","","",,"required","","http://ltc-ig.fhir.tw/ValueSet/hn-vs-19264db8df7b","",,,,"HNBodyEvaluationsModel.bodyQuestions.q1dddcc0f.answer",1,1,"","","QuestionnaireResponse.item.where(linkId='BodyQuestions').item.where(linkId='BodyQuestions.q1dddcc0f').item.where(linkId='BodyQuestions.q1dddcc0f.Answer')"
"HNBodyEvaluationsModel.bodyQuestions.q1dddcc0f.multipleAnswer","HNBodyEvaluationsModel.bodyQuestions.q1dddcc0f.multipleAnswer","","","",0,*,"","","","Coding {[]} {[]}
","評估多選答案","評估多選答案。來源為逗號分隔字串。FHIR 使用多筆 Coding 答案，回寫時依序以逗號串接。","","","","","","","","","",,"required","","http://ltc-ig.fhir.tw/ValueSet/hn-vs-ec686161641f","",,,,"HNBodyEvaluationsModel.bodyQuestions.q1dddcc0f.multipleAnswer",0,*,"","","QuestionnaireResponse.item.where(linkId='BodyQuestions').item.where(linkId='BodyQuestions.q1dddcc0f').item.where(linkId='BodyQuestions.q1dddcc0f.MultipleAnswer')"
"HNBodyEvaluationsModel.bodyQuestions.q1dddcc0f.other","HNBodyEvaluationsModel.bodyQuestions.q1dddcc0f.other","","","",0,1,"","","","string {[]} {[]}
","補充說明","補充說明","","","","","","","","","",,,,,"",,,,"HNBodyEvaluationsModel.bodyQuestions.q1dddcc0f.other",0,1,"","","QuestionnaireResponse.item.where(linkId='BodyQuestions').item.where(linkId='BodyQuestions.q1dddcc0f').item.where(linkId='BodyQuestions.q1dddcc0f.Other')"
"HNBodyEvaluationsModel.bodyQuestions.q889a3f5d","HNBodyEvaluationsModel.bodyQuestions.q889a3f5d","","","",1,1,"","","","BackboneElement {[]} {[]}
","溫度","溫度","","","","","","","","","",,,,,"",,,,"HNBodyEvaluationsModel.bodyQuestions.q889a3f5d",1,1,"","ele-1:All FHIR elements must have a @value or children {hasValue() or (children().count() > id.count())}
","QuestionnaireResponse.item.where(linkId='BodyQuestions').item.where(linkId='BodyQuestions.q889a3f5d')"
"HNBodyEvaluationsModel.bodyQuestions.q889a3f5d.id","HNBodyEvaluationsModel.bodyQuestions.q889a3f5d.id","","","",0,1,"","","","string {[]} {[]}
","Unique id for inter-element referencing","Unique id for the element within a resource (for internal references). This may be any string value that does not contain spaces.","","","","","","","","","",,,,,"",,,,"Element.id",0,1,"",""
"HNBodyEvaluationsModel.bodyQuestions.q889a3f5d.extension","HNBodyEvaluationsModel.bodyQuestions.q889a3f5d.extension","","extensions
user content","",0,*,"","","","Extension {[]} {[]}
","Additional content defined by implementations","May be used to represent additional information that is not part of the basic definition of the element. To make the use of extensions safe and manageable, there is a strict set of governance  applied to the definition and use of extensions. Though any implementer can define an extension, there is a set of requirements that SHALL be met as part of the definition of the extension.","There can be no stigma associated with the use of extensions by any application, project, or standard - regardless of the institution or jurisdiction that uses or defines the extensions.  The use of extensions is what allows the FHIR specification to retain a core level of simplicity for everyone.","","","","","","","","",,,,,"","value:url}
","Extensions are always sliced by (at least) url",,"open","Element.extension",0,*,"","ele-1:All FHIR elements must have a @value or children {hasValue() or (children().count() > id.count())}
ext-1:Must have either extensions or value[x], not both {extension.exists() != value.exists()}"
"HNBodyEvaluationsModel.bodyQuestions.q889a3f5d.modifierExtension","HNBodyEvaluationsModel.bodyQuestions.q889a3f5d.modifierExtension","","extensions
user contentmodifiers","",0,*,"","Y","Y","Extension {[]} {[]}
","Extensions that cannot be ignored even if unrecognized","May be used to represent additional information that is not part of the basic definition of the element and that modifies the understanding of the element in which it is contained and/or the understanding of the containing element's descendants. Usually modifier elements provide negation or qualification. To make the use of extensions safe and manageable, there is a strict set of governance applied to the definition and use of extensions. Though any implementer can define an extension, there is a set of requirements that SHALL be met as part of the definition of the extension. Applications processing a resource are required to check for modifier extensions.

Modifier extensions SHALL NOT change the meaning of any elements on Resource or DomainResource (including cannot change the meaning of modifierExtension itself).","There can be no stigma associated with the use of extensions by any application, project, or standard - regardless of the institution or jurisdiction that uses or defines the extensions.  The use of extensions is what allows the FHIR specification to retain a core level of simplicity for everyone.","Modifier extensions allow for extensions that *cannot* be safely ignored to be clearly distinguished from the vast majority of extensions which can be safely ignored.  This promotes interoperability by eliminating the need for implementers to prohibit the presence of extensions. For further information, see the [definition of modifier extensions](http://hl7.org/fhir/R4/extensibility.html#modifierExtension).","","","","","","","",,,,,"",,,,"BackboneElement.modifierExtension",0,*,"","ele-1:All FHIR elements must have a @value or children {hasValue() or (children().count() > id.count())}
ext-1:Must have either extensions or value[x], not both {extension.exists() != value.exists()}"
"HNBodyEvaluationsModel.bodyQuestions.q889a3f5d.answer","HNBodyEvaluationsModel.bodyQuestions.q889a3f5d.answer","","","",1,1,"","","","Coding {[]} {[]}
","評估答案","評估答案","","","","","","","","","",,"required","","http://ltc-ig.fhir.tw/ValueSet/hn-vs-13d13792ca45","",,,,"HNBodyEvaluationsModel.bodyQuestions.q889a3f5d.answer",1,1,"","","QuestionnaireResponse.item.where(linkId='BodyQuestions').item.where(linkId='BodyQuestions.q889a3f5d').item.where(linkId='BodyQuestions.q889a3f5d.Answer')"
"HNBodyEvaluationsModel.bodyQuestions.q889a3f5d.multipleAnswer","HNBodyEvaluationsModel.bodyQuestions.q889a3f5d.multipleAnswer","","","",0,1,"","","","string {[]} {[]}
","評估多選答案","評估多選答案。以逗號分隔選項；視力與聽力部位使用此欄。","","","","","","","","","",,,,,"",,,,"HNBodyEvaluationsModel.bodyQuestions.q889a3f5d.multipleAnswer",0,1,"","","QuestionnaireResponse.item.where(linkId='BodyQuestions').item.where(linkId='BodyQuestions.q889a3f5d').item.where(linkId='BodyQuestions.q889a3f5d.MultipleAnswer')"
"HNBodyEvaluationsModel.bodyQuestions.q889a3f5d.other","HNBodyEvaluationsModel.bodyQuestions.q889a3f5d.other","","","",0,1,"","","","string {[]} {[]}
","補充說明","補充說明","","","","","","","","","",,,,,"",,,,"HNBodyEvaluationsModel.bodyQuestions.q889a3f5d.other",0,1,"","","QuestionnaireResponse.item.where(linkId='BodyQuestions').item.where(linkId='BodyQuestions.q889a3f5d').item.where(linkId='BodyQuestions.q889a3f5d.Other')"
"HNBodyEvaluationsModel.bodyQuestions.qfbbbe51d","HNBodyEvaluationsModel.bodyQuestions.qfbbbe51d","","","",1,1,"","","","BackboneElement {[]} {[]}
","濕度","濕度","","","","","","","","","",,,,,"",,,,"HNBodyEvaluationsModel.bodyQuestions.qfbbbe51d",1,1,"","ele-1:All FHIR elements must have a @value or children {hasValue() or (children().count() > id.count())}
","QuestionnaireResponse.item.where(linkId='BodyQuestions').item.where(linkId='BodyQuestions.qfbbbe51d')"
"HNBodyEvaluationsModel.bodyQuestions.qfbbbe51d.id","HNBodyEvaluationsModel.bodyQuestions.qfbbbe51d.id","","","",0,1,"","","","string {[]} {[]}
","Unique id for inter-element referencing","Unique id for the element within a resource (for internal references). This may be any string value that does not contain spaces.","","","","","","","","","",,,,,"",,,,"Element.id",0,1,"",""
"HNBodyEvaluationsModel.bodyQuestions.qfbbbe51d.extension","HNBodyEvaluationsModel.bodyQuestions.qfbbbe51d.extension","","extensions
user content","",0,*,"","","","Extension {[]} {[]}
","Additional content defined by implementations","May be used to represent additional information that is not part of the basic definition of the element. To make the use of extensions safe and manageable, there is a strict set of governance  applied to the definition and use of extensions. Though any implementer can define an extension, there is a set of requirements that SHALL be met as part of the definition of the extension.","There can be no stigma associated with the use of extensions by any application, project, or standard - regardless of the institution or jurisdiction that uses or defines the extensions.  The use of extensions is what allows the FHIR specification to retain a core level of simplicity for everyone.","","","","","","","","",,,,,"","value:url}
","Extensions are always sliced by (at least) url",,"open","Element.extension",0,*,"","ele-1:All FHIR elements must have a @value or children {hasValue() or (children().count() > id.count())}
ext-1:Must have either extensions or value[x], not both {extension.exists() != value.exists()}"
"HNBodyEvaluationsModel.bodyQuestions.qfbbbe51d.modifierExtension","HNBodyEvaluationsModel.bodyQuestions.qfbbbe51d.modifierExtension","","extensions
user contentmodifiers","",0,*,"","Y","Y","Extension {[]} {[]}
","Extensions that cannot be ignored even if unrecognized","May be used to represent additional information that is not part of the basic definition of the element and that modifies the understanding of the element in which it is contained and/or the understanding of the containing element's descendants. Usually modifier elements provide negation or qualification. To make the use of extensions safe and manageable, there is a strict set of governance applied to the definition and use of extensions. Though any implementer can define an extension, there is a set of requirements that SHALL be met as part of the definition of the extension. Applications processing a resource are required to check for modifier extensions.

Modifier extensions SHALL NOT change the meaning of any elements on Resource or DomainResource (including cannot change the meaning of modifierExtension itself).","There can be no stigma associated with the use of extensions by any application, project, or standard - regardless of the institution or jurisdiction that uses or defines the extensions.  The use of extensions is what allows the FHIR specification to retain a core level of simplicity for everyone.","Modifier extensions allow for extensions that *cannot* be safely ignored to be clearly distinguished from the vast majority of extensions which can be safely ignored.  This promotes interoperability by eliminating the need for implementers to prohibit the presence of extensions. For further information, see the [definition of modifier extensions](http://hl7.org/fhir/R4/extensibility.html#modifierExtension).","","","","","","","",,,,,"",,,,"BackboneElement.modifierExtension",0,*,"","ele-1:All FHIR elements must have a @value or children {hasValue() or (children().count() > id.count())}
ext-1:Must have either extensions or value[x], not both {extension.exists() != value.exists()}"
"HNBodyEvaluationsModel.bodyQuestions.qfbbbe51d.answer","HNBodyEvaluationsModel.bodyQuestions.qfbbbe51d.answer","","","",1,1,"","","","Coding {[]} {[]}
","評估答案","評估答案","","","","","","","","","",,"required","","http://ltc-ig.fhir.tw/ValueSet/hn-vs-acfe4f6c5f3a","",,,,"HNBodyEvaluationsModel.bodyQuestions.qfbbbe51d.answer",1,1,"","","QuestionnaireResponse.item.where(linkId='BodyQuestions').item.where(linkId='BodyQuestions.qfbbbe51d').item.where(linkId='BodyQuestions.qfbbbe51d.Answer')"
"HNBodyEvaluationsModel.bodyQuestions.qfbbbe51d.multipleAnswer","HNBodyEvaluationsModel.bodyQuestions.qfbbbe51d.multipleAnswer","","","",0,1,"","","","string {[]} {[]}
","評估多選答案","評估多選答案。以逗號分隔選項；視力與聽力部位使用此欄。","","","","","","","","","",,,,,"",,,,"HNBodyEvaluationsModel.bodyQuestions.qfbbbe51d.multipleAnswer",0,1,"","","QuestionnaireResponse.item.where(linkId='BodyQuestions').item.where(linkId='BodyQuestions.qfbbbe51d').item.where(linkId='BodyQuestions.qfbbbe51d.MultipleAnswer')"
"HNBodyEvaluationsModel.bodyQuestions.qfbbbe51d.other","HNBodyEvaluationsModel.bodyQuestions.qfbbbe51d.other","","","",0,1,"","","","string {[]} {[]}
","補充說明","補充說明","","","","","","","","","",,,,,"",,,,"HNBodyEvaluationsModel.bodyQuestions.qfbbbe51d.other",0,1,"","","QuestionnaireResponse.item.where(linkId='BodyQuestions').item.where(linkId='BodyQuestions.qfbbbe51d').item.where(linkId='BodyQuestions.qfbbbe51d.Other')"
"HNBodyEvaluationsModel.bodyQuestions.q2edc1f98","HNBodyEvaluationsModel.bodyQuestions.q2edc1f98","","","",1,1,"","","","BackboneElement {[]} {[]}
","顏色","顏色","","","","","","","","","",,,,,"",,,,"HNBodyEvaluationsModel.bodyQuestions.q2edc1f98",1,1,"","ele-1:All FHIR elements must have a @value or children {hasValue() or (children().count() > id.count())}
","QuestionnaireResponse.item.where(linkId='BodyQuestions').item.where(linkId='BodyQuestions.q2edc1f98')"
"HNBodyEvaluationsModel.bodyQuestions.q2edc1f98.id","HNBodyEvaluationsModel.bodyQuestions.q2edc1f98.id","","","",0,1,"","","","string {[]} {[]}
","Unique id for inter-element referencing","Unique id for the element within a resource (for internal references). This may be any string value that does not contain spaces.","","","","","","","","","",,,,,"",,,,"Element.id",0,1,"",""
"HNBodyEvaluationsModel.bodyQuestions.q2edc1f98.extension","HNBodyEvaluationsModel.bodyQuestions.q2edc1f98.extension","","extensions
user content","",0,*,"","","","Extension {[]} {[]}
","Additional content defined by implementations","May be used to represent additional information that is not part of the basic definition of the element. To make the use of extensions safe and manageable, there is a strict set of governance  applied to the definition and use of extensions. Though any implementer can define an extension, there is a set of requirements that SHALL be met as part of the definition of the extension.","There can be no stigma associated with the use of extensions by any application, project, or standard - regardless of the institution or jurisdiction that uses or defines the extensions.  The use of extensions is what allows the FHIR specification to retain a core level of simplicity for everyone.","","","","","","","","",,,,,"","value:url}
","Extensions are always sliced by (at least) url",,"open","Element.extension",0,*,"","ele-1:All FHIR elements must have a @value or children {hasValue() or (children().count() > id.count())}
ext-1:Must have either extensions or value[x], not both {extension.exists() != value.exists()}"
"HNBodyEvaluationsModel.bodyQuestions.q2edc1f98.modifierExtension","HNBodyEvaluationsModel.bodyQuestions.q2edc1f98.modifierExtension","","extensions
user contentmodifiers","",0,*,"","Y","Y","Extension {[]} {[]}
","Extensions that cannot be ignored even if unrecognized","May be used to represent additional information that is not part of the basic definition of the element and that modifies the understanding of the element in which it is contained and/or the understanding of the containing element's descendants. Usually modifier elements provide negation or qualification. To make the use of extensions safe and manageable, there is a strict set of governance applied to the definition and use of extensions. Though any implementer can define an extension, there is a set of requirements that SHALL be met as part of the definition of the extension. Applications processing a resource are required to check for modifier extensions.

Modifier extensions SHALL NOT change the meaning of any elements on Resource or DomainResource (including cannot change the meaning of modifierExtension itself).","There can be no stigma associated with the use of extensions by any application, project, or standard - regardless of the institution or jurisdiction that uses or defines the extensions.  The use of extensions is what allows the FHIR specification to retain a core level of simplicity for everyone.","Modifier extensions allow for extensions that *cannot* be safely ignored to be clearly distinguished from the vast majority of extensions which can be safely ignored.  This promotes interoperability by eliminating the need for implementers to prohibit the presence of extensions. For further information, see the [definition of modifier extensions](http://hl7.org/fhir/R4/extensibility.html#modifierExtension).","","","","","","","",,,,,"",,,,"BackboneElement.modifierExtension",0,*,"","ele-1:All FHIR elements must have a @value or children {hasValue() or (children().count() > id.count())}
ext-1:Must have either extensions or value[x], not both {extension.exists() != value.exists()}"
"HNBodyEvaluationsModel.bodyQuestions.q2edc1f98.answer","HNBodyEvaluationsModel.bodyQuestions.q2edc1f98.answer","","","",1,1,"","","","Coding {[]} {[]}
","評估答案","評估答案","","","","","","","","","",,"required","","http://ltc-ig.fhir.tw/ValueSet/hn-vs-ed3fafa578d2","",,,,"HNBodyEvaluationsModel.bodyQuestions.q2edc1f98.answer",1,1,"","","QuestionnaireResponse.item.where(linkId='BodyQuestions').item.where(linkId='BodyQuestions.q2edc1f98').item.where(linkId='BodyQuestions.q2edc1f98.Answer')"
"HNBodyEvaluationsModel.bodyQuestions.q2edc1f98.multipleAnswer","HNBodyEvaluationsModel.bodyQuestions.q2edc1f98.multipleAnswer","","","",0,1,"","","","string {[]} {[]}
","評估多選答案","評估多選答案。以逗號分隔選項；視力與聽力部位使用此欄。","","","","","","","","","",,,,,"",,,,"HNBodyEvaluationsModel.bodyQuestions.q2edc1f98.multipleAnswer",0,1,"","","QuestionnaireResponse.item.where(linkId='BodyQuestions').item.where(linkId='BodyQuestions.q2edc1f98').item.where(linkId='BodyQuestions.q2edc1f98.MultipleAnswer')"
"HNBodyEvaluationsModel.bodyQuestions.q2edc1f98.other","HNBodyEvaluationsModel.bodyQuestions.q2edc1f98.other","","","",0,1,"","","","string {[]} {[]}
","補充說明","補充說明","","","","","","","","","",,,,,"",,,,"HNBodyEvaluationsModel.bodyQuestions.q2edc1f98.other",0,1,"","","QuestionnaireResponse.item.where(linkId='BodyQuestions').item.where(linkId='BodyQuestions.q2edc1f98').item.where(linkId='BodyQuestions.q2edc1f98.Other')"
"HNBodyEvaluationsModel.bodyQuestions.q0aec089c","HNBodyEvaluationsModel.bodyQuestions.q0aec089c","","","",1,1,"","","","BackboneElement {[]} {[]}
","水腫級數","水腫級數","","","","","","","","","",,,,,"",,,,"HNBodyEvaluationsModel.bodyQuestions.q0aec089c",1,1,"","ele-1:All FHIR elements must have a @value or children {hasValue() or (children().count() > id.count())}
","QuestionnaireResponse.item.where(linkId='BodyQuestions').item.where(linkId='BodyQuestions.q0aec089c')"
"HNBodyEvaluationsModel.bodyQuestions.q0aec089c.id","HNBodyEvaluationsModel.bodyQuestions.q0aec089c.id","","","",0,1,"","","","string {[]} {[]}
","Unique id for inter-element referencing","Unique id for the element within a resource (for internal references). This may be any string value that does not contain spaces.","","","","","","","","","",,,,,"",,,,"Element.id",0,1,"",""
"HNBodyEvaluationsModel.bodyQuestions.q0aec089c.extension","HNBodyEvaluationsModel.bodyQuestions.q0aec089c.extension","","extensions
user content","",0,*,"","","","Extension {[]} {[]}
","Additional content defined by implementations","May be used to represent additional information that is not part of the basic definition of the element. To make the use of extensions safe and manageable, there is a strict set of governance  applied to the definition and use of extensions. Though any implementer can define an extension, there is a set of requirements that SHALL be met as part of the definition of the extension.","There can be no stigma associated with the use of extensions by any application, project, or standard - regardless of the institution or jurisdiction that uses or defines the extensions.  The use of extensions is what allows the FHIR specification to retain a core level of simplicity for everyone.","","","","","","","","",,,,,"","value:url}
","Extensions are always sliced by (at least) url",,"open","Element.extension",0,*,"","ele-1:All FHIR elements must have a @value or children {hasValue() or (children().count() > id.count())}
ext-1:Must have either extensions or value[x], not both {extension.exists() != value.exists()}"
"HNBodyEvaluationsModel.bodyQuestions.q0aec089c.modifierExtension","HNBodyEvaluationsModel.bodyQuestions.q0aec089c.modifierExtension","","extensions
user contentmodifiers","",0,*,"","Y","Y","Extension {[]} {[]}
","Extensions that cannot be ignored even if unrecognized","May be used to represent additional information that is not part of the basic definition of the element and that modifies the understanding of the element in which it is contained and/or the understanding of the containing element's descendants. Usually modifier elements provide negation or qualification. To make the use of extensions safe and manageable, there is a strict set of governance applied to the definition and use of extensions. Though any implementer can define an extension, there is a set of requirements that SHALL be met as part of the definition of the extension. Applications processing a resource are required to check for modifier extensions.

Modifier extensions SHALL NOT change the meaning of any elements on Resource or DomainResource (including cannot change the meaning of modifierExtension itself).","There can be no stigma associated with the use of extensions by any application, project, or standard - regardless of the institution or jurisdiction that uses or defines the extensions.  The use of extensions is what allows the FHIR specification to retain a core level of simplicity for everyone.","Modifier extensions allow for extensions that *cannot* be safely ignored to be clearly distinguished from the vast majority of extensions which can be safely ignored.  This promotes interoperability by eliminating the need for implementers to prohibit the presence of extensions. For further information, see the [definition of modifier extensions](http://hl7.org/fhir/R4/extensibility.html#modifierExtension).","","","","","","","",,,,,"",,,,"BackboneElement.modifierExtension",0,*,"","ele-1:All FHIR elements must have a @value or children {hasValue() or (children().count() > id.count())}
ext-1:Must have either extensions or value[x], not both {extension.exists() != value.exists()}"
"HNBodyEvaluationsModel.bodyQuestions.q0aec089c.answer","HNBodyEvaluationsModel.bodyQuestions.q0aec089c.answer","","","",1,1,"","","","Coding {[]} {[]}
","評估答案","評估答案","","","","","","","","","",,"required","","http://ltc-ig.fhir.tw/ValueSet/hn-vs-49fe20230ec3","",,,,"HNBodyEvaluationsModel.bodyQuestions.q0aec089c.answer",1,1,"","","QuestionnaireResponse.item.where(linkId='BodyQuestions').item.where(linkId='BodyQuestions.q0aec089c').item.where(linkId='BodyQuestions.q0aec089c.Answer')"
"HNBodyEvaluationsModel.bodyQuestions.q0aec089c.multipleAnswer","HNBodyEvaluationsModel.bodyQuestions.q0aec089c.multipleAnswer","","","",0,1,"","","","string {[]} {[]}
","評估多選答案","評估多選答案。以逗號分隔選項；視力與聽力部位使用此欄。","","","","","","","","","",,,,,"",,,,"HNBodyEvaluationsModel.bodyQuestions.q0aec089c.multipleAnswer",0,1,"","","QuestionnaireResponse.item.where(linkId='BodyQuestions').item.where(linkId='BodyQuestions.q0aec089c').item.where(linkId='BodyQuestions.q0aec089c.MultipleAnswer')"
"HNBodyEvaluationsModel.bodyQuestions.q0aec089c.other","HNBodyEvaluationsModel.bodyQuestions.q0aec089c.other","","","",0,1,"","","","string {[]} {[]}
","補充說明","補充說明","","","","","","","","","",,,,,"",,,,"HNBodyEvaluationsModel.bodyQuestions.q0aec089c.other",0,1,"","","QuestionnaireResponse.item.where(linkId='BodyQuestions').item.where(linkId='BodyQuestions.q0aec089c').item.where(linkId='BodyQuestions.q0aec089c.Other')"
"HNBodyEvaluationsModel.bodyQuestions.q5b3534e0","HNBodyEvaluationsModel.bodyQuestions.q5b3534e0","","","",1,1,"","","","BackboneElement {[]} {[]}
","水腫等級","水腫等級","","","","","","","","","",,,,,"",,,,"HNBodyEvaluationsModel.bodyQuestions.q5b3534e0",1,1,"","ele-1:All FHIR elements must have a @value or children {hasValue() or (children().count() > id.count())}
","QuestionnaireResponse.item.where(linkId='BodyQuestions').item.where(linkId='BodyQuestions.q5b3534e0')"
"HNBodyEvaluationsModel.bodyQuestions.q5b3534e0.id","HNBodyEvaluationsModel.bodyQuestions.q5b3534e0.id","","","",0,1,"","","","string {[]} {[]}
","Unique id for inter-element referencing","Unique id for the element within a resource (for internal references). This may be any string value that does not contain spaces.","","","","","","","","","",,,,,"",,,,"Element.id",0,1,"",""
"HNBodyEvaluationsModel.bodyQuestions.q5b3534e0.extension","HNBodyEvaluationsModel.bodyQuestions.q5b3534e0.extension","","extensions
user content","",0,*,"","","","Extension {[]} {[]}
","Additional content defined by implementations","May be used to represent additional information that is not part of the basic definition of the element. To make the use of extensions safe and manageable, there is a strict set of governance  applied to the definition and use of extensions. Though any implementer can define an extension, there is a set of requirements that SHALL be met as part of the definition of the extension.","There can be no stigma associated with the use of extensions by any application, project, or standard - regardless of the institution or jurisdiction that uses or defines the extensions.  The use of extensions is what allows the FHIR specification to retain a core level of simplicity for everyone.","","","","","","","","",,,,,"","value:url}
","Extensions are always sliced by (at least) url",,"open","Element.extension",0,*,"","ele-1:All FHIR elements must have a @value or children {hasValue() or (children().count() > id.count())}
ext-1:Must have either extensions or value[x], not both {extension.exists() != value.exists()}"
"HNBodyEvaluationsModel.bodyQuestions.q5b3534e0.modifierExtension","HNBodyEvaluationsModel.bodyQuestions.q5b3534e0.modifierExtension","","extensions
user contentmodifiers","",0,*,"","Y","Y","Extension {[]} {[]}
","Extensions that cannot be ignored even if unrecognized","May be used to represent additional information that is not part of the basic definition of the element and that modifies the understanding of the element in which it is contained and/or the understanding of the containing element's descendants. Usually modifier elements provide negation or qualification. To make the use of extensions safe and manageable, there is a strict set of governance applied to the definition and use of extensions. Though any implementer can define an extension, there is a set of requirements that SHALL be met as part of the definition of the extension. Applications processing a resource are required to check for modifier extensions.

Modifier extensions SHALL NOT change the meaning of any elements on Resource or DomainResource (including cannot change the meaning of modifierExtension itself).","There can be no stigma associated with the use of extensions by any application, project, or standard - regardless of the institution or jurisdiction that uses or defines the extensions.  The use of extensions is what allows the FHIR specification to retain a core level of simplicity for everyone.","Modifier extensions allow for extensions that *cannot* be safely ignored to be clearly distinguished from the vast majority of extensions which can be safely ignored.  This promotes interoperability by eliminating the need for implementers to prohibit the presence of extensions. For further information, see the [definition of modifier extensions](http://hl7.org/fhir/R4/extensibility.html#modifierExtension).","","","","","","","",,,,,"",,,,"BackboneElement.modifierExtension",0,*,"","ele-1:All FHIR elements must have a @value or children {hasValue() or (children().count() > id.count())}
ext-1:Must have either extensions or value[x], not both {extension.exists() != value.exists()}"
"HNBodyEvaluationsModel.bodyQuestions.q5b3534e0.answer","HNBodyEvaluationsModel.bodyQuestions.q5b3534e0.answer","","","",1,1,"","","","Coding {[]} {[]}
","評估答案","評估答案","","","","","","","","","",,"required","","http://ltc-ig.fhir.tw/ValueSet/hn-vs-c93d67023284","",,,,"HNBodyEvaluationsModel.bodyQuestions.q5b3534e0.answer",1,1,"","","QuestionnaireResponse.item.where(linkId='BodyQuestions').item.where(linkId='BodyQuestions.q5b3534e0').item.where(linkId='BodyQuestions.q5b3534e0.Answer')"
"HNBodyEvaluationsModel.bodyQuestions.q5b3534e0.multipleAnswer","HNBodyEvaluationsModel.bodyQuestions.q5b3534e0.multipleAnswer","","","",0,1,"","","","string {[]} {[]}
","評估多選答案","評估多選答案。以逗號分隔選項；視力與聽力部位使用此欄。","","","","","","","","","",,,,,"",,,,"HNBodyEvaluationsModel.bodyQuestions.q5b3534e0.multipleAnswer",0,1,"","","QuestionnaireResponse.item.where(linkId='BodyQuestions').item.where(linkId='BodyQuestions.q5b3534e0').item.where(linkId='BodyQuestions.q5b3534e0.MultipleAnswer')"
"HNBodyEvaluationsModel.bodyQuestions.q5b3534e0.other","HNBodyEvaluationsModel.bodyQuestions.q5b3534e0.other","","","",0,1,"","","","string {[]} {[]}
","補充說明","補充說明","","","","","","","","","",,,,,"",,,,"HNBodyEvaluationsModel.bodyQuestions.q5b3534e0.other",0,1,"","","QuestionnaireResponse.item.where(linkId='BodyQuestions').item.where(linkId='BodyQuestions.q5b3534e0').item.where(linkId='BodyQuestions.q5b3534e0.Other')"
"HNBodyEvaluationsModel.bodyQuestions.q6e6e5811","HNBodyEvaluationsModel.bodyQuestions.q6e6e5811","","","",1,1,"","","","BackboneElement {[]} {[]}
","完整","完整","","","","","","","","","",,,,,"",,,,"HNBodyEvaluationsModel.bodyQuestions.q6e6e5811",1,1,"","ele-1:All FHIR elements must have a @value or children {hasValue() or (children().count() > id.count())}
","QuestionnaireResponse.item.where(linkId='BodyQuestions').item.where(linkId='BodyQuestions.q6e6e5811')"
"HNBodyEvaluationsModel.bodyQuestions.q6e6e5811.id","HNBodyEvaluationsModel.bodyQuestions.q6e6e5811.id","","","",0,1,"","","","string {[]} {[]}
","Unique id for inter-element referencing","Unique id for the element within a resource (for internal references). This may be any string value that does not contain spaces.","","","","","","","","","",,,,,"",,,,"Element.id",0,1,"",""
"HNBodyEvaluationsModel.bodyQuestions.q6e6e5811.extension","HNBodyEvaluationsModel.bodyQuestions.q6e6e5811.extension","","extensions
user content","",0,*,"","","","Extension {[]} {[]}
","Additional content defined by implementations","May be used to represent additional information that is not part of the basic definition of the element. To make the use of extensions safe and manageable, there is a strict set of governance  applied to the definition and use of extensions. Though any implementer can define an extension, there is a set of requirements that SHALL be met as part of the definition of the extension.","There can be no stigma associated with the use of extensions by any application, project, or standard - regardless of the institution or jurisdiction that uses or defines the extensions.  The use of extensions is what allows the FHIR specification to retain a core level of simplicity for everyone.","","","","","","","","",,,,,"","value:url}
","Extensions are always sliced by (at least) url",,"open","Element.extension",0,*,"","ele-1:All FHIR elements must have a @value or children {hasValue() or (children().count() > id.count())}
ext-1:Must have either extensions or value[x], not both {extension.exists() != value.exists()}"
"HNBodyEvaluationsModel.bodyQuestions.q6e6e5811.modifierExtension","HNBodyEvaluationsModel.bodyQuestions.q6e6e5811.modifierExtension","","extensions
user contentmodifiers","",0,*,"","Y","Y","Extension {[]} {[]}
","Extensions that cannot be ignored even if unrecognized","May be used to represent additional information that is not part of the basic definition of the element and that modifies the understanding of the element in which it is contained and/or the understanding of the containing element's descendants. Usually modifier elements provide negation or qualification. To make the use of extensions safe and manageable, there is a strict set of governance applied to the definition and use of extensions. Though any implementer can define an extension, there is a set of requirements that SHALL be met as part of the definition of the extension. Applications processing a resource are required to check for modifier extensions.

Modifier extensions SHALL NOT change the meaning of any elements on Resource or DomainResource (including cannot change the meaning of modifierExtension itself).","There can be no stigma associated with the use of extensions by any application, project, or standard - regardless of the institution or jurisdiction that uses or defines the extensions.  The use of extensions is what allows the FHIR specification to retain a core level of simplicity for everyone.","Modifier extensions allow for extensions that *cannot* be safely ignored to be clearly distinguished from the vast majority of extensions which can be safely ignored.  This promotes interoperability by eliminating the need for implementers to prohibit the presence of extensions. For further information, see the [definition of modifier extensions](http://hl7.org/fhir/R4/extensibility.html#modifierExtension).","","","","","","","",,,,,"",,,,"BackboneElement.modifierExtension",0,*,"","ele-1:All FHIR elements must have a @value or children {hasValue() or (children().count() > id.count())}
ext-1:Must have either extensions or value[x], not both {extension.exists() != value.exists()}"
"HNBodyEvaluationsModel.bodyQuestions.q6e6e5811.answer","HNBodyEvaluationsModel.bodyQuestions.q6e6e5811.answer","","","",1,1,"","","","Coding {[]} {[]}
","評估答案","評估答案","","","","","","","","","",,"required","","http://ltc-ig.fhir.tw/ValueSet/hn-vs-58e4d598f859","",,,,"HNBodyEvaluationsModel.bodyQuestions.q6e6e5811.answer",1,1,"","","QuestionnaireResponse.item.where(linkId='BodyQuestions').item.where(linkId='BodyQuestions.q6e6e5811').item.where(linkId='BodyQuestions.q6e6e5811.Answer')"
"HNBodyEvaluationsModel.bodyQuestions.q6e6e5811.multipleAnswer","HNBodyEvaluationsModel.bodyQuestions.q6e6e5811.multipleAnswer","","","",0,1,"","","","string {[]} {[]}
","評估多選答案","評估多選答案。以逗號分隔選項；視力與聽力部位使用此欄。","","","","","","","","","",,,,,"",,,,"HNBodyEvaluationsModel.bodyQuestions.q6e6e5811.multipleAnswer",0,1,"","","QuestionnaireResponse.item.where(linkId='BodyQuestions').item.where(linkId='BodyQuestions.q6e6e5811').item.where(linkId='BodyQuestions.q6e6e5811.MultipleAnswer')"
"HNBodyEvaluationsModel.bodyQuestions.q6e6e5811.other","HNBodyEvaluationsModel.bodyQuestions.q6e6e5811.other","","","",0,1,"","","","string {[]} {[]}
","補充說明","補充說明","","","","","","","","","",,,,,"",,,,"HNBodyEvaluationsModel.bodyQuestions.q6e6e5811.other",0,1,"","","QuestionnaireResponse.item.where(linkId='BodyQuestions').item.where(linkId='BodyQuestions.q6e6e5811').item.where(linkId='BodyQuestions.q6e6e5811.Other')"
"HNBodyEvaluationsModel.bodyQuestions.q4c713f60","HNBodyEvaluationsModel.bodyQuestions.q4c713f60","","","",1,1,"","","","BackboneElement {[]} {[]}
","左上肢","左上肢","","","","","","","","","",,,,,"",,,,"HNBodyEvaluationsModel.bodyQuestions.q4c713f60",1,1,"","ele-1:All FHIR elements must have a @value or children {hasValue() or (children().count() > id.count())}
","QuestionnaireResponse.item.where(linkId='BodyQuestions').item.where(linkId='BodyQuestions.q4c713f60')"
"HNBodyEvaluationsModel.bodyQuestions.q4c713f60.id","HNBodyEvaluationsModel.bodyQuestions.q4c713f60.id","","","",0,1,"","","","string {[]} {[]}
","Unique id for inter-element referencing","Unique id for the element within a resource (for internal references). This may be any string value that does not contain spaces.","","","","","","","","","",,,,,"",,,,"Element.id",0,1,"",""
"HNBodyEvaluationsModel.bodyQuestions.q4c713f60.extension","HNBodyEvaluationsModel.bodyQuestions.q4c713f60.extension","","extensions
user content","",0,*,"","","","Extension {[]} {[]}
","Additional content defined by implementations","May be used to represent additional information that is not part of the basic definition of the element. To make the use of extensions safe and manageable, there is a strict set of governance  applied to the definition and use of extensions. Though any implementer can define an extension, there is a set of requirements that SHALL be met as part of the definition of the extension.","There can be no stigma associated with the use of extensions by any application, project, or standard - regardless of the institution or jurisdiction that uses or defines the extensions.  The use of extensions is what allows the FHIR specification to retain a core level of simplicity for everyone.","","","","","","","","",,,,,"","value:url}
","Extensions are always sliced by (at least) url",,"open","Element.extension",0,*,"","ele-1:All FHIR elements must have a @value or children {hasValue() or (children().count() > id.count())}
ext-1:Must have either extensions or value[x], not both {extension.exists() != value.exists()}"
"HNBodyEvaluationsModel.bodyQuestions.q4c713f60.modifierExtension","HNBodyEvaluationsModel.bodyQuestions.q4c713f60.modifierExtension","","extensions
user contentmodifiers","",0,*,"","Y","Y","Extension {[]} {[]}
","Extensions that cannot be ignored even if unrecognized","May be used to represent additional information that is not part of the basic definition of the element and that modifies the understanding of the element in which it is contained and/or the understanding of the containing element's descendants. Usually modifier elements provide negation or qualification. To make the use of extensions safe and manageable, there is a strict set of governance applied to the definition and use of extensions. Though any implementer can define an extension, there is a set of requirements that SHALL be met as part of the definition of the extension. Applications processing a resource are required to check for modifier extensions.

Modifier extensions SHALL NOT change the meaning of any elements on Resource or DomainResource (including cannot change the meaning of modifierExtension itself).","There can be no stigma associated with the use of extensions by any application, project, or standard - regardless of the institution or jurisdiction that uses or defines the extensions.  The use of extensions is what allows the FHIR specification to retain a core level of simplicity for everyone.","Modifier extensions allow for extensions that *cannot* be safely ignored to be clearly distinguished from the vast majority of extensions which can be safely ignored.  This promotes interoperability by eliminating the need for implementers to prohibit the presence of extensions. For further information, see the [definition of modifier extensions](http://hl7.org/fhir/R4/extensibility.html#modifierExtension).","","","","","","","",,,,,"",,,,"BackboneElement.modifierExtension",0,*,"","ele-1:All FHIR elements must have a @value or children {hasValue() or (children().count() > id.count())}
ext-1:Must have either extensions or value[x], not both {extension.exists() != value.exists()}"
"HNBodyEvaluationsModel.bodyQuestions.q4c713f60.answer","HNBodyEvaluationsModel.bodyQuestions.q4c713f60.answer","","","",1,1,"","","","Coding {[]} {[]}
","評估答案","評估答案","","","","","","","","","",,"required","","http://ltc-ig.fhir.tw/ValueSet/hn-vs-00697b86a7bc","",,,,"HNBodyEvaluationsModel.bodyQuestions.q4c713f60.answer",1,1,"","","QuestionnaireResponse.item.where(linkId='BodyQuestions').item.where(linkId='BodyQuestions.q4c713f60').item.where(linkId='BodyQuestions.q4c713f60.Answer')"
"HNBodyEvaluationsModel.bodyQuestions.q4c713f60.multipleAnswer","HNBodyEvaluationsModel.bodyQuestions.q4c713f60.multipleAnswer","","","",0,1,"","","","string {[]} {[]}
","評估多選答案","評估多選答案。以逗號分隔選項；視力與聽力部位使用此欄。","","","","","","","","","",,,,,"",,,,"HNBodyEvaluationsModel.bodyQuestions.q4c713f60.multipleAnswer",0,1,"","","QuestionnaireResponse.item.where(linkId='BodyQuestions').item.where(linkId='BodyQuestions.q4c713f60').item.where(linkId='BodyQuestions.q4c713f60.MultipleAnswer')"
"HNBodyEvaluationsModel.bodyQuestions.q4c713f60.other","HNBodyEvaluationsModel.bodyQuestions.q4c713f60.other","","","",0,1,"","","","string {[]} {[]}
","補充說明","補充說明","","","","","","","","","",,,,,"",,,,"HNBodyEvaluationsModel.bodyQuestions.q4c713f60.other",0,1,"","","QuestionnaireResponse.item.where(linkId='BodyQuestions').item.where(linkId='BodyQuestions.q4c713f60').item.where(linkId='BodyQuestions.q4c713f60.Other')"
"HNBodyEvaluationsModel.bodyQuestions.q43c26e48","HNBodyEvaluationsModel.bodyQuestions.q43c26e48","","","",1,1,"","","","BackboneElement {[]} {[]}
","右上肢","右上肢","","","","","","","","","",,,,,"",,,,"HNBodyEvaluationsModel.bodyQuestions.q43c26e48",1,1,"","ele-1:All FHIR elements must have a @value or children {hasValue() or (children().count() > id.count())}
","QuestionnaireResponse.item.where(linkId='BodyQuestions').item.where(linkId='BodyQuestions.q43c26e48')"
"HNBodyEvaluationsModel.bodyQuestions.q43c26e48.id","HNBodyEvaluationsModel.bodyQuestions.q43c26e48.id","","","",0,1,"","","","string {[]} {[]}
","Unique id for inter-element referencing","Unique id for the element within a resource (for internal references). This may be any string value that does not contain spaces.","","","","","","","","","",,,,,"",,,,"Element.id",0,1,"",""
"HNBodyEvaluationsModel.bodyQuestions.q43c26e48.extension","HNBodyEvaluationsModel.bodyQuestions.q43c26e48.extension","","extensions
user content","",0,*,"","","","Extension {[]} {[]}
","Additional content defined by implementations","May be used to represent additional information that is not part of the basic definition of the element. To make the use of extensions safe and manageable, there is a strict set of governance  applied to the definition and use of extensions. Though any implementer can define an extension, there is a set of requirements that SHALL be met as part of the definition of the extension.","There can be no stigma associated with the use of extensions by any application, project, or standard - regardless of the institution or jurisdiction that uses or defines the extensions.  The use of extensions is what allows the FHIR specification to retain a core level of simplicity for everyone.","","","","","","","","",,,,,"","value:url}
","Extensions are always sliced by (at least) url",,"open","Element.extension",0,*,"","ele-1:All FHIR elements must have a @value or children {hasValue() or (children().count() > id.count())}
ext-1:Must have either extensions or value[x], not both {extension.exists() != value.exists()}"
"HNBodyEvaluationsModel.bodyQuestions.q43c26e48.modifierExtension","HNBodyEvaluationsModel.bodyQuestions.q43c26e48.modifierExtension","","extensions
user contentmodifiers","",0,*,"","Y","Y","Extension {[]} {[]}
","Extensions that cannot be ignored even if unrecognized","May be used to represent additional information that is not part of the basic definition of the element and that modifies the understanding of the element in which it is contained and/or the understanding of the containing element's descendants. Usually modifier elements provide negation or qualification. To make the use of extensions safe and manageable, there is a strict set of governance applied to the definition and use of extensions. Though any implementer can define an extension, there is a set of requirements that SHALL be met as part of the definition of the extension. Applications processing a resource are required to check for modifier extensions.

Modifier extensions SHALL NOT change the meaning of any elements on Resource or DomainResource (including cannot change the meaning of modifierExtension itself).","There can be no stigma associated with the use of extensions by any application, project, or standard - regardless of the institution or jurisdiction that uses or defines the extensions.  The use of extensions is what allows the FHIR specification to retain a core level of simplicity for everyone.","Modifier extensions allow for extensions that *cannot* be safely ignored to be clearly distinguished from the vast majority of extensions which can be safely ignored.  This promotes interoperability by eliminating the need for implementers to prohibit the presence of extensions. For further information, see the [definition of modifier extensions](http://hl7.org/fhir/R4/extensibility.html#modifierExtension).","","","","","","","",,,,,"",,,,"BackboneElement.modifierExtension",0,*,"","ele-1:All FHIR elements must have a @value or children {hasValue() or (children().count() > id.count())}
ext-1:Must have either extensions or value[x], not both {extension.exists() != value.exists()}"
"HNBodyEvaluationsModel.bodyQuestions.q43c26e48.answer","HNBodyEvaluationsModel.bodyQuestions.q43c26e48.answer","","","",1,1,"","","","Coding {[]} {[]}
","評估答案","評估答案","","","","","","","","","",,"required","","http://ltc-ig.fhir.tw/ValueSet/hn-vs-00697b86a7bc","",,,,"HNBodyEvaluationsModel.bodyQuestions.q43c26e48.answer",1,1,"","","QuestionnaireResponse.item.where(linkId='BodyQuestions').item.where(linkId='BodyQuestions.q43c26e48').item.where(linkId='BodyQuestions.q43c26e48.Answer')"
"HNBodyEvaluationsModel.bodyQuestions.q43c26e48.multipleAnswer","HNBodyEvaluationsModel.bodyQuestions.q43c26e48.multipleAnswer","","","",0,1,"","","","string {[]} {[]}
","評估多選答案","評估多選答案。以逗號分隔選項；視力與聽力部位使用此欄。","","","","","","","","","",,,,,"",,,,"HNBodyEvaluationsModel.bodyQuestions.q43c26e48.multipleAnswer",0,1,"","","QuestionnaireResponse.item.where(linkId='BodyQuestions').item.where(linkId='BodyQuestions.q43c26e48').item.where(linkId='BodyQuestions.q43c26e48.MultipleAnswer')"
"HNBodyEvaluationsModel.bodyQuestions.q43c26e48.other","HNBodyEvaluationsModel.bodyQuestions.q43c26e48.other","","","",0,1,"","","","string {[]} {[]}
","補充說明","補充說明","","","","","","","","","",,,,,"",,,,"HNBodyEvaluationsModel.bodyQuestions.q43c26e48.other",0,1,"","","QuestionnaireResponse.item.where(linkId='BodyQuestions').item.where(linkId='BodyQuestions.q43c26e48').item.where(linkId='BodyQuestions.q43c26e48.Other')"
"HNBodyEvaluationsModel.bodyQuestions.q9926c640","HNBodyEvaluationsModel.bodyQuestions.q9926c640","","","",1,1,"","","","BackboneElement {[]} {[]}
","左下肢","左下肢","","","","","","","","","",,,,,"",,,,"HNBodyEvaluationsModel.bodyQuestions.q9926c640",1,1,"","ele-1:All FHIR elements must have a @value or children {hasValue() or (children().count() > id.count())}
","QuestionnaireResponse.item.where(linkId='BodyQuestions').item.where(linkId='BodyQuestions.q9926c640')"
"HNBodyEvaluationsModel.bodyQuestions.q9926c640.id","HNBodyEvaluationsModel.bodyQuestions.q9926c640.id","","","",0,1,"","","","string {[]} {[]}
","Unique id for inter-element referencing","Unique id for the element within a resource (for internal references). This may be any string value that does not contain spaces.","","","","","","","","","",,,,,"",,,,"Element.id",0,1,"",""
"HNBodyEvaluationsModel.bodyQuestions.q9926c640.extension","HNBodyEvaluationsModel.bodyQuestions.q9926c640.extension","","extensions
user content","",0,*,"","","","Extension {[]} {[]}
","Additional content defined by implementations","May be used to represent additional information that is not part of the basic definition of the element. To make the use of extensions safe and manageable, there is a strict set of governance  applied to the definition and use of extensions. Though any implementer can define an extension, there is a set of requirements that SHALL be met as part of the definition of the extension.","There can be no stigma associated with the use of extensions by any application, project, or standard - regardless of the institution or jurisdiction that uses or defines the extensions.  The use of extensions is what allows the FHIR specification to retain a core level of simplicity for everyone.","","","","","","","","",,,,,"","value:url}
","Extensions are always sliced by (at least) url",,"open","Element.extension",0,*,"","ele-1:All FHIR elements must have a @value or children {hasValue() or (children().count() > id.count())}
ext-1:Must have either extensions or value[x], not both {extension.exists() != value.exists()}"
"HNBodyEvaluationsModel.bodyQuestions.q9926c640.modifierExtension","HNBodyEvaluationsModel.bodyQuestions.q9926c640.modifierExtension","","extensions
user contentmodifiers","",0,*,"","Y","Y","Extension {[]} {[]}
","Extensions that cannot be ignored even if unrecognized","May be used to represent additional information that is not part of the basic definition of the element and that modifies the understanding of the element in which it is contained and/or the understanding of the containing element's descendants. Usually modifier elements provide negation or qualification. To make the use of extensions safe and manageable, there is a strict set of governance applied to the definition and use of extensions. Though any implementer can define an extension, there is a set of requirements that SHALL be met as part of the definition of the extension. Applications processing a resource are required to check for modifier extensions.

Modifier extensions SHALL NOT change the meaning of any elements on Resource or DomainResource (including cannot change the meaning of modifierExtension itself).","There can be no stigma associated with the use of extensions by any application, project, or standard - regardless of the institution or jurisdiction that uses or defines the extensions.  The use of extensions is what allows the FHIR specification to retain a core level of simplicity for everyone.","Modifier extensions allow for extensions that *cannot* be safely ignored to be clearly distinguished from the vast majority of extensions which can be safely ignored.  This promotes interoperability by eliminating the need for implementers to prohibit the presence of extensions. For further information, see the [definition of modifier extensions](http://hl7.org/fhir/R4/extensibility.html#modifierExtension).","","","","","","","",,,,,"",,,,"BackboneElement.modifierExtension",0,*,"","ele-1:All FHIR elements must have a @value or children {hasValue() or (children().count() > id.count())}
ext-1:Must have either extensions or value[x], not both {extension.exists() != value.exists()}"
"HNBodyEvaluationsModel.bodyQuestions.q9926c640.answer","HNBodyEvaluationsModel.bodyQuestions.q9926c640.answer","","","",1,1,"","","","Coding {[]} {[]}
","評估答案","評估答案","","","","","","","","","",,"required","","http://ltc-ig.fhir.tw/ValueSet/hn-vs-00697b86a7bc","",,,,"HNBodyEvaluationsModel.bodyQuestions.q9926c640.answer",1,1,"","","QuestionnaireResponse.item.where(linkId='BodyQuestions').item.where(linkId='BodyQuestions.q9926c640').item.where(linkId='BodyQuestions.q9926c640.Answer')"
"HNBodyEvaluationsModel.bodyQuestions.q9926c640.multipleAnswer","HNBodyEvaluationsModel.bodyQuestions.q9926c640.multipleAnswer","","","",0,1,"","","","string {[]} {[]}
","評估多選答案","評估多選答案。來源為逗號分隔字串。FHIR 使用多筆 Coding 答案，回寫時依序以逗號串接。","","","","","","","","","",,,,,"",,,,"HNBodyEvaluationsModel.bodyQuestions.q9926c640.multipleAnswer",0,1,"","","QuestionnaireResponse.item.where(linkId='BodyQuestions').item.where(linkId='BodyQuestions.q9926c640').item.where(linkId='BodyQuestions.q9926c640.MultipleAnswer')"
"HNBodyEvaluationsModel.bodyQuestions.q9926c640.other","HNBodyEvaluationsModel.bodyQuestions.q9926c640.other","","","",0,1,"","","","string {[]} {[]}
","補充說明","補充說明","","","","","","","","","",,,,,"",,,,"HNBodyEvaluationsModel.bodyQuestions.q9926c640.other",0,1,"","","QuestionnaireResponse.item.where(linkId='BodyQuestions').item.where(linkId='BodyQuestions.q9926c640').item.where(linkId='BodyQuestions.q9926c640.Other')"
"HNBodyEvaluationsModel.bodyQuestions.q3f44d138","HNBodyEvaluationsModel.bodyQuestions.q3f44d138","","","",1,1,"","","","BackboneElement {[]} {[]}
","右下肢","右下肢","","","","","","","","","",,,,,"",,,,"HNBodyEvaluationsModel.bodyQuestions.q3f44d138",1,1,"","ele-1:All FHIR elements must have a @value or children {hasValue() or (children().count() > id.count())}
","QuestionnaireResponse.item.where(linkId='BodyQuestions').item.where(linkId='BodyQuestions.q3f44d138')"
"HNBodyEvaluationsModel.bodyQuestions.q3f44d138.id","HNBodyEvaluationsModel.bodyQuestions.q3f44d138.id","","","",0,1,"","","","string {[]} {[]}
","Unique id for inter-element referencing","Unique id for the element within a resource (for internal references). This may be any string value that does not contain spaces.","","","","","","","","","",,,,,"",,,,"Element.id",0,1,"",""
"HNBodyEvaluationsModel.bodyQuestions.q3f44d138.extension","HNBodyEvaluationsModel.bodyQuestions.q3f44d138.extension","","extensions
user content","",0,*,"","","","Extension {[]} {[]}
","Additional content defined by implementations","May be used to represent additional information that is not part of the basic definition of the element. To make the use of extensions safe and manageable, there is a strict set of governance  applied to the definition and use of extensions. Though any implementer can define an extension, there is a set of requirements that SHALL be met as part of the definition of the extension.","There can be no stigma associated with the use of extensions by any application, project, or standard - regardless of the institution or jurisdiction that uses or defines the extensions.  The use of extensions is what allows the FHIR specification to retain a core level of simplicity for everyone.","","","","","","","","",,,,,"","value:url}
","Extensions are always sliced by (at least) url",,"open","Element.extension",0,*,"","ele-1:All FHIR elements must have a @value or children {hasValue() or (children().count() > id.count())}
ext-1:Must have either extensions or value[x], not both {extension.exists() != value.exists()}"
"HNBodyEvaluationsModel.bodyQuestions.q3f44d138.modifierExtension","HNBodyEvaluationsModel.bodyQuestions.q3f44d138.modifierExtension","","extensions
user contentmodifiers","",0,*,"","Y","Y","Extension {[]} {[]}
","Extensions that cannot be ignored even if unrecognized","May be used to represent additional information that is not part of the basic definition of the element and that modifies the understanding of the element in which it is contained and/or the understanding of the containing element's descendants. Usually modifier elements provide negation or qualification. To make the use of extensions safe and manageable, there is a strict set of governance applied to the definition and use of extensions. Though any implementer can define an extension, there is a set of requirements that SHALL be met as part of the definition of the extension. Applications processing a resource are required to check for modifier extensions.

Modifier extensions SHALL NOT change the meaning of any elements on Resource or DomainResource (including cannot change the meaning of modifierExtension itself).","There can be no stigma associated with the use of extensions by any application, project, or standard - regardless of the institution or jurisdiction that uses or defines the extensions.  The use of extensions is what allows the FHIR specification to retain a core level of simplicity for everyone.","Modifier extensions allow for extensions that *cannot* be safely ignored to be clearly distinguished from the vast majority of extensions which can be safely ignored.  This promotes interoperability by eliminating the need for implementers to prohibit the presence of extensions. For further information, see the [definition of modifier extensions](http://hl7.org/fhir/R4/extensibility.html#modifierExtension).","","","","","","","",,,,,"",,,,"BackboneElement.modifierExtension",0,*,"","ele-1:All FHIR elements must have a @value or children {hasValue() or (children().count() > id.count())}
ext-1:Must have either extensions or value[x], not both {extension.exists() != value.exists()}"
"HNBodyEvaluationsModel.bodyQuestions.q3f44d138.answer","HNBodyEvaluationsModel.bodyQuestions.q3f44d138.answer","","","",1,1,"","","","Coding {[]} {[]}
","評估答案","評估答案","","","","","","","","","",,"required","","http://ltc-ig.fhir.tw/ValueSet/hn-vs-00697b86a7bc","",,,,"HNBodyEvaluationsModel.bodyQuestions.q3f44d138.answer",1,1,"","","QuestionnaireResponse.item.where(linkId='BodyQuestions').item.where(linkId='BodyQuestions.q3f44d138').item.where(linkId='BodyQuestions.q3f44d138.Answer')"
"HNBodyEvaluationsModel.bodyQuestions.q3f44d138.multipleAnswer","HNBodyEvaluationsModel.bodyQuestions.q3f44d138.multipleAnswer","","","",0,1,"","","","string {[]} {[]}
","評估多選答案","評估多選答案。以逗號分隔選項；視力與聽力部位使用此欄。","","","","","","","","","",,,,,"",,,,"HNBodyEvaluationsModel.bodyQuestions.q3f44d138.multipleAnswer",0,1,"","","QuestionnaireResponse.item.where(linkId='BodyQuestions').item.where(linkId='BodyQuestions.q3f44d138').item.where(linkId='BodyQuestions.q3f44d138.MultipleAnswer')"
"HNBodyEvaluationsModel.bodyQuestions.q3f44d138.other","HNBodyEvaluationsModel.bodyQuestions.q3f44d138.other","","","",0,1,"","","","string {[]} {[]}
","補充說明","補充說明","","","","","","","","","",,,,,"",,,,"HNBodyEvaluationsModel.bodyQuestions.q3f44d138.other",0,1,"","","QuestionnaireResponse.item.where(linkId='BodyQuestions').item.where(linkId='BodyQuestions.q3f44d138').item.where(linkId='BodyQuestions.q3f44d138.Other')"
"HNBodyEvaluationsModel.bodyQuestions.qcd675f81","HNBodyEvaluationsModel.bodyQuestions.qcd675f81","","","",1,1,"","","","BackboneElement {[]} {[]}
","行動能力問題","行動能力問題","","","","","","","","","",,,,,"",,,,"HNBodyEvaluationsModel.bodyQuestions.qcd675f81",1,1,"","ele-1:All FHIR elements must have a @value or children {hasValue() or (children().count() > id.count())}
","QuestionnaireResponse.item.where(linkId='BodyQuestions').item.where(linkId='BodyQuestions.qcd675f81')"
"HNBodyEvaluationsModel.bodyQuestions.qcd675f81.id","HNBodyEvaluationsModel.bodyQuestions.qcd675f81.id","","","",0,1,"","","","string {[]} {[]}
","Unique id for inter-element referencing","Unique id for the element within a resource (for internal references). This may be any string value that does not contain spaces.","","","","","","","","","",,,,,"",,,,"Element.id",0,1,"",""
"HNBodyEvaluationsModel.bodyQuestions.qcd675f81.extension","HNBodyEvaluationsModel.bodyQuestions.qcd675f81.extension","","extensions
user content","",0,*,"","","","Extension {[]} {[]}
","Additional content defined by implementations","May be used to represent additional information that is not part of the basic definition of the element. To make the use of extensions safe and manageable, there is a strict set of governance  applied to the definition and use of extensions. Though any implementer can define an extension, there is a set of requirements that SHALL be met as part of the definition of the extension.","There can be no stigma associated with the use of extensions by any application, project, or standard - regardless of the institution or jurisdiction that uses or defines the extensions.  The use of extensions is what allows the FHIR specification to retain a core level of simplicity for everyone.","","","","","","","","",,,,,"","value:url}
","Extensions are always sliced by (at least) url",,"open","Element.extension",0,*,"","ele-1:All FHIR elements must have a @value or children {hasValue() or (children().count() > id.count())}
ext-1:Must have either extensions or value[x], not both {extension.exists() != value.exists()}"
"HNBodyEvaluationsModel.bodyQuestions.qcd675f81.modifierExtension","HNBodyEvaluationsModel.bodyQuestions.qcd675f81.modifierExtension","","extensions
user contentmodifiers","",0,*,"","Y","Y","Extension {[]} {[]}
","Extensions that cannot be ignored even if unrecognized","May be used to represent additional information that is not part of the basic definition of the element and that modifies the understanding of the element in which it is contained and/or the understanding of the containing element's descendants. Usually modifier elements provide negation or qualification. To make the use of extensions safe and manageable, there is a strict set of governance applied to the definition and use of extensions. Though any implementer can define an extension, there is a set of requirements that SHALL be met as part of the definition of the extension. Applications processing a resource are required to check for modifier extensions.

Modifier extensions SHALL NOT change the meaning of any elements on Resource or DomainResource (including cannot change the meaning of modifierExtension itself).","There can be no stigma associated with the use of extensions by any application, project, or standard - regardless of the institution or jurisdiction that uses or defines the extensions.  The use of extensions is what allows the FHIR specification to retain a core level of simplicity for everyone.","Modifier extensions allow for extensions that *cannot* be safely ignored to be clearly distinguished from the vast majority of extensions which can be safely ignored.  This promotes interoperability by eliminating the need for implementers to prohibit the presence of extensions. For further information, see the [definition of modifier extensions](http://hl7.org/fhir/R4/extensibility.html#modifierExtension).","","","","","","","",,,,,"",,,,"BackboneElement.modifierExtension",0,*,"","ele-1:All FHIR elements must have a @value or children {hasValue() or (children().count() > id.count())}
ext-1:Must have either extensions or value[x], not both {extension.exists() != value.exists()}"
"HNBodyEvaluationsModel.bodyQuestions.qcd675f81.answer","HNBodyEvaluationsModel.bodyQuestions.qcd675f81.answer","","","",1,1,"","","","Coding {[]} {[]}
","評估答案","評估答案","","","","","","","","","",,"required","","http://ltc-ig.fhir.tw/ValueSet/hn-vs-1ffa1d5d3bef","",,,,"HNBodyEvaluationsModel.bodyQuestions.qcd675f81.answer",1,1,"","","QuestionnaireResponse.item.where(linkId='BodyQuestions').item.where(linkId='BodyQuestions.qcd675f81').item.where(linkId='BodyQuestions.qcd675f81.Answer')"
"HNBodyEvaluationsModel.bodyQuestions.qcd675f81.multipleAnswer","HNBodyEvaluationsModel.bodyQuestions.qcd675f81.multipleAnswer","","","",0,1,"","","","string {[]} {[]}
","評估多選答案","評估多選答案。以逗號分隔選項；視力與聽力部位使用此欄。","","","","","","","","","",,,,,"",,,,"HNBodyEvaluationsModel.bodyQuestions.qcd675f81.multipleAnswer",0,1,"","","QuestionnaireResponse.item.where(linkId='BodyQuestions').item.where(linkId='BodyQuestions.qcd675f81').item.where(linkId='BodyQuestions.qcd675f81.MultipleAnswer')"
"HNBodyEvaluationsModel.bodyQuestions.qcd675f81.other","HNBodyEvaluationsModel.bodyQuestions.qcd675f81.other","","","",0,1,"","","","string {[]} {[]}
","補充說明","補充說明","","","","","","","","","",,,,,"",,,,"HNBodyEvaluationsModel.bodyQuestions.qcd675f81.other",0,1,"","","QuestionnaireResponse.item.where(linkId='BodyQuestions').item.where(linkId='BodyQuestions.qcd675f81').item.where(linkId='BodyQuestions.qcd675f81.Other')"
"HNBodyEvaluationsModel.bodyQuestions.q3adf788d","HNBodyEvaluationsModel.bodyQuestions.q3adf788d","","","",1,1,"","","","BackboneElement {[]} {[]}
","肌力-輔具","肌力-輔具","","","","","","","","","",,,,,"",,,,"HNBodyEvaluationsModel.bodyQuestions.q3adf788d",1,1,"","ele-1:All FHIR elements must have a @value or children {hasValue() or (children().count() > id.count())}
","QuestionnaireResponse.item.where(linkId='BodyQuestions').item.where(linkId='BodyQuestions.q3adf788d')"
"HNBodyEvaluationsModel.bodyQuestions.q3adf788d.id","HNBodyEvaluationsModel.bodyQuestions.q3adf788d.id","","","",0,1,"","","","string {[]} {[]}
","Unique id for inter-element referencing","Unique id for the element within a resource (for internal references). This may be any string value that does not contain spaces.","","","","","","","","","",,,,,"",,,,"Element.id",0,1,"",""
"HNBodyEvaluationsModel.bodyQuestions.q3adf788d.extension","HNBodyEvaluationsModel.bodyQuestions.q3adf788d.extension","","extensions
user content","",0,*,"","","","Extension {[]} {[]}
","Additional content defined by implementations","May be used to represent additional information that is not part of the basic definition of the element. To make the use of extensions safe and manageable, there is a strict set of governance  applied to the definition and use of extensions. Though any implementer can define an extension, there is a set of requirements that SHALL be met as part of the definition of the extension.","There can be no stigma associated with the use of extensions by any application, project, or standard - regardless of the institution or jurisdiction that uses or defines the extensions.  The use of extensions is what allows the FHIR specification to retain a core level of simplicity for everyone.","","","","","","","","",,,,,"","value:url}
","Extensions are always sliced by (at least) url",,"open","Element.extension",0,*,"","ele-1:All FHIR elements must have a @value or children {hasValue() or (children().count() > id.count())}
ext-1:Must have either extensions or value[x], not both {extension.exists() != value.exists()}"
"HNBodyEvaluationsModel.bodyQuestions.q3adf788d.modifierExtension","HNBodyEvaluationsModel.bodyQuestions.q3adf788d.modifierExtension","","extensions
user contentmodifiers","",0,*,"","Y","Y","Extension {[]} {[]}
","Extensions that cannot be ignored even if unrecognized","May be used to represent additional information that is not part of the basic definition of the element and that modifies the understanding of the element in which it is contained and/or the understanding of the containing element's descendants. Usually modifier elements provide negation or qualification. To make the use of extensions safe and manageable, there is a strict set of governance applied to the definition and use of extensions. Though any implementer can define an extension, there is a set of requirements that SHALL be met as part of the definition of the extension. Applications processing a resource are required to check for modifier extensions.

Modifier extensions SHALL NOT change the meaning of any elements on Resource or DomainResource (including cannot change the meaning of modifierExtension itself).","There can be no stigma associated with the use of extensions by any application, project, or standard - regardless of the institution or jurisdiction that uses or defines the extensions.  The use of extensions is what allows the FHIR specification to retain a core level of simplicity for everyone.","Modifier extensions allow for extensions that *cannot* be safely ignored to be clearly distinguished from the vast majority of extensions which can be safely ignored.  This promotes interoperability by eliminating the need for implementers to prohibit the presence of extensions. For further information, see the [definition of modifier extensions](http://hl7.org/fhir/R4/extensibility.html#modifierExtension).","","","","","","","",,,,,"",,,,"BackboneElement.modifierExtension",0,*,"","ele-1:All FHIR elements must have a @value or children {hasValue() or (children().count() > id.count())}
ext-1:Must have either extensions or value[x], not both {extension.exists() != value.exists()}"
"HNBodyEvaluationsModel.bodyQuestions.q3adf788d.answer","HNBodyEvaluationsModel.bodyQuestions.q3adf788d.answer","","","",1,1,"","","","Coding {[]} {[]}
","評估答案","評估答案","","","","","","","","","",,"required","","http://ltc-ig.fhir.tw/ValueSet/hn-vs-49fe20230ec3","",,,,"HNBodyEvaluationsModel.bodyQuestions.q3adf788d.answer",1,1,"","","QuestionnaireResponse.item.where(linkId='BodyQuestions').item.where(linkId='BodyQuestions.q3adf788d').item.where(linkId='BodyQuestions.q3adf788d.Answer')"
"HNBodyEvaluationsModel.bodyQuestions.q3adf788d.multipleAnswer","HNBodyEvaluationsModel.bodyQuestions.q3adf788d.multipleAnswer","","","",0,*,"","","","Coding {[]} {[]}
","評估多選答案","評估多選答案。來源為逗號分隔字串。FHIR 使用多筆 Coding 答案，回寫時依序以逗號串接。","","","","","","","","","",,"required","","http://ltc-ig.fhir.tw/ValueSet/hn-vs-1a72d15a5965","",,,,"HNBodyEvaluationsModel.bodyQuestions.q3adf788d.multipleAnswer",0,*,"","","QuestionnaireResponse.item.where(linkId='BodyQuestions').item.where(linkId='BodyQuestions.q3adf788d').item.where(linkId='BodyQuestions.q3adf788d.MultipleAnswer')"
"HNBodyEvaluationsModel.bodyQuestions.q3adf788d.other","HNBodyEvaluationsModel.bodyQuestions.q3adf788d.other","","","",0,1,"","","","string {[]} {[]}
","補充說明","補充說明","","","","","","","","","",,,,,"",,,,"HNBodyEvaluationsModel.bodyQuestions.q3adf788d.other",0,1,"","","QuestionnaireResponse.item.where(linkId='BodyQuestions').item.where(linkId='BodyQuestions.q3adf788d').item.where(linkId='BodyQuestions.q3adf788d.Other')"
"HNBodyEvaluationsModel.bodyQuestions.q4ce17519","HNBodyEvaluationsModel.bodyQuestions.q4ce17519","","","",1,1,"","","","BackboneElement {[]} {[]}
","跌倒","跌倒","","","","","","","","","",,,,,"",,,,"HNBodyEvaluationsModel.bodyQuestions.q4ce17519",1,1,"","ele-1:All FHIR elements must have a @value or children {hasValue() or (children().count() > id.count())}
","QuestionnaireResponse.item.where(linkId='BodyQuestions').item.where(linkId='BodyQuestions.q4ce17519')"
"HNBodyEvaluationsModel.bodyQuestions.q4ce17519.id","HNBodyEvaluationsModel.bodyQuestions.q4ce17519.id","","","",0,1,"","","","string {[]} {[]}
","Unique id for inter-element referencing","Unique id for the element within a resource (for internal references). This may be any string value that does not contain spaces.","","","","","","","","","",,,,,"",,,,"Element.id",0,1,"",""
"HNBodyEvaluationsModel.bodyQuestions.q4ce17519.extension","HNBodyEvaluationsModel.bodyQuestions.q4ce17519.extension","","extensions
user content","",0,*,"","","","Extension {[]} {[]}
","Additional content defined by implementations","May be used to represent additional information that is not part of the basic definition of the element. To make the use of extensions safe and manageable, there is a strict set of governance  applied to the definition and use of extensions. Though any implementer can define an extension, there is a set of requirements that SHALL be met as part of the definition of the extension.","There can be no stigma associated with the use of extensions by any application, project, or standard - regardless of the institution or jurisdiction that uses or defines the extensions.  The use of extensions is what allows the FHIR specification to retain a core level of simplicity for everyone.","","","","","","","","",,,,,"","value:url}
","Extensions are always sliced by (at least) url",,"open","Element.extension",0,*,"","ele-1:All FHIR elements must have a @value or children {hasValue() or (children().count() > id.count())}
ext-1:Must have either extensions or value[x], not both {extension.exists() != value.exists()}"
"HNBodyEvaluationsModel.bodyQuestions.q4ce17519.modifierExtension","HNBodyEvaluationsModel.bodyQuestions.q4ce17519.modifierExtension","","extensions
user contentmodifiers","",0,*,"","Y","Y","Extension {[]} {[]}
","Extensions that cannot be ignored even if unrecognized","May be used to represent additional information that is not part of the basic definition of the element and that modifies the understanding of the element in which it is contained and/or the understanding of the containing element's descendants. Usually modifier elements provide negation or qualification. To make the use of extensions safe and manageable, there is a strict set of governance applied to the definition and use of extensions. Though any implementer can define an extension, there is a set of requirements that SHALL be met as part of the definition of the extension. Applications processing a resource are required to check for modifier extensions.

Modifier extensions SHALL NOT change the meaning of any elements on Resource or DomainResource (including cannot change the meaning of modifierExtension itself).","There can be no stigma associated with the use of extensions by any application, project, or standard - regardless of the institution or jurisdiction that uses or defines the extensions.  The use of extensions is what allows the FHIR specification to retain a core level of simplicity for everyone.","Modifier extensions allow for extensions that *cannot* be safely ignored to be clearly distinguished from the vast majority of extensions which can be safely ignored.  This promotes interoperability by eliminating the need for implementers to prohibit the presence of extensions. For further information, see the [definition of modifier extensions](http://hl7.org/fhir/R4/extensibility.html#modifierExtension).","","","","","","","",,,,,"",,,,"BackboneElement.modifierExtension",0,*,"","ele-1:All FHIR elements must have a @value or children {hasValue() or (children().count() > id.count())}
ext-1:Must have either extensions or value[x], not both {extension.exists() != value.exists()}"
"HNBodyEvaluationsModel.bodyQuestions.q4ce17519.answer","HNBodyEvaluationsModel.bodyQuestions.q4ce17519.answer","","","",1,1,"","","","Coding {[]} {[]}
","評估答案","評估答案","","","","","","","","","",,"required","","http://ltc-ig.fhir.tw/ValueSet/hn-vs-19264db8df7b","",,,,"HNBodyEvaluationsModel.bodyQuestions.q4ce17519.answer",1,1,"","","QuestionnaireResponse.item.where(linkId='BodyQuestions').item.where(linkId='BodyQuestions.q4ce17519').item.where(linkId='BodyQuestions.q4ce17519.Answer')"
"HNBodyEvaluationsModel.bodyQuestions.q4ce17519.multipleAnswer","HNBodyEvaluationsModel.bodyQuestions.q4ce17519.multipleAnswer","","","",0,*,"","","","Coding {[]} {[]}
","評估多選答案","評估多選答案。來源為逗號分隔字串。FHIR 使用多筆 Coding 答案，回寫時依序以逗號串接。","","","","","","","","","",,"required","","http://ltc-ig.fhir.tw/ValueSet/hn-vs-3bbfa4b4f8db","",,,,"HNBodyEvaluationsModel.bodyQuestions.q4ce17519.multipleAnswer",0,*,"","","QuestionnaireResponse.item.where(linkId='BodyQuestions').item.where(linkId='BodyQuestions.q4ce17519').item.where(linkId='BodyQuestions.q4ce17519.MultipleAnswer')"
"HNBodyEvaluationsModel.bodyQuestions.q4ce17519.other","HNBodyEvaluationsModel.bodyQuestions.q4ce17519.other","","","",0,1,"","","","string {[]} {[]}
","補充說明","補充說明","","","","","","","","","",,,,,"",,,,"HNBodyEvaluationsModel.bodyQuestions.q4ce17519.other",0,1,"","","QuestionnaireResponse.item.where(linkId='BodyQuestions').item.where(linkId='BodyQuestions.q4ce17519').item.where(linkId='BodyQuestions.q4ce17519.Other')"
"HNBodyEvaluationsModel.bodyQuestions.qcc99d785","HNBodyEvaluationsModel.bodyQuestions.qcc99d785","","","",1,1,"","","","BackboneElement {[]} {[]}
","跌倒次數","跌倒次數","","","","","","","","","",,,,,"",,,,"HNBodyEvaluationsModel.bodyQuestions.qcc99d785",1,1,"","ele-1:All FHIR elements must have a @value or children {hasValue() or (children().count() > id.count())}
","QuestionnaireResponse.item.where(linkId='BodyQuestions').item.where(linkId='BodyQuestions.qcc99d785')"
"HNBodyEvaluationsModel.bodyQuestions.qcc99d785.id","HNBodyEvaluationsModel.bodyQuestions.qcc99d785.id","","","",0,1,"","","","string {[]} {[]}
","Unique id for inter-element referencing","Unique id for the element within a resource (for internal references). This may be any string value that does not contain spaces.","","","","","","","","","",,,,,"",,,,"Element.id",0,1,"",""
"HNBodyEvaluationsModel.bodyQuestions.qcc99d785.extension","HNBodyEvaluationsModel.bodyQuestions.qcc99d785.extension","","extensions
user content","",0,*,"","","","Extension {[]} {[]}
","Additional content defined by implementations","May be used to represent additional information that is not part of the basic definition of the element. To make the use of extensions safe and manageable, there is a strict set of governance  applied to the definition and use of extensions. Though any implementer can define an extension, there is a set of requirements that SHALL be met as part of the definition of the extension.","There can be no stigma associated with the use of extensions by any application, project, or standard - regardless of the institution or jurisdiction that uses or defines the extensions.  The use of extensions is what allows the FHIR specification to retain a core level of simplicity for everyone.","","","","","","","","",,,,,"","value:url}
","Extensions are always sliced by (at least) url",,"open","Element.extension",0,*,"","ele-1:All FHIR elements must have a @value or children {hasValue() or (children().count() > id.count())}
ext-1:Must have either extensions or value[x], not both {extension.exists() != value.exists()}"
"HNBodyEvaluationsModel.bodyQuestions.qcc99d785.modifierExtension","HNBodyEvaluationsModel.bodyQuestions.qcc99d785.modifierExtension","","extensions
user contentmodifiers","",0,*,"","Y","Y","Extension {[]} {[]}
","Extensions that cannot be ignored even if unrecognized","May be used to represent additional information that is not part of the basic definition of the element and that modifies the understanding of the element in which it is contained and/or the understanding of the containing element's descendants. Usually modifier elements provide negation or qualification. To make the use of extensions safe and manageable, there is a strict set of governance applied to the definition and use of extensions. Though any implementer can define an extension, there is a set of requirements that SHALL be met as part of the definition of the extension. Applications processing a resource are required to check for modifier extensions.

Modifier extensions SHALL NOT change the meaning of any elements on Resource or DomainResource (including cannot change the meaning of modifierExtension itself).","There can be no stigma associated with the use of extensions by any application, project, or standard - regardless of the institution or jurisdiction that uses or defines the extensions.  The use of extensions is what allows the FHIR specification to retain a core level of simplicity for everyone.","Modifier extensions allow for extensions that *cannot* be safely ignored to be clearly distinguished from the vast majority of extensions which can be safely ignored.  This promotes interoperability by eliminating the need for implementers to prohibit the presence of extensions. For further information, see the [definition of modifier extensions](http://hl7.org/fhir/R4/extensibility.html#modifierExtension).","","","","","","","",,,,,"",,,,"BackboneElement.modifierExtension",0,*,"","ele-1:All FHIR elements must have a @value or children {hasValue() or (children().count() > id.count())}
ext-1:Must have either extensions or value[x], not both {extension.exists() != value.exists()}"
"HNBodyEvaluationsModel.bodyQuestions.qcc99d785.answer","HNBodyEvaluationsModel.bodyQuestions.qcc99d785.answer","","","",1,1,"","","","string {[]} {[]}
","評估答案","評估答案","","","","","","","","","",,,,,"",,,,"HNBodyEvaluationsModel.bodyQuestions.qcc99d785.answer",1,1,"","","QuestionnaireResponse.item.where(linkId='BodyQuestions').item.where(linkId='BodyQuestions.qcc99d785').item.where(linkId='BodyQuestions.qcc99d785.Answer')"
"HNBodyEvaluationsModel.bodyQuestions.qcc99d785.multipleAnswer","HNBodyEvaluationsModel.bodyQuestions.qcc99d785.multipleAnswer","","","",0,1,"","","","string {[]} {[]}
","評估多選答案","評估多選答案。以逗號分隔選項；視力與聽力部位使用此欄。","","","","","","","","","",,,,,"",,,,"HNBodyEvaluationsModel.bodyQuestions.qcc99d785.multipleAnswer",0,1,"","","QuestionnaireResponse.item.where(linkId='BodyQuestions').item.where(linkId='BodyQuestions.qcc99d785').item.where(linkId='BodyQuestions.qcc99d785.MultipleAnswer')"
"HNBodyEvaluationsModel.bodyQuestions.qcc99d785.other","HNBodyEvaluationsModel.bodyQuestions.qcc99d785.other","","","",0,1,"","","","string {[]} {[]}
","補充說明","補充說明","","","","","","","","","",,,,,"",,,,"HNBodyEvaluationsModel.bodyQuestions.qcc99d785.other",0,1,"","","QuestionnaireResponse.item.where(linkId='BodyQuestions').item.where(linkId='BodyQuestions.qcc99d785').item.where(linkId='BodyQuestions.qcc99d785.Other')"
"HNBodyEvaluationsModel.bodyQuestions.q1ea67d8d","HNBodyEvaluationsModel.bodyQuestions.q1ea67d8d","","","",1,1,"","","","BackboneElement {[]} {[]}
","行為","行為","","","","","","","","","",,,,,"",,,,"HNBodyEvaluationsModel.bodyQuestions.q1ea67d8d",1,1,"","ele-1:All FHIR elements must have a @value or children {hasValue() or (children().count() > id.count())}
","QuestionnaireResponse.item.where(linkId='BodyQuestions').item.where(linkId='BodyQuestions.q1ea67d8d')"
"HNBodyEvaluationsModel.bodyQuestions.q1ea67d8d.id","HNBodyEvaluationsModel.bodyQuestions.q1ea67d8d.id","","","",0,1,"","","","string {[]} {[]}
","Unique id for inter-element referencing","Unique id for the element within a resource (for internal references). This may be any string value that does not contain spaces.","","","","","","","","","",,,,,"",,,,"Element.id",0,1,"",""
"HNBodyEvaluationsModel.bodyQuestions.q1ea67d8d.extension","HNBodyEvaluationsModel.bodyQuestions.q1ea67d8d.extension","","extensions
user content","",0,*,"","","","Extension {[]} {[]}
","Additional content defined by implementations","May be used to represent additional information that is not part of the basic definition of the element. To make the use of extensions safe and manageable, there is a strict set of governance  applied to the definition and use of extensions. Though any implementer can define an extension, there is a set of requirements that SHALL be met as part of the definition of the extension.","There can be no stigma associated with the use of extensions by any application, project, or standard - regardless of the institution or jurisdiction that uses or defines the extensions.  The use of extensions is what allows the FHIR specification to retain a core level of simplicity for everyone.","","","","","","","","",,,,,"","value:url}
","Extensions are always sliced by (at least) url",,"open","Element.extension",0,*,"","ele-1:All FHIR elements must have a @value or children {hasValue() or (children().count() > id.count())}
ext-1:Must have either extensions or value[x], not both {extension.exists() != value.exists()}"
"HNBodyEvaluationsModel.bodyQuestions.q1ea67d8d.modifierExtension","HNBodyEvaluationsModel.bodyQuestions.q1ea67d8d.modifierExtension","","extensions
user contentmodifiers","",0,*,"","Y","Y","Extension {[]} {[]}
","Extensions that cannot be ignored even if unrecognized","May be used to represent additional information that is not part of the basic definition of the element and that modifies the understanding of the element in which it is contained and/or the understanding of the containing element's descendants. Usually modifier elements provide negation or qualification. To make the use of extensions safe and manageable, there is a strict set of governance applied to the definition and use of extensions. Though any implementer can define an extension, there is a set of requirements that SHALL be met as part of the definition of the extension. Applications processing a resource are required to check for modifier extensions.

Modifier extensions SHALL NOT change the meaning of any elements on Resource or DomainResource (including cannot change the meaning of modifierExtension itself).","There can be no stigma associated with the use of extensions by any application, project, or standard - regardless of the institution or jurisdiction that uses or defines the extensions.  The use of extensions is what allows the FHIR specification to retain a core level of simplicity for everyone.","Modifier extensions allow for extensions that *cannot* be safely ignored to be clearly distinguished from the vast majority of extensions which can be safely ignored.  This promotes interoperability by eliminating the need for implementers to prohibit the presence of extensions. For further information, see the [definition of modifier extensions](http://hl7.org/fhir/R4/extensibility.html#modifierExtension).","","","","","","","",,,,,"",,,,"BackboneElement.modifierExtension",0,*,"","ele-1:All FHIR elements must have a @value or children {hasValue() or (children().count() > id.count())}
ext-1:Must have either extensions or value[x], not both {extension.exists() != value.exists()}"
"HNBodyEvaluationsModel.bodyQuestions.q1ea67d8d.answer","HNBodyEvaluationsModel.bodyQuestions.q1ea67d8d.answer","","","",1,1,"","","","Coding {[]} {[]}
","評估答案","評估答案","","","","","","","","","",,"required","","http://ltc-ig.fhir.tw/ValueSet/hn-vs-365bfce838bb","",,,,"HNBodyEvaluationsModel.bodyQuestions.q1ea67d8d.answer",1,1,"","","QuestionnaireResponse.item.where(linkId='BodyQuestions').item.where(linkId='BodyQuestions.q1ea67d8d').item.where(linkId='BodyQuestions.q1ea67d8d.Answer')"
"HNBodyEvaluationsModel.bodyQuestions.q1ea67d8d.multipleAnswer","HNBodyEvaluationsModel.bodyQuestions.q1ea67d8d.multipleAnswer","","","",0,*,"","","","Coding {[]} {[]}
","評估多選答案","評估多選答案。來源為逗號分隔字串。FHIR 使用多筆 Coding 答案，回寫時依序以逗號串接。","","","","","","","","","",,"required","","http://ltc-ig.fhir.tw/ValueSet/hn-vs-46c8866533a0","",,,,"HNBodyEvaluationsModel.bodyQuestions.q1ea67d8d.multipleAnswer",0,*,"","","QuestionnaireResponse.item.where(linkId='BodyQuestions').item.where(linkId='BodyQuestions.q1ea67d8d').item.where(linkId='BodyQuestions.q1ea67d8d.MultipleAnswer')"
"HNBodyEvaluationsModel.bodyQuestions.q1ea67d8d.other","HNBodyEvaluationsModel.bodyQuestions.q1ea67d8d.other","","","",0,1,"","","","string {[]} {[]}
","補充說明","補充說明","","","","","","","","","",,,,,"",,,,"HNBodyEvaluationsModel.bodyQuestions.q1ea67d8d.other",0,1,"","","QuestionnaireResponse.item.where(linkId='BodyQuestions').item.where(linkId='BodyQuestions.q1ea67d8d').item.where(linkId='BodyQuestions.q1ea67d8d.Other')"
"HNBodyEvaluationsModel.bodyQuestions.qca5f735b","HNBodyEvaluationsModel.bodyQuestions.qca5f735b","","","",1,1,"","","","BackboneElement {[]} {[]}
","睡眠","睡眠","","","","","","","","","",,,,,"",,,,"HNBodyEvaluationsModel.bodyQuestions.qca5f735b",1,1,"","ele-1:All FHIR elements must have a @value or children {hasValue() or (children().count() > id.count())}
","QuestionnaireResponse.item.where(linkId='BodyQuestions').item.where(linkId='BodyQuestions.qca5f735b')"
"HNBodyEvaluationsModel.bodyQuestions.qca5f735b.id","HNBodyEvaluationsModel.bodyQuestions.qca5f735b.id","","","",0,1,"","","","string {[]} {[]}
","Unique id for inter-element referencing","Unique id for the element within a resource (for internal references). This may be any string value that does not contain spaces.","","","","","","","","","",,,,,"",,,,"Element.id",0,1,"",""
"HNBodyEvaluationsModel.bodyQuestions.qca5f735b.extension","HNBodyEvaluationsModel.bodyQuestions.qca5f735b.extension","","extensions
user content","",0,*,"","","","Extension {[]} {[]}
","Additional content defined by implementations","May be used to represent additional information that is not part of the basic definition of the element. To make the use of extensions safe and manageable, there is a strict set of governance  applied to the definition and use of extensions. Though any implementer can define an extension, there is a set of requirements that SHALL be met as part of the definition of the extension.","There can be no stigma associated with the use of extensions by any application, project, or standard - regardless of the institution or jurisdiction that uses or defines the extensions.  The use of extensions is what allows the FHIR specification to retain a core level of simplicity for everyone.","","","","","","","","",,,,,"","value:url}
","Extensions are always sliced by (at least) url",,"open","Element.extension",0,*,"","ele-1:All FHIR elements must have a @value or children {hasValue() or (children().count() > id.count())}
ext-1:Must have either extensions or value[x], not both {extension.exists() != value.exists()}"
"HNBodyEvaluationsModel.bodyQuestions.qca5f735b.modifierExtension","HNBodyEvaluationsModel.bodyQuestions.qca5f735b.modifierExtension","","extensions
user contentmodifiers","",0,*,"","Y","Y","Extension {[]} {[]}
","Extensions that cannot be ignored even if unrecognized","May be used to represent additional information that is not part of the basic definition of the element and that modifies the understanding of the element in which it is contained and/or the understanding of the containing element's descendants. Usually modifier elements provide negation or qualification. To make the use of extensions safe and manageable, there is a strict set of governance applied to the definition and use of extensions. Though any implementer can define an extension, there is a set of requirements that SHALL be met as part of the definition of the extension. Applications processing a resource are required to check for modifier extensions.

Modifier extensions SHALL NOT change the meaning of any elements on Resource or DomainResource (including cannot change the meaning of modifierExtension itself).","There can be no stigma associated with the use of extensions by any application, project, or standard - regardless of the institution or jurisdiction that uses or defines the extensions.  The use of extensions is what allows the FHIR specification to retain a core level of simplicity for everyone.","Modifier extensions allow for extensions that *cannot* be safely ignored to be clearly distinguished from the vast majority of extensions which can be safely ignored.  This promotes interoperability by eliminating the need for implementers to prohibit the presence of extensions. For further information, see the [definition of modifier extensions](http://hl7.org/fhir/R4/extensibility.html#modifierExtension).","","","","","","","",,,,,"",,,,"BackboneElement.modifierExtension",0,*,"","ele-1:All FHIR elements must have a @value or children {hasValue() or (children().count() > id.count())}
ext-1:Must have either extensions or value[x], not both {extension.exists() != value.exists()}"
"HNBodyEvaluationsModel.bodyQuestions.qca5f735b.answer","HNBodyEvaluationsModel.bodyQuestions.qca5f735b.answer","","","",1,1,"","","","Coding {[]} {[]}
","評估答案","評估答案","","","","","","","","","",,"required","","http://ltc-ig.fhir.tw/ValueSet/hn-vs-ef4daeacd99a","",,,,"HNBodyEvaluationsModel.bodyQuestions.qca5f735b.answer",1,1,"","","QuestionnaireResponse.item.where(linkId='BodyQuestions').item.where(linkId='BodyQuestions.qca5f735b').item.where(linkId='BodyQuestions.qca5f735b.Answer')"
"HNBodyEvaluationsModel.bodyQuestions.qca5f735b.multipleAnswer","HNBodyEvaluationsModel.bodyQuestions.qca5f735b.multipleAnswer","","","",0,*,"","","","Coding {[]} {[]}
","評估多選答案","評估多選答案。來源為逗號分隔字串。FHIR 使用多筆 Coding 答案，回寫時依序以逗號串接。","","","","","","","","","",,"required","","http://ltc-ig.fhir.tw/ValueSet/hn-vs-c34dc3f43d82","",,,,"HNBodyEvaluationsModel.bodyQuestions.qca5f735b.multipleAnswer",0,*,"","","QuestionnaireResponse.item.where(linkId='BodyQuestions').item.where(linkId='BodyQuestions.qca5f735b').item.where(linkId='BodyQuestions.qca5f735b.MultipleAnswer')"
"HNBodyEvaluationsModel.bodyQuestions.qca5f735b.other","HNBodyEvaluationsModel.bodyQuestions.qca5f735b.other","","","",0,1,"","","","string {[]} {[]}
","補充說明","補充說明","","","","","","","","","",,,,,"",,,,"HNBodyEvaluationsModel.bodyQuestions.qca5f735b.other",0,1,"","","QuestionnaireResponse.item.where(linkId='BodyQuestions').item.where(linkId='BodyQuestions.qca5f735b').item.where(linkId='BodyQuestions.qca5f735b.Other')"
"HNBodyEvaluationsModel.bodyQuestions.qd8db9643","HNBodyEvaluationsModel.bodyQuestions.qd8db9643","","","",1,1,"","","","BackboneElement {[]} {[]}
","服用藥物","服用藥物","","","","","","","","","",,,,,"",,,,"HNBodyEvaluationsModel.bodyQuestions.qd8db9643",1,1,"","ele-1:All FHIR elements must have a @value or children {hasValue() or (children().count() > id.count())}
","QuestionnaireResponse.item.where(linkId='BodyQuestions').item.where(linkId='BodyQuestions.qd8db9643')"
"HNBodyEvaluationsModel.bodyQuestions.qd8db9643.id","HNBodyEvaluationsModel.bodyQuestions.qd8db9643.id","","","",0,1,"","","","string {[]} {[]}
","Unique id for inter-element referencing","Unique id for the element within a resource (for internal references). This may be any string value that does not contain spaces.","","","","","","","","","",,,,,"",,,,"Element.id",0,1,"",""
"HNBodyEvaluationsModel.bodyQuestions.qd8db9643.extension","HNBodyEvaluationsModel.bodyQuestions.qd8db9643.extension","","extensions
user content","",0,*,"","","","Extension {[]} {[]}
","Additional content defined by implementations","May be used to represent additional information that is not part of the basic definition of the element. To make the use of extensions safe and manageable, there is a strict set of governance  applied to the definition and use of extensions. Though any implementer can define an extension, there is a set of requirements that SHALL be met as part of the definition of the extension.","There can be no stigma associated with the use of extensions by any application, project, or standard - regardless of the institution or jurisdiction that uses or defines the extensions.  The use of extensions is what allows the FHIR specification to retain a core level of simplicity for everyone.","","","","","","","","",,,,,"","value:url}
","Extensions are always sliced by (at least) url",,"open","Element.extension",0,*,"","ele-1:All FHIR elements must have a @value or children {hasValue() or (children().count() > id.count())}
ext-1:Must have either extensions or value[x], not both {extension.exists() != value.exists()}"
"HNBodyEvaluationsModel.bodyQuestions.qd8db9643.modifierExtension","HNBodyEvaluationsModel.bodyQuestions.qd8db9643.modifierExtension","","extensions
user contentmodifiers","",0,*,"","Y","Y","Extension {[]} {[]}
","Extensions that cannot be ignored even if unrecognized","May be used to represent additional information that is not part of the basic definition of the element and that modifies the understanding of the element in which it is contained and/or the understanding of the containing element's descendants. Usually modifier elements provide negation or qualification. To make the use of extensions safe and manageable, there is a strict set of governance applied to the definition and use of extensions. Though any implementer can define an extension, there is a set of requirements that SHALL be met as part of the definition of the extension. Applications processing a resource are required to check for modifier extensions.

Modifier extensions SHALL NOT change the meaning of any elements on Resource or DomainResource (including cannot change the meaning of modifierExtension itself).","There can be no stigma associated with the use of extensions by any application, project, or standard - regardless of the institution or jurisdiction that uses or defines the extensions.  The use of extensions is what allows the FHIR specification to retain a core level of simplicity for everyone.","Modifier extensions allow for extensions that *cannot* be safely ignored to be clearly distinguished from the vast majority of extensions which can be safely ignored.  This promotes interoperability by eliminating the need for implementers to prohibit the presence of extensions. For further information, see the [definition of modifier extensions](http://hl7.org/fhir/R4/extensibility.html#modifierExtension).","","","","","","","",,,,,"",,,,"BackboneElement.modifierExtension",0,*,"","ele-1:All FHIR elements must have a @value or children {hasValue() or (children().count() > id.count())}
ext-1:Must have either extensions or value[x], not both {extension.exists() != value.exists()}"
"HNBodyEvaluationsModel.bodyQuestions.qd8db9643.answer","HNBodyEvaluationsModel.bodyQuestions.qd8db9643.answer","","","",1,1,"","","","Coding {[]} {[]}
","評估答案","評估答案","","","","","","","","","",,"required","","http://ltc-ig.fhir.tw/ValueSet/hn-vs-49fe20230ec3","",,,,"HNBodyEvaluationsModel.bodyQuestions.qd8db9643.answer",1,1,"","","QuestionnaireResponse.item.where(linkId='BodyQuestions').item.where(linkId='BodyQuestions.qd8db9643').item.where(linkId='BodyQuestions.qd8db9643.Answer')"
"HNBodyEvaluationsModel.bodyQuestions.qd8db9643.multipleAnswer","HNBodyEvaluationsModel.bodyQuestions.qd8db9643.multipleAnswer","","","",0,1,"","","","string {[]} {[]}
","評估多選答案","評估多選答案。以逗號分隔選項；視力與聽力部位使用此欄。","","","","","","","","","",,,,,"",,,,"HNBodyEvaluationsModel.bodyQuestions.qd8db9643.multipleAnswer",0,1,"","","QuestionnaireResponse.item.where(linkId='BodyQuestions').item.where(linkId='BodyQuestions.qd8db9643').item.where(linkId='BodyQuestions.qd8db9643.MultipleAnswer')"
"HNBodyEvaluationsModel.bodyQuestions.qd8db9643.other","HNBodyEvaluationsModel.bodyQuestions.qd8db9643.other","","","",0,1,"","","","string {[]} {[]}
","補充說明","補充說明","","","","","","","","","",,,,,"",,,,"HNBodyEvaluationsModel.bodyQuestions.qd8db9643.other",0,1,"","","QuestionnaireResponse.item.where(linkId='BodyQuestions').item.where(linkId='BodyQuestions.qd8db9643').item.where(linkId='BodyQuestions.qd8db9643.Other')"
"HNBodyEvaluationsModel.bodyQuestions.q65b57fd8","HNBodyEvaluationsModel.bodyQuestions.q65b57fd8","","","",1,1,"","","","BackboneElement {[]} {[]}
","藥物類別","藥物類別","","","","","","","","","",,,,,"",,,,"HNBodyEvaluationsModel.bodyQuestions.q65b57fd8",1,1,"","ele-1:All FHIR elements must have a @value or children {hasValue() or (children().count() > id.count())}
","QuestionnaireResponse.item.where(linkId='BodyQuestions').item.where(linkId='BodyQuestions.q65b57fd8')"
"HNBodyEvaluationsModel.bodyQuestions.q65b57fd8.id","HNBodyEvaluationsModel.bodyQuestions.q65b57fd8.id","","","",0,1,"","","","string {[]} {[]}
","Unique id for inter-element referencing","Unique id for the element within a resource (for internal references). This may be any string value that does not contain spaces.","","","","","","","","","",,,,,"",,,,"Element.id",0,1,"",""
"HNBodyEvaluationsModel.bodyQuestions.q65b57fd8.extension","HNBodyEvaluationsModel.bodyQuestions.q65b57fd8.extension","","extensions
user content","",0,*,"","","","Extension {[]} {[]}
","Additional content defined by implementations","May be used to represent additional information that is not part of the basic definition of the element. To make the use of extensions safe and manageable, there is a strict set of governance  applied to the definition and use of extensions. Though any implementer can define an extension, there is a set of requirements that SHALL be met as part of the definition of the extension.","There can be no stigma associated with the use of extensions by any application, project, or standard - regardless of the institution or jurisdiction that uses or defines the extensions.  The use of extensions is what allows the FHIR specification to retain a core level of simplicity for everyone.","","","","","","","","",,,,,"","value:url}
","Extensions are always sliced by (at least) url",,"open","Element.extension",0,*,"","ele-1:All FHIR elements must have a @value or children {hasValue() or (children().count() > id.count())}
ext-1:Must have either extensions or value[x], not both {extension.exists() != value.exists()}"
"HNBodyEvaluationsModel.bodyQuestions.q65b57fd8.modifierExtension","HNBodyEvaluationsModel.bodyQuestions.q65b57fd8.modifierExtension","","extensions
user contentmodifiers","",0,*,"","Y","Y","Extension {[]} {[]}
","Extensions that cannot be ignored even if unrecognized","May be used to represent additional information that is not part of the basic definition of the element and that modifies the understanding of the element in which it is contained and/or the understanding of the containing element's descendants. Usually modifier elements provide negation or qualification. To make the use of extensions safe and manageable, there is a strict set of governance applied to the definition and use of extensions. Though any implementer can define an extension, there is a set of requirements that SHALL be met as part of the definition of the extension. Applications processing a resource are required to check for modifier extensions.

Modifier extensions SHALL NOT change the meaning of any elements on Resource or DomainResource (including cannot change the meaning of modifierExtension itself).","There can be no stigma associated with the use of extensions by any application, project, or standard - regardless of the institution or jurisdiction that uses or defines the extensions.  The use of extensions is what allows the FHIR specification to retain a core level of simplicity for everyone.","Modifier extensions allow for extensions that *cannot* be safely ignored to be clearly distinguished from the vast majority of extensions which can be safely ignored.  This promotes interoperability by eliminating the need for implementers to prohibit the presence of extensions. For further information, see the [definition of modifier extensions](http://hl7.org/fhir/R4/extensibility.html#modifierExtension).","","","","","","","",,,,,"",,,,"BackboneElement.modifierExtension",0,*,"","ele-1:All FHIR elements must have a @value or children {hasValue() or (children().count() > id.count())}
ext-1:Must have either extensions or value[x], not both {extension.exists() != value.exists()}"
"HNBodyEvaluationsModel.bodyQuestions.q65b57fd8.answer","HNBodyEvaluationsModel.bodyQuestions.q65b57fd8.answer","","","",0,1,"","","","string {[]} {[]}
","評估答案","評估答案。本題單選答案留空；填寫多選答案。","","","","","","","","","",,,,,"",,,,"HNBodyEvaluationsModel.bodyQuestions.q65b57fd8.answer",0,1,"","","QuestionnaireResponse.item.where(linkId='BodyQuestions').item.where(linkId='BodyQuestions.q65b57fd8').item.where(linkId='BodyQuestions.q65b57fd8.Answer')"
"HNBodyEvaluationsModel.bodyQuestions.q65b57fd8.multipleAnswer","HNBodyEvaluationsModel.bodyQuestions.q65b57fd8.multipleAnswer","","","",0,*,"","","","Coding {[]} {[]}
","評估多選答案","評估多選答案。來源為逗號分隔字串。FHIR 使用多筆 Coding 答案，回寫時依序以逗號串接。","","","","","","","","","",,"required","","http://ltc-ig.fhir.tw/ValueSet/hn-vs-6d733f47d6f4","",,,,"HNBodyEvaluationsModel.bodyQuestions.q65b57fd8.multipleAnswer",0,*,"","","QuestionnaireResponse.item.where(linkId='BodyQuestions').item.where(linkId='BodyQuestions.q65b57fd8').item.where(linkId='BodyQuestions.q65b57fd8.MultipleAnswer')"
"HNBodyEvaluationsModel.bodyQuestions.q65b57fd8.other","HNBodyEvaluationsModel.bodyQuestions.q65b57fd8.other","","","",0,1,"","","","string {[]} {[]}
","補充說明","補充說明","","","","","","","","","",,,,,"",,,,"HNBodyEvaluationsModel.bodyQuestions.q65b57fd8.other",0,1,"","","QuestionnaireResponse.item.where(linkId='BodyQuestions').item.where(linkId='BodyQuestions.q65b57fd8').item.where(linkId='BodyQuestions.q65b57fd8.Other')"
"HNBodyEvaluationsModel.bodyQuestions.q03fdb3f1","HNBodyEvaluationsModel.bodyQuestions.q03fdb3f1","","","",1,1,"","","","BackboneElement {[]} {[]}
","服用頻率","服用頻率","","","","","","","","","",,,,,"",,,,"HNBodyEvaluationsModel.bodyQuestions.q03fdb3f1",1,1,"","ele-1:All FHIR elements must have a @value or children {hasValue() or (children().count() > id.count())}
","QuestionnaireResponse.item.where(linkId='BodyQuestions').item.where(linkId='BodyQuestions.q03fdb3f1')"
"HNBodyEvaluationsModel.bodyQuestions.q03fdb3f1.id","HNBodyEvaluationsModel.bodyQuestions.q03fdb3f1.id","","","",0,1,"","","","string {[]} {[]}
","Unique id for inter-element referencing","Unique id for the element within a resource (for internal references). This may be any string value that does not contain spaces.","","","","","","","","","",,,,,"",,,,"Element.id",0,1,"",""
"HNBodyEvaluationsModel.bodyQuestions.q03fdb3f1.extension","HNBodyEvaluationsModel.bodyQuestions.q03fdb3f1.extension","","extensions
user content","",0,*,"","","","Extension {[]} {[]}
","Additional content defined by implementations","May be used to represent additional information that is not part of the basic definition of the element. To make the use of extensions safe and manageable, there is a strict set of governance  applied to the definition and use of extensions. Though any implementer can define an extension, there is a set of requirements that SHALL be met as part of the definition of the extension.","There can be no stigma associated with the use of extensions by any application, project, or standard - regardless of the institution or jurisdiction that uses or defines the extensions.  The use of extensions is what allows the FHIR specification to retain a core level of simplicity for everyone.","","","","","","","","",,,,,"","value:url}
","Extensions are always sliced by (at least) url",,"open","Element.extension",0,*,"","ele-1:All FHIR elements must have a @value or children {hasValue() or (children().count() > id.count())}
ext-1:Must have either extensions or value[x], not both {extension.exists() != value.exists()}"
"HNBodyEvaluationsModel.bodyQuestions.q03fdb3f1.modifierExtension","HNBodyEvaluationsModel.bodyQuestions.q03fdb3f1.modifierExtension","","extensions
user contentmodifiers","",0,*,"","Y","Y","Extension {[]} {[]}
","Extensions that cannot be ignored even if unrecognized","May be used to represent additional information that is not part of the basic definition of the element and that modifies the understanding of the element in which it is contained and/or the understanding of the containing element's descendants. Usually modifier elements provide negation or qualification. To make the use of extensions safe and manageable, there is a strict set of governance applied to the definition and use of extensions. Though any implementer can define an extension, there is a set of requirements that SHALL be met as part of the definition of the extension. Applications processing a resource are required to check for modifier extensions.

Modifier extensions SHALL NOT change the meaning of any elements on Resource or DomainResource (including cannot change the meaning of modifierExtension itself).","There can be no stigma associated with the use of extensions by any application, project, or standard - regardless of the institution or jurisdiction that uses or defines the extensions.  The use of extensions is what allows the FHIR specification to retain a core level of simplicity for everyone.","Modifier extensions allow for extensions that *cannot* be safely ignored to be clearly distinguished from the vast majority of extensions which can be safely ignored.  This promotes interoperability by eliminating the need for implementers to prohibit the presence of extensions. For further information, see the [definition of modifier extensions](http://hl7.org/fhir/R4/extensibility.html#modifierExtension).","","","","","","","",,,,,"",,,,"BackboneElement.modifierExtension",0,*,"","ele-1:All FHIR elements must have a @value or children {hasValue() or (children().count() > id.count())}
ext-1:Must have either extensions or value[x], not both {extension.exists() != value.exists()}"
"HNBodyEvaluationsModel.bodyQuestions.q03fdb3f1.answer","HNBodyEvaluationsModel.bodyQuestions.q03fdb3f1.answer","","","",1,1,"","","","Coding {[]} {[]}
","評估答案","評估答案","","","","","","","","","",,"required","","http://ltc-ig.fhir.tw/ValueSet/hn-vs-cf479df80e62","",,,,"HNBodyEvaluationsModel.bodyQuestions.q03fdb3f1.answer",1,1,"","","QuestionnaireResponse.item.where(linkId='BodyQuestions').item.where(linkId='BodyQuestions.q03fdb3f1').item.where(linkId='BodyQuestions.q03fdb3f1.Answer')"
"HNBodyEvaluationsModel.bodyQuestions.q03fdb3f1.multipleAnswer","HNBodyEvaluationsModel.bodyQuestions.q03fdb3f1.multipleAnswer","","","",0,1,"","","","string {[]} {[]}
","評估多選答案","評估多選答案。以逗號分隔選項；視力與聽力部位使用此欄。","","","","","","","","","",,,,,"",,,,"HNBodyEvaluationsModel.bodyQuestions.q03fdb3f1.multipleAnswer",0,1,"","","QuestionnaireResponse.item.where(linkId='BodyQuestions').item.where(linkId='BodyQuestions.q03fdb3f1').item.where(linkId='BodyQuestions.q03fdb3f1.MultipleAnswer')"
"HNBodyEvaluationsModel.bodyQuestions.q03fdb3f1.other","HNBodyEvaluationsModel.bodyQuestions.q03fdb3f1.other","","","",0,1,"","","","string {[]} {[]}
","補充說明","補充說明","","","","","","","","","",,,,,"",,,,"HNBodyEvaluationsModel.bodyQuestions.q03fdb3f1.other",0,1,"","","QuestionnaireResponse.item.where(linkId='BodyQuestions').item.where(linkId='BodyQuestions.q03fdb3f1').item.where(linkId='BodyQuestions.q03fdb3f1.Other')"
"HNBodyEvaluationsModel.bodyQuestions.qd30f4212","HNBodyEvaluationsModel.bodyQuestions.qd30f4212","","","",1,1,"","","","BackboneElement {[]} {[]}
","輔助器","輔助器","","","","","","","","","",,,,,"",,,,"HNBodyEvaluationsModel.bodyQuestions.qd30f4212",1,1,"","ele-1:All FHIR elements must have a @value or children {hasValue() or (children().count() > id.count())}
","QuestionnaireResponse.item.where(linkId='BodyQuestions').item.where(linkId='BodyQuestions.qd30f4212')"
"HNBodyEvaluationsModel.bodyQuestions.qd30f4212.id","HNBodyEvaluationsModel.bodyQuestions.qd30f4212.id","","","",0,1,"","","","string {[]} {[]}
","Unique id for inter-element referencing","Unique id for the element within a resource (for internal references). This may be any string value that does not contain spaces.","","","","","","","","","",,,,,"",,,,"Element.id",0,1,"",""
"HNBodyEvaluationsModel.bodyQuestions.qd30f4212.extension","HNBodyEvaluationsModel.bodyQuestions.qd30f4212.extension","","extensions
user content","",0,*,"","","","Extension {[]} {[]}
","Additional content defined by implementations","May be used to represent additional information that is not part of the basic definition of the element. To make the use of extensions safe and manageable, there is a strict set of governance  applied to the definition and use of extensions. Though any implementer can define an extension, there is a set of requirements that SHALL be met as part of the definition of the extension.","There can be no stigma associated with the use of extensions by any application, project, or standard - regardless of the institution or jurisdiction that uses or defines the extensions.  The use of extensions is what allows the FHIR specification to retain a core level of simplicity for everyone.","","","","","","","","",,,,,"","value:url}
","Extensions are always sliced by (at least) url",,"open","Element.extension",0,*,"","ele-1:All FHIR elements must have a @value or children {hasValue() or (children().count() > id.count())}
ext-1:Must have either extensions or value[x], not both {extension.exists() != value.exists()}"
"HNBodyEvaluationsModel.bodyQuestions.qd30f4212.modifierExtension","HNBodyEvaluationsModel.bodyQuestions.qd30f4212.modifierExtension","","extensions
user contentmodifiers","",0,*,"","Y","Y","Extension {[]} {[]}
","Extensions that cannot be ignored even if unrecognized","May be used to represent additional information that is not part of the basic definition of the element and that modifies the understanding of the element in which it is contained and/or the understanding of the containing element's descendants. Usually modifier elements provide negation or qualification. To make the use of extensions safe and manageable, there is a strict set of governance applied to the definition and use of extensions. Though any implementer can define an extension, there is a set of requirements that SHALL be met as part of the definition of the extension. Applications processing a resource are required to check for modifier extensions.

Modifier extensions SHALL NOT change the meaning of any elements on Resource or DomainResource (including cannot change the meaning of modifierExtension itself).","There can be no stigma associated with the use of extensions by any application, project, or standard - regardless of the institution or jurisdiction that uses or defines the extensions.  The use of extensions is what allows the FHIR specification to retain a core level of simplicity for everyone.","Modifier extensions allow for extensions that *cannot* be safely ignored to be clearly distinguished from the vast majority of extensions which can be safely ignored.  This promotes interoperability by eliminating the need for implementers to prohibit the presence of extensions. For further information, see the [definition of modifier extensions](http://hl7.org/fhir/R4/extensibility.html#modifierExtension).","","","","","","","",,,,,"",,,,"BackboneElement.modifierExtension",0,*,"","ele-1:All FHIR elements must have a @value or children {hasValue() or (children().count() > id.count())}
ext-1:Must have either extensions or value[x], not both {extension.exists() != value.exists()}"
"HNBodyEvaluationsModel.bodyQuestions.qd30f4212.answer","HNBodyEvaluationsModel.bodyQuestions.qd30f4212.answer","","","",1,1,"","","","Coding {[]} {[]}
","評估答案","評估答案","","","","","","","","","",,"required","","http://ltc-ig.fhir.tw/ValueSet/hn-vs-49fe20230ec3","",,,,"HNBodyEvaluationsModel.bodyQuestions.qd30f4212.answer",1,1,"","","QuestionnaireResponse.item.where(linkId='BodyQuestions').item.where(linkId='BodyQuestions.qd30f4212').item.where(linkId='BodyQuestions.qd30f4212.Answer')"
"HNBodyEvaluationsModel.bodyQuestions.qd30f4212.multipleAnswer","HNBodyEvaluationsModel.bodyQuestions.qd30f4212.multipleAnswer","","","",0,1,"","","","string {[]} {[]}
","評估多選答案","評估多選答案。以逗號分隔選項；視力與聽力部位使用此欄。","","","","","","","","","",,,,,"",,,,"HNBodyEvaluationsModel.bodyQuestions.qd30f4212.multipleAnswer",0,1,"","","QuestionnaireResponse.item.where(linkId='BodyQuestions').item.where(linkId='BodyQuestions.qd30f4212').item.where(linkId='BodyQuestions.qd30f4212.MultipleAnswer')"
"HNBodyEvaluationsModel.bodyQuestions.qd30f4212.other","HNBodyEvaluationsModel.bodyQuestions.qd30f4212.other","","","",0,1,"","","","string {[]} {[]}
","補充說明","補充說明","","","","","","","","","",,,,,"",,,,"HNBodyEvaluationsModel.bodyQuestions.qd30f4212.other",0,1,"","","QuestionnaireResponse.item.where(linkId='BodyQuestions').item.where(linkId='BodyQuestions.qd30f4212').item.where(linkId='BodyQuestions.qd30f4212.Other')"
"HNBodyEvaluationsModel.bodyQuestions.q1355f181","HNBodyEvaluationsModel.bodyQuestions.q1355f181","","","",1,1,"","","","BackboneElement {[]} {[]}
","有輔助器","有輔助器","","","","","","","","","",,,,,"",,,,"HNBodyEvaluationsModel.bodyQuestions.q1355f181",1,1,"","ele-1:All FHIR elements must have a @value or children {hasValue() or (children().count() > id.count())}
","QuestionnaireResponse.item.where(linkId='BodyQuestions').item.where(linkId='BodyQuestions.q1355f181')"
"HNBodyEvaluationsModel.bodyQuestions.q1355f181.id","HNBodyEvaluationsModel.bodyQuestions.q1355f181.id","","","",0,1,"","","","string {[]} {[]}
","Unique id for inter-element referencing","Unique id for the element within a resource (for internal references). This may be any string value that does not contain spaces.","","","","","","","","","",,,,,"",,,,"Element.id",0,1,"",""
"HNBodyEvaluationsModel.bodyQuestions.q1355f181.extension","HNBodyEvaluationsModel.bodyQuestions.q1355f181.extension","","extensions
user content","",0,*,"","","","Extension {[]} {[]}
","Additional content defined by implementations","May be used to represent additional information that is not part of the basic definition of the element. To make the use of extensions safe and manageable, there is a strict set of governance  applied to the definition and use of extensions. Though any implementer can define an extension, there is a set of requirements that SHALL be met as part of the definition of the extension.","There can be no stigma associated with the use of extensions by any application, project, or standard - regardless of the institution or jurisdiction that uses or defines the extensions.  The use of extensions is what allows the FHIR specification to retain a core level of simplicity for everyone.","","","","","","","","",,,,,"","value:url}
","Extensions are always sliced by (at least) url",,"open","Element.extension",0,*,"","ele-1:All FHIR elements must have a @value or children {hasValue() or (children().count() > id.count())}
ext-1:Must have either extensions or value[x], not both {extension.exists() != value.exists()}"
"HNBodyEvaluationsModel.bodyQuestions.q1355f181.modifierExtension","HNBodyEvaluationsModel.bodyQuestions.q1355f181.modifierExtension","","extensions
user contentmodifiers","",0,*,"","Y","Y","Extension {[]} {[]}
","Extensions that cannot be ignored even if unrecognized","May be used to represent additional information that is not part of the basic definition of the element and that modifies the understanding of the element in which it is contained and/or the understanding of the containing element's descendants. Usually modifier elements provide negation or qualification. To make the use of extensions safe and manageable, there is a strict set of governance applied to the definition and use of extensions. Though any implementer can define an extension, there is a set of requirements that SHALL be met as part of the definition of the extension. Applications processing a resource are required to check for modifier extensions.

Modifier extensions SHALL NOT change the meaning of any elements on Resource or DomainResource (including cannot change the meaning of modifierExtension itself).","There can be no stigma associated with the use of extensions by any application, project, or standard - regardless of the institution or jurisdiction that uses or defines the extensions.  The use of extensions is what allows the FHIR specification to retain a core level of simplicity for everyone.","Modifier extensions allow for extensions that *cannot* be safely ignored to be clearly distinguished from the vast majority of extensions which can be safely ignored.  This promotes interoperability by eliminating the need for implementers to prohibit the presence of extensions. For further information, see the [definition of modifier extensions](http://hl7.org/fhir/R4/extensibility.html#modifierExtension).","","","","","","","",,,,,"",,,,"BackboneElement.modifierExtension",0,*,"","ele-1:All FHIR elements must have a @value or children {hasValue() or (children().count() > id.count())}
ext-1:Must have either extensions or value[x], not both {extension.exists() != value.exists()}"
"HNBodyEvaluationsModel.bodyQuestions.q1355f181.answer","HNBodyEvaluationsModel.bodyQuestions.q1355f181.answer","","","",1,1,"","","","Coding {[]} {[]}
","評估答案","評估答案","","","","","","","","","",,"required","","http://ltc-ig.fhir.tw/ValueSet/hn-vs-8aa8b9aed3b2","",,,,"HNBodyEvaluationsModel.bodyQuestions.q1355f181.answer",1,1,"","","QuestionnaireResponse.item.where(linkId='BodyQuestions').item.where(linkId='BodyQuestions.q1355f181').item.where(linkId='BodyQuestions.q1355f181.Answer')"
"HNBodyEvaluationsModel.bodyQuestions.q1355f181.multipleAnswer","HNBodyEvaluationsModel.bodyQuestions.q1355f181.multipleAnswer","","","",0,*,"","","","Coding {[]} {[]}
","評估多選答案","評估多選答案。來源為逗號分隔字串。FHIR 使用多筆 Coding 答案，回寫時依序以逗號串接。","","","","","","","","","",,"required","","http://ltc-ig.fhir.tw/ValueSet/hn-vs-1c644096303f","",,,,"HNBodyEvaluationsModel.bodyQuestions.q1355f181.multipleAnswer",0,*,"","","QuestionnaireResponse.item.where(linkId='BodyQuestions').item.where(linkId='BodyQuestions.q1355f181').item.where(linkId='BodyQuestions.q1355f181.MultipleAnswer')"
"HNBodyEvaluationsModel.bodyQuestions.q1355f181.other","HNBodyEvaluationsModel.bodyQuestions.q1355f181.other","","","",0,1,"","","","string {[]} {[]}
","補充說明","補充說明","","","","","","","","","",,,,,"",,,,"HNBodyEvaluationsModel.bodyQuestions.q1355f181.other",0,1,"","","QuestionnaireResponse.item.where(linkId='BodyQuestions').item.where(linkId='BodyQuestions.q1355f181').item.where(linkId='BodyQuestions.q1355f181.Other')"
"HNBodyEvaluationsModel.bodyQuestions.q1c902f78","HNBodyEvaluationsModel.bodyQuestions.q1c902f78","","","",1,1,"","","","BackboneElement {[]} {[]}
","鼻導管","鼻導管","","","","","","","","","",,,,,"",,,,"HNBodyEvaluationsModel.bodyQuestions.q1c902f78",1,1,"","ele-1:All FHIR elements must have a @value or children {hasValue() or (children().count() > id.count())}
","QuestionnaireResponse.item.where(linkId='BodyQuestions').item.where(linkId='BodyQuestions.q1c902f78')"
"HNBodyEvaluationsModel.bodyQuestions.q1c902f78.id","HNBodyEvaluationsModel.bodyQuestions.q1c902f78.id","","","",0,1,"","","","string {[]} {[]}
","Unique id for inter-element referencing","Unique id for the element within a resource (for internal references). This may be any string value that does not contain spaces.","","","","","","","","","",,,,,"",,,,"Element.id",0,1,"",""
"HNBodyEvaluationsModel.bodyQuestions.q1c902f78.extension","HNBodyEvaluationsModel.bodyQuestions.q1c902f78.extension","","extensions
user content","",0,*,"","","","Extension {[]} {[]}
","Additional content defined by implementations","May be used to represent additional information that is not part of the basic definition of the element. To make the use of extensions safe and manageable, there is a strict set of governance  applied to the definition and use of extensions. Though any implementer can define an extension, there is a set of requirements that SHALL be met as part of the definition of the extension.","There can be no stigma associated with the use of extensions by any application, project, or standard - regardless of the institution or jurisdiction that uses or defines the extensions.  The use of extensions is what allows the FHIR specification to retain a core level of simplicity for everyone.","","","","","","","","",,,,,"","value:url}
","Extensions are always sliced by (at least) url",,"open","Element.extension",0,*,"","ele-1:All FHIR elements must have a @value or children {hasValue() or (children().count() > id.count())}
ext-1:Must have either extensions or value[x], not both {extension.exists() != value.exists()}"
"HNBodyEvaluationsModel.bodyQuestions.q1c902f78.modifierExtension","HNBodyEvaluationsModel.bodyQuestions.q1c902f78.modifierExtension","","extensions
user contentmodifiers","",0,*,"","Y","Y","Extension {[]} {[]}
","Extensions that cannot be ignored even if unrecognized","May be used to represent additional information that is not part of the basic definition of the element and that modifies the understanding of the element in which it is contained and/or the understanding of the containing element's descendants. Usually modifier elements provide negation or qualification. To make the use of extensions safe and manageable, there is a strict set of governance applied to the definition and use of extensions. Though any implementer can define an extension, there is a set of requirements that SHALL be met as part of the definition of the extension. Applications processing a resource are required to check for modifier extensions.

Modifier extensions SHALL NOT change the meaning of any elements on Resource or DomainResource (including cannot change the meaning of modifierExtension itself).","There can be no stigma associated with the use of extensions by any application, project, or standard - regardless of the institution or jurisdiction that uses or defines the extensions.  The use of extensions is what allows the FHIR specification to retain a core level of simplicity for everyone.","Modifier extensions allow for extensions that *cannot* be safely ignored to be clearly distinguished from the vast majority of extensions which can be safely ignored.  This promotes interoperability by eliminating the need for implementers to prohibit the presence of extensions. For further information, see the [definition of modifier extensions](http://hl7.org/fhir/R4/extensibility.html#modifierExtension).","","","","","","","",,,,,"",,,,"BackboneElement.modifierExtension",0,*,"","ele-1:All FHIR elements must have a @value or children {hasValue() or (children().count() > id.count())}
ext-1:Must have either extensions or value[x], not both {extension.exists() != value.exists()}"
"HNBodyEvaluationsModel.bodyQuestions.q1c902f78.answer","HNBodyEvaluationsModel.bodyQuestions.q1c902f78.answer","","","",1,1,"","","","string {[]} {[]}
","評估答案","評估答案","","","","","","","","","",,,,,"",,,,"HNBodyEvaluationsModel.bodyQuestions.q1c902f78.answer",1,1,"","","QuestionnaireResponse.item.where(linkId='BodyQuestions').item.where(linkId='BodyQuestions.q1c902f78').item.where(linkId='BodyQuestions.q1c902f78.Answer')"
"HNBodyEvaluationsModel.bodyQuestions.q1c902f78.multipleAnswer","HNBodyEvaluationsModel.bodyQuestions.q1c902f78.multipleAnswer","","","",0,1,"","","","string {[]} {[]}
","評估多選答案","評估多選答案。來源為逗號分隔字串。FHIR 使用多筆 Coding 答案，回寫時依序以逗號串接。","","","","","","","","","",,,,,"",,,,"HNBodyEvaluationsModel.bodyQuestions.q1c902f78.multipleAnswer",0,1,"","","QuestionnaireResponse.item.where(linkId='BodyQuestions').item.where(linkId='BodyQuestions.q1c902f78').item.where(linkId='BodyQuestions.q1c902f78.MultipleAnswer')"
"HNBodyEvaluationsModel.bodyQuestions.q1c902f78.other","HNBodyEvaluationsModel.bodyQuestions.q1c902f78.other","","","",0,1,"","","","string {[]} {[]}
","補充說明","補充說明","","","","","","","","","",,,,,"",,,,"HNBodyEvaluationsModel.bodyQuestions.q1c902f78.other",0,1,"","","QuestionnaireResponse.item.where(linkId='BodyQuestions').item.where(linkId='BodyQuestions.q1c902f78').item.where(linkId='BodyQuestions.q1c902f78.Other')"
"HNBodyEvaluationsModel.bodyQuestions.q6772dc09","HNBodyEvaluationsModel.bodyQuestions.q6772dc09","","","",1,1,"","","","BackboneElement {[]} {[]}
","氧氣面罩","氧氣面罩","","","","","","","","","",,,,,"",,,,"HNBodyEvaluationsModel.bodyQuestions.q6772dc09",1,1,"","ele-1:All FHIR elements must have a @value or children {hasValue() or (children().count() > id.count())}
","QuestionnaireResponse.item.where(linkId='BodyQuestions').item.where(linkId='BodyQuestions.q6772dc09')"
"HNBodyEvaluationsModel.bodyQuestions.q6772dc09.id","HNBodyEvaluationsModel.bodyQuestions.q6772dc09.id","","","",0,1,"","","","string {[]} {[]}
","Unique id for inter-element referencing","Unique id for the element within a resource (for internal references). This may be any string value that does not contain spaces.","","","","","","","","","",,,,,"",,,,"Element.id",0,1,"",""
"HNBodyEvaluationsModel.bodyQuestions.q6772dc09.extension","HNBodyEvaluationsModel.bodyQuestions.q6772dc09.extension","","extensions
user content","",0,*,"","","","Extension {[]} {[]}
","Additional content defined by implementations","May be used to represent additional information that is not part of the basic definition of the element. To make the use of extensions safe and manageable, there is a strict set of governance  applied to the definition and use of extensions. Though any implementer can define an extension, there is a set of requirements that SHALL be met as part of the definition of the extension.","There can be no stigma associated with the use of extensions by any application, project, or standard - regardless of the institution or jurisdiction that uses or defines the extensions.  The use of extensions is what allows the FHIR specification to retain a core level of simplicity for everyone.","","","","","","","","",,,,,"","value:url}
","Extensions are always sliced by (at least) url",,"open","Element.extension",0,*,"","ele-1:All FHIR elements must have a @value or children {hasValue() or (children().count() > id.count())}
ext-1:Must have either extensions or value[x], not both {extension.exists() != value.exists()}"
"HNBodyEvaluationsModel.bodyQuestions.q6772dc09.modifierExtension","HNBodyEvaluationsModel.bodyQuestions.q6772dc09.modifierExtension","","extensions
user contentmodifiers","",0,*,"","Y","Y","Extension {[]} {[]}
","Extensions that cannot be ignored even if unrecognized","May be used to represent additional information that is not part of the basic definition of the element and that modifies the understanding of the element in which it is contained and/or the understanding of the containing element's descendants. Usually modifier elements provide negation or qualification. To make the use of extensions safe and manageable, there is a strict set of governance applied to the definition and use of extensions. Though any implementer can define an extension, there is a set of requirements that SHALL be met as part of the definition of the extension. Applications processing a resource are required to check for modifier extensions.

Modifier extensions SHALL NOT change the meaning of any elements on Resource or DomainResource (including cannot change the meaning of modifierExtension itself).","There can be no stigma associated with the use of extensions by any application, project, or standard - regardless of the institution or jurisdiction that uses or defines the extensions.  The use of extensions is what allows the FHIR specification to retain a core level of simplicity for everyone.","Modifier extensions allow for extensions that *cannot* be safely ignored to be clearly distinguished from the vast majority of extensions which can be safely ignored.  This promotes interoperability by eliminating the need for implementers to prohibit the presence of extensions. For further information, see the [definition of modifier extensions](http://hl7.org/fhir/R4/extensibility.html#modifierExtension).","","","","","","","",,,,,"",,,,"BackboneElement.modifierExtension",0,*,"","ele-1:All FHIR elements must have a @value or children {hasValue() or (children().count() > id.count())}
ext-1:Must have either extensions or value[x], not both {extension.exists() != value.exists()}"
"HNBodyEvaluationsModel.bodyQuestions.q6772dc09.answer","HNBodyEvaluationsModel.bodyQuestions.q6772dc09.answer","","","",1,1,"","","","string {[]} {[]}
","評估答案","評估答案","","","","","","","","","",,,,,"",,,,"HNBodyEvaluationsModel.bodyQuestions.q6772dc09.answer",1,1,"","","QuestionnaireResponse.item.where(linkId='BodyQuestions').item.where(linkId='BodyQuestions.q6772dc09').item.where(linkId='BodyQuestions.q6772dc09.Answer')"
"HNBodyEvaluationsModel.bodyQuestions.q6772dc09.multipleAnswer","HNBodyEvaluationsModel.bodyQuestions.q6772dc09.multipleAnswer","","","",0,1,"","","","string {[]} {[]}
","評估多選答案","評估多選答案。以逗號分隔選項；視力與聽力部位使用此欄。","","","","","","","","","",,,,,"",,,,"HNBodyEvaluationsModel.bodyQuestions.q6772dc09.multipleAnswer",0,1,"","","QuestionnaireResponse.item.where(linkId='BodyQuestions').item.where(linkId='BodyQuestions.q6772dc09').item.where(linkId='BodyQuestions.q6772dc09.MultipleAnswer')"
"HNBodyEvaluationsModel.bodyQuestions.q6772dc09.other","HNBodyEvaluationsModel.bodyQuestions.q6772dc09.other","","","",0,1,"","","","string {[]} {[]}
","補充說明","補充說明","","","","","","","","","",,,,,"",,,,"HNBodyEvaluationsModel.bodyQuestions.q6772dc09.other",0,1,"","","QuestionnaireResponse.item.where(linkId='BodyQuestions').item.where(linkId='BodyQuestions.q6772dc09').item.where(linkId='BodyQuestions.q6772dc09.Other')"
"HNBodyEvaluationsModel.isTemporary","HNBodyEvaluationsModel.isTemporary","","","",0,1,"","","","Coding {[]} {[]}
","是否暫存","是否暫存","","","","","","","","","",,"required","","http://ltc-ig.fhir.tw/ValueSet/hn-vs-58e4d598f859","",,,,"HNBodyEvaluationsModel.isTemporary",0,1,"","","QuestionnaireResponse.item.where(linkId='IsTemporary')"
