"Id","Path","Slice Name","Alias(s)","Label","Min","Max","Must Support?","Is Modifier?","Is Summary?","Type(s)","Short","Definition","Comments","Requirements","Default Value","Meaning When Missing","Fixed Value","Pattern","Example","Minimum Value","Maximum Value","Maximum Length","Binding Strength","Binding Description","Binding Value Set","Code","Slicing Discriminator","Slicing Description","Slicing Ordered","Slicing Rules","Base Path","Base Min","Base Max","Condition(s)","Constraint(s)","Mapping: Workflow Pattern","Mapping: FiveWs Pattern Mapping","Mapping: RIM Mapping"
"Claim","Claim","","Adjudication Request
Preauthorization RequestPredetermination Request","",0,*,"","","","null {[]} {[]}
","Claim, Pre-determination or Pre-authorization","A provider issued list of professional services and products which have been provided, or are to be provided, to a patient which is sent to an insurer for reimbursement.","The Claim resource fulfills three information request requirements: Claim - a request for adjudication for reimbursement for products and/or services provided; Preauthorization - a request to authorize the future provision of products and/or services including an anticipated adjudication; and, Predetermination - a request for a non-bind adjudication of possible future products and/or services.","","","","","","","","",,,,,"",,,,"Claim",0,*,"","dom-2:If the resource is contained in another resource, it SHALL NOT contain nested Resources {contained.contained.empty()}
dom-3:If the resource is contained in another resource, it SHALL be referred to from elsewhere in the resource or SHALL refer to the containing resource {contained.where((('#'+id in (%resource.descendants().reference | %resource.descendants().as(canonical) | %resource.descendants().as(uri) | %resource.descendants().as(url))) or descendants().where(reference = '#').exists() or descendants().where(as(canonical) = '#').exists() or descendants().where(as(canonical) = '#').exists()).not()).trace('unmatched', id).empty()}dom-4:If a resource is contained in another resource, it SHALL NOT have a meta.versionId or a meta.lastUpdated {contained.meta.versionId.empty() and contained.meta.lastUpdated.empty()}dom-5:If a resource is contained in another resource, it SHALL NOT have a security label {contained.meta.security.empty()}dom-6:A resource should have narrative for robust management {text.`div`.exists()}ltc-feeaudit-1:申報照顧組合代碼 BD03 或 DA01（交通接送）時，應填寫里程數與車號。 {item.productOrService.coding.where(code = 'BD03' or code = 'DA01').exists() implies (supportingInfo.category.coding.where(code = 'milage').exists() and supportingInfo.category.coding.where(code = 'carNo').exists())}ltc-feeaudit-2:申報照顧組合代碼 BD03（社區式服務交通接送）時，應填寫服務使用類型。 {item.productOrService.coding.where(code = 'BD03').exists() implies supportingInfo.category.coding.where(code = 'bd03Type').exists()}ltc-feeaudit-3:申報照顧組合代碼 AA00（A 單位個案管理服務）時，應填寫服務項目、服務對象與服務內容。 {item.productOrService.coding.where(code = 'AA00').exists() implies (supportingInfo.category.coding.where(code = 'svcItem').exists() and supportingInfo.category.coding.where(code = 'svcPeople').exists() and supportingInfo.category.coding.where(code = 'svcContent').exists())}ltc-feeaudit-4:申報照顧組合代碼 AA03（專業服務）時，應填寫服務項目與提供專業服務單位。 {item.productOrService.coding.where(code = 'AA03').exists() implies (supportingInfo.category.coding.where(code = 'svcItem').exists() and supportingInfo.category.coding.where(code = 'svcUnit').exists())}","Request","Entity. Role, or Act"
"Claim.id","Claim.id","","","",0,1,"","","Y","id {[]} {[]}
","Logical id of this artifact","The logical id of the resource, as used in the URL for the resource. Once assigned, this value never changes.","The only time that a resource does not have an id is when it is being submitted to the server using a create operation.","","","","","","","","",,,,,"",,,,"Resource.id",0,1,"",""
"Claim.meta","Claim.meta","","","",0,1,"","","Y","Meta {[]} {[]}
","Metadata about the resource","The metadata about the resource. This is content that is maintained by the infrastructure. Changes to the content might not always be associated with version changes to the resource.","","","","","","","","","",,,,,"",,,,"Resource.meta",0,1,"","ele-1:All FHIR elements must have a @value or children {hasValue() or (children().count() > id.count())}
"
"Claim.implicitRules","Claim.implicitRules","","","",0,1,"","Y","Y","uri {[]} {[]}
","A set of rules under which this content was created","A reference to a set of rules that were followed when the resource was constructed, and which must be understood when processing the content. Often, this is a reference to an implementation guide that defines the special rules along with other profiles etc.","Asserting this rule set restricts the content to be only understood by a limited set of trading partners. This inherently limits the usefulness of the data in the long term. However, the existing health eco-system is highly fractured, and not yet ready to define, collect, and exchange data in a generally computable sense. Wherever possible, implementers and/or specification writers should avoid using this element. Often, when used, the URL is a reference to an implementation guide that defines these special rules as part of it's narrative along with other profiles, value sets, etc.","","","","","","","","",,,,,"",,,,"Resource.implicitRules",0,1,"","ele-1:All FHIR elements must have a @value or children {hasValue() or (children().count() > id.count())}
"
"Claim.language","Claim.language","","","",0,1,"","","","code {[]} {[]}
","Language of the resource content","The base language in which the resource is written.","Language is provided to support indexing and accessibility (typically, services such as text to speech use the language tag). The html language tag in the narrative applies  to the narrative. The language tag on the resource may be used to specify the language of other presentations generated from the data in the resource. Not all the content has to be in the base language. The Resource.language should not be assumed to apply to the narrative automatically. If a language is specified, it should it also be specified on the div element in the html (see rules in HTML5 for information about the relationship between xml:lang and the html lang attribute).","","","","","","","","",,"preferred","A human language.","http://hl7.org/fhir/ValueSet/languages|4.0.1","",,,,"Resource.language",0,1,"","ele-1:All FHIR elements must have a @value or children {hasValue() or (children().count() > id.count())}
"
"Claim.text","Claim.text","","narrative
htmlxhtmldisplay","",0,1,"","","","Narrative {[]} {[]}
","Text summary of the resource, for human interpretation","A human-readable narrative that contains a summary of the resource and can be used to represent the content of the resource to a human. The narrative need not encode all the structured data, but is required to contain sufficient detail to make it ""clinically safe"" for a human to just read the narrative. Resource definitions may define what content should be represented in the narrative to ensure clinical safety.","Contained resources do not have narrative. Resources that are not contained SHOULD have a narrative. In some cases, a resource may only have text with little or no additional discrete data (as long as all minOccurs=1 elements are satisfied).  This may be necessary for data from legacy systems where information is captured as a ""text blob"" or where text is additionally entered raw or narrated and encoded information is added later.","","","","","","","","",,,,,"",,,,"DomainResource.text",0,1,"","ele-1:All FHIR elements must have a @value or children {hasValue() or (children().count() > id.count())}
","Act.text?"
"Claim.contained","Claim.contained","","inline resources
anonymous resourcescontained resources","",0,*,"","","","Resource {[]} {[]}
","Contained, inline Resources","These resources do not have an independent existence apart from the resource that contains them - they cannot be identified independently, and nor can they have their own independent transaction scope.","This should never be done when the content can be identified properly, as once identification is lost, it is extremely difficult (and context dependent) to restore it again. Contained resources may have profiles and tags In their meta elements, but SHALL NOT have security labels.","","","","","","","","",,,,,"",,,,"DomainResource.contained",0,*,"","","N/A"
"Claim.extension","Claim.extension","","extensions
user content","",0,*,"","","","Extension {[]} {[]}
","Additional content defined by implementations","May be used to represent additional information that is not part of the basic definition of the resource. To make the use of extensions safe and manageable, there is a strict set of governance  applied to the definition and use of extensions. Though any implementer can define an extension, there is a set of requirements that SHALL be met as part of the definition of the extension.","There can be no stigma associated with the use of extensions by any application, project, or standard - regardless of the institution or jurisdiction that uses or defines the extensions.  The use of extensions is what allows the FHIR specification to retain a core level of simplicity for everyone.","","","","","","","","",,,,,"",,,,"DomainResource.extension",0,*,"","ele-1:All FHIR elements must have a @value or children {hasValue() or (children().count() > id.count())}
ext-1:Must have either extensions or value[x], not both {extension.exists() != value.exists()}","N/A"
"Claim.modifierExtension","Claim.modifierExtension","","extensions
user content","",0,*,"","Y","","Extension {[]} {[]}
","Extensions that cannot be ignored","May be used to represent additional information that is not part of the basic definition of the resource and that modifies the understanding of the element that contains it and/or the understanding of the containing element's descendants. Usually modifier elements provide negation or qualification. To make the use of extensions safe and manageable, there is a strict set of governance applied to the definition and use of extensions. Though any implementer is allowed to define an extension, there is a set of requirements that SHALL be met as part of the definition of the extension. Applications processing a resource are required to check for modifier extensions.

Modifier extensions SHALL NOT change the meaning of any elements on Resource or DomainResource (including cannot change the meaning of modifierExtension itself).","There can be no stigma associated with the use of extensions by any application, project, or standard - regardless of the institution or jurisdiction that uses or defines the extensions.  The use of extensions is what allows the FHIR specification to retain a core level of simplicity for everyone.","Modifier extensions allow for extensions that *cannot* be safely ignored to be clearly distinguished from the vast majority of extensions which can be safely ignored.  This promotes interoperability by eliminating the need for implementers to prohibit the presence of extensions. For further information, see the [definition of modifier extensions](http://hl7.org/fhir/R4/extensibility.html#modifierExtension).","","","","","","","",,,,,"",,,,"DomainResource.modifierExtension",0,*,"","ele-1:All FHIR elements must have a @value or children {hasValue() or (children().count() > id.count())}
ext-1:Must have either extensions or value[x], not both {extension.exists() != value.exists()}","N/A"
"Claim.identifier","Claim.identifier","","Claim Number
","",1,*,"Y","","","Identifier {[]} {[]}
","申報資料的識別碼","應分別填寫服務紀錄識別碼、所屬交易序號及支審年月。每項識別資料的 system 填入指定的識別碼系統，value 填入實際內容。","","Allows claims to be distinguished and referenced.","","","","","","","",,,,,"","value:system}
","",,"open","Claim.identifier",0,*,"","ele-1:All FHIR elements must have a @value or children {hasValue() or (children().count() > id.count())}
","Request.identifier","FiveWs.identifier"
"Claim.identifier:objid","Claim.identifier","objid","Claim Number
","",1,1,"Y","","","Identifier {[]} {[]}
","服務紀錄識別碼。[應填入 Identifier]","由服務提供單位的系統產生，應為全域唯一的識別碼。支審系統中沒有該識別碼時新增服務紀錄，已有該識別碼時更新紀錄。","","Allows claims to be distinguished and referenced.","","","","","","","",,,,,"",,,,"Claim.identifier",0,*,"","ele-1:All FHIR elements must have a @value or children {hasValue() or (children().count() > id.count())}
","Request.identifier","FiveWs.identifier"
"Claim.identifier:objid.id","Claim.identifier.id","","","",0,1,"","","","string {[]} {[]}
","Unique id for inter-element referencing","Unique id for the element within a resource (for internal references). This may be any string value that does not contain spaces.","","","","","","","","","",,,,,"",,,,"Element.id",0,1,"","","n/a"
"Claim.identifier:objid.extension","Claim.identifier.extension","","extensions
user content","",0,*,"","","","Extension {[]} {[]}
","Additional content defined by implementations","May be used to represent additional information that is not part of the basic definition of the element. To make the use of extensions safe and manageable, there is a strict set of governance  applied to the definition and use of extensions. Though any implementer can define an extension, there is a set of requirements that SHALL be met as part of the definition of the extension.","There can be no stigma associated with the use of extensions by any application, project, or standard - regardless of the institution or jurisdiction that uses or defines the extensions.  The use of extensions is what allows the FHIR specification to retain a core level of simplicity for everyone.","","","","","","","","",,,,,"","value:url}
","Extensions are always sliced by (at least) url",,"open","Element.extension",0,*,"","ele-1:All FHIR elements must have a @value or children {hasValue() or (children().count() > id.count())}
ext-1:Must have either extensions or value[x], not both {extension.exists() != value.exists()}","n/a"
"Claim.identifier:objid.use","Claim.identifier.use","","","",0,1,"","Y","Y","code {[]} {[]}
","usual | official | temp | secondary | old (If known)","The purpose of this identifier.","Applications can assume that an identifier is permanent unless it explicitly says that it is temporary.","Allows the appropriate identifier for a particular context of use to be selected from among a set of identifiers.","","","","","","","",,"required","Identifies the purpose for this identifier, if known .","http://hl7.org/fhir/ValueSet/identifier-use|4.0.1","",,,,"Identifier.use",0,1,"","ele-1:All FHIR elements must have a @value or children {hasValue() or (children().count() > id.count())}
","Role.code or implied by context"
"Claim.identifier:objid.type","Claim.identifier.type","","","",0,1,"","","Y","CodeableConcept {[]} {[]}
","Description of identifier","A coded type for the identifier that can be used to determine which identifier to use for a specific purpose.","This element deals only with general categories of identifiers.  It SHOULD not be used for codes that correspond 1..1 with the Identifier.system. Some identifiers may fall into multiple categories due to common usage.   Where the system is known, a type is unnecessary because the type is always part of the system definition. However systems often need to handle identifiers where the system is not known. There is not a 1:1 relationship between type and system, since many different systems have the same type.","Allows users to make use of identifiers when the identifier system is not known.","","","","","","","",,"extensible","A coded type for an identifier that can be used to determine which identifier to use for a specific purpose.","http://hl7.org/fhir/ValueSet/identifier-type|4.0.1","",,,,"Identifier.type",0,1,"","ele-1:All FHIR elements must have a @value or children {hasValue() or (children().count() > id.count())}
","Role.code or implied by context"
"Claim.identifier:objid.system","Claim.identifier.system","","","",1,1,"Y","","Y","uri {[]} {[]}
","The namespace for the identifier value","Establishes the namespace for the value - that is, a URL that describes a set values that are unique.","Identifier.system is always case sensitive.","There are many sets  of identifiers.  To perform matching of two identifiers, we need to know what set we're dealing with. The system identifies a particular set of unique identifiers.","","","","<valueUri xmlns=""http://hl7.org/fhir"" value=""http://ltc-ig.fhir.tw/identifier/feeaudit/objid""/>","<valueUri xmlns=""http://hl7.org/fhir"" value=""http://www.acme.com/identifiers/patient""/>","","",,,,,"",,,,"Identifier.system",0,1,"","ele-1:All FHIR elements must have a @value or children {hasValue() or (children().count() > id.count())}
","II.root or Role.id.root"
"Claim.identifier:objid.value","Claim.identifier.value","","","",1,1,"Y","","Y","string {[]} {[]}
","服務紀錄識別碼。[應填入最長 20 個字元的字串]","The portion of the identifier typically relevant to the user and which is unique within the context of the system.","If the value is a full URI, then the system SHALL be urn:ietf:rfc:3986.  The value's primary purpose is computational mapping.  As a result, it may be normalized for comparison purposes (e.g. removing non-significant whitespace, dashes, etc.)  A value formatted for human display can be conveyed using the [Rendered Value extension](http://hl7.org/fhir/R4/extension-rendered-value.html). Identifier.value is to be treated as case sensitive unless knowledge of the Identifier.system allows the processer to be confident that non-case-sensitive processing is safe.","","","","","","<valueString xmlns=""http://hl7.org/fhir"" value=""123456""/>","","",,,,,"",,,,"Identifier.value",0,1,"","ele-1:All FHIR elements must have a @value or children {hasValue() or (children().count() > id.count())}
","II.extension or II.root if system indicates OID or GUID (Or Role.id.extension or root)"
"Claim.identifier:objid.period","Claim.identifier.period","","","",0,1,"","","Y","Period {[]} {[]}
","Time period when id is/was valid for use","Time period during which identifier is/was valid for use.","","","","","","","","","",,,,,"",,,,"Identifier.period",0,1,"","ele-1:All FHIR elements must have a @value or children {hasValue() or (children().count() > id.count())}
","Role.effectiveTime or implied by context"
"Claim.identifier:objid.assigner","Claim.identifier.assigner","","","",0,1,"","","Y","Reference {[]} {[CanonicalType[http://hl7.org/fhir/StructureDefinition/Organization|4.0.1]]}
","Organization that issued id (may be just text)","Organization that issued/manages the identifier.","The Identifier.assigner may omit the .reference element and only contain a .display element reflecting the name or other textual information about the assigning organization.","","","","","","","","",,,,,"",,,,"Identifier.assigner",0,1,"","ele-1:All FHIR elements must have a @value or children {hasValue() or (children().count() > id.count())}
","II.assigningAuthorityName but note that this is an improper use by the definition of the field.  Also Role.scoper"
"Claim.identifier:transNo","Claim.identifier","transNo","Claim Number
","",0,1,"Y","","","Identifier {[]} {[]}
","交易序號。[應填入 Identifier]","用以識別本筆服務紀錄所屬的申報交易。同一交易序號每次最多申報 5000 筆服務紀錄。","","Allows claims to be distinguished and referenced.","","","","","","","",,,,,"",,,,"Claim.identifier",0,*,"","ele-1:All FHIR elements must have a @value or children {hasValue() or (children().count() > id.count())}
","Request.identifier","FiveWs.identifier"
"Claim.identifier:transNo.id","Claim.identifier.id","","","",0,1,"","","","string {[]} {[]}
","Unique id for inter-element referencing","Unique id for the element within a resource (for internal references). This may be any string value that does not contain spaces.","","","","","","","","","",,,,,"",,,,"Element.id",0,1,"","","n/a"
"Claim.identifier:transNo.extension","Claim.identifier.extension","","extensions
user content","",0,*,"","","","Extension {[]} {[]}
","Additional content defined by implementations","May be used to represent additional information that is not part of the basic definition of the element. To make the use of extensions safe and manageable, there is a strict set of governance  applied to the definition and use of extensions. Though any implementer can define an extension, there is a set of requirements that SHALL be met as part of the definition of the extension.","There can be no stigma associated with the use of extensions by any application, project, or standard - regardless of the institution or jurisdiction that uses or defines the extensions.  The use of extensions is what allows the FHIR specification to retain a core level of simplicity for everyone.","","","","","","","","",,,,,"","value:url}
","Extensions are always sliced by (at least) url",,"open","Element.extension",0,*,"","ele-1:All FHIR elements must have a @value or children {hasValue() or (children().count() > id.count())}
ext-1:Must have either extensions or value[x], not both {extension.exists() != value.exists()}","n/a"
"Claim.identifier:transNo.use","Claim.identifier.use","","","",0,1,"","Y","Y","code {[]} {[]}
","usual | official | temp | secondary | old (If known)","The purpose of this identifier.","Applications can assume that an identifier is permanent unless it explicitly says that it is temporary.","Allows the appropriate identifier for a particular context of use to be selected from among a set of identifiers.","","","","","","","",,"required","Identifies the purpose for this identifier, if known .","http://hl7.org/fhir/ValueSet/identifier-use|4.0.1","",,,,"Identifier.use",0,1,"","ele-1:All FHIR elements must have a @value or children {hasValue() or (children().count() > id.count())}
","Role.code or implied by context"
"Claim.identifier:transNo.type","Claim.identifier.type","","","",0,1,"","","Y","CodeableConcept {[]} {[]}
","Description of identifier","A coded type for the identifier that can be used to determine which identifier to use for a specific purpose.","This element deals only with general categories of identifiers.  It SHOULD not be used for codes that correspond 1..1 with the Identifier.system. Some identifiers may fall into multiple categories due to common usage.   Where the system is known, a type is unnecessary because the type is always part of the system definition. However systems often need to handle identifiers where the system is not known. There is not a 1:1 relationship between type and system, since many different systems have the same type.","Allows users to make use of identifiers when the identifier system is not known.","","","","","","","",,"extensible","A coded type for an identifier that can be used to determine which identifier to use for a specific purpose.","http://hl7.org/fhir/ValueSet/identifier-type|4.0.1","",,,,"Identifier.type",0,1,"","ele-1:All FHIR elements must have a @value or children {hasValue() or (children().count() > id.count())}
","Role.code or implied by context"
"Claim.identifier:transNo.system","Claim.identifier.system","","","",1,1,"Y","","Y","uri {[]} {[]}
","The namespace for the identifier value","Establishes the namespace for the value - that is, a URL that describes a set values that are unique.","Identifier.system is always case sensitive.","There are many sets  of identifiers.  To perform matching of two identifiers, we need to know what set we're dealing with. The system identifies a particular set of unique identifiers.","","","","<valueUri xmlns=""http://hl7.org/fhir"" value=""http://ltc-ig.fhir.tw/identifier/feeaudit/trans-no""/>","<valueUri xmlns=""http://hl7.org/fhir"" value=""http://www.acme.com/identifiers/patient""/>","","",,,,,"",,,,"Identifier.system",0,1,"","ele-1:All FHIR elements must have a @value or children {hasValue() or (children().count() > id.count())}
","II.root or Role.id.root"
"Claim.identifier:transNo.value","Claim.identifier.value","","","",1,1,"Y","","Y","string {[]} {[]}
","交易序號。[應填入最長 10 個字元的字串]","The portion of the identifier typically relevant to the user and which is unique within the context of the system.","If the value is a full URI, then the system SHALL be urn:ietf:rfc:3986.  The value's primary purpose is computational mapping.  As a result, it may be normalized for comparison purposes (e.g. removing non-significant whitespace, dashes, etc.)  A value formatted for human display can be conveyed using the [Rendered Value extension](http://hl7.org/fhir/R4/extension-rendered-value.html). Identifier.value is to be treated as case sensitive unless knowledge of the Identifier.system allows the processer to be confident that non-case-sensitive processing is safe.","","","","","","<valueString xmlns=""http://hl7.org/fhir"" value=""123456""/>","","",,,,,"",,,,"Identifier.value",0,1,"","ele-1:All FHIR elements must have a @value or children {hasValue() or (children().count() > id.count())}
","II.extension or II.root if system indicates OID or GUID (Or Role.id.extension or root)"
"Claim.identifier:transNo.period","Claim.identifier.period","","","",0,1,"","","Y","Period {[]} {[]}
","Time period when id is/was valid for use","Time period during which identifier is/was valid for use.","","","","","","","","","",,,,,"",,,,"Identifier.period",0,1,"","ele-1:All FHIR elements must have a @value or children {hasValue() or (children().count() > id.count())}
","Role.effectiveTime or implied by context"
"Claim.identifier:transNo.assigner","Claim.identifier.assigner","","","",0,1,"","","Y","Reference {[]} {[CanonicalType[http://hl7.org/fhir/StructureDefinition/Organization|4.0.1]]}
","Organization that issued id (may be just text)","Organization that issued/manages the identifier.","The Identifier.assigner may omit the .reference element and only contain a .display element reflecting the name or other textual information about the assigning organization.","","","","","","","","",,,,,"",,,,"Identifier.assigner",0,1,"","ele-1:All FHIR elements must have a @value or children {hasValue() or (children().count() > id.count())}
","II.assigningAuthorityName but note that this is an improper use by the definition of the field.  Also Role.scoper"
"Claim.identifier:yyyymm","Claim.identifier","yyyymm","Claim Number
","",0,1,"Y","","","Identifier {[]} {[]}
","支審年月。[應填入 Identifier]","A unique identifier assigned to this claim.","","Allows claims to be distinguished and referenced.","","","","","","","",,,,,"",,,,"Claim.identifier",0,*,"","ele-1:All FHIR elements must have a @value or children {hasValue() or (children().count() > id.count())}
","Request.identifier","FiveWs.identifier"
"Claim.identifier:yyyymm.id","Claim.identifier.id","","","",0,1,"","","","string {[]} {[]}
","Unique id for inter-element referencing","Unique id for the element within a resource (for internal references). This may be any string value that does not contain spaces.","","","","","","","","","",,,,,"",,,,"Element.id",0,1,"","","n/a"
"Claim.identifier:yyyymm.extension","Claim.identifier.extension","","extensions
user content","",0,*,"","","","Extension {[]} {[]}
","Additional content defined by implementations","May be used to represent additional information that is not part of the basic definition of the element. To make the use of extensions safe and manageable, there is a strict set of governance  applied to the definition and use of extensions. Though any implementer can define an extension, there is a set of requirements that SHALL be met as part of the definition of the extension.","There can be no stigma associated with the use of extensions by any application, project, or standard - regardless of the institution or jurisdiction that uses or defines the extensions.  The use of extensions is what allows the FHIR specification to retain a core level of simplicity for everyone.","","","","","","","","",,,,,"","value:url}
","Extensions are always sliced by (at least) url",,"open","Element.extension",0,*,"","ele-1:All FHIR elements must have a @value or children {hasValue() or (children().count() > id.count())}
ext-1:Must have either extensions or value[x], not both {extension.exists() != value.exists()}","n/a"
"Claim.identifier:yyyymm.use","Claim.identifier.use","","","",0,1,"","Y","Y","code {[]} {[]}
","usual | official | temp | secondary | old (If known)","The purpose of this identifier.","Applications can assume that an identifier is permanent unless it explicitly says that it is temporary.","Allows the appropriate identifier for a particular context of use to be selected from among a set of identifiers.","","","","","","","",,"required","Identifies the purpose for this identifier, if known .","http://hl7.org/fhir/ValueSet/identifier-use|4.0.1","",,,,"Identifier.use",0,1,"","ele-1:All FHIR elements must have a @value or children {hasValue() or (children().count() > id.count())}
","Role.code or implied by context"
"Claim.identifier:yyyymm.type","Claim.identifier.type","","","",0,1,"","","Y","CodeableConcept {[]} {[]}
","Description of identifier","A coded type for the identifier that can be used to determine which identifier to use for a specific purpose.","This element deals only with general categories of identifiers.  It SHOULD not be used for codes that correspond 1..1 with the Identifier.system. Some identifiers may fall into multiple categories due to common usage.   Where the system is known, a type is unnecessary because the type is always part of the system definition. However systems often need to handle identifiers where the system is not known. There is not a 1:1 relationship between type and system, since many different systems have the same type.","Allows users to make use of identifiers when the identifier system is not known.","","","","","","","",,"extensible","A coded type for an identifier that can be used to determine which identifier to use for a specific purpose.","http://hl7.org/fhir/ValueSet/identifier-type|4.0.1","",,,,"Identifier.type",0,1,"","ele-1:All FHIR elements must have a @value or children {hasValue() or (children().count() > id.count())}
","Role.code or implied by context"
"Claim.identifier:yyyymm.system","Claim.identifier.system","","","",1,1,"Y","","Y","uri {[]} {[]}
","The namespace for the identifier value","Establishes the namespace for the value - that is, a URL that describes a set values that are unique.","Identifier.system is always case sensitive.","There are many sets  of identifiers.  To perform matching of two identifiers, we need to know what set we're dealing with. The system identifies a particular set of unique identifiers.","","","","<valueUri xmlns=""http://hl7.org/fhir"" value=""http://ltc-ig.fhir.tw/identifier/feeaudit/yyyymm""/>","<valueUri xmlns=""http://hl7.org/fhir"" value=""http://www.acme.com/identifiers/patient""/>","","",,,,,"",,,,"Identifier.system",0,1,"","ele-1:All FHIR elements must have a @value or children {hasValue() or (children().count() > id.count())}
","II.root or Role.id.root"
"Claim.identifier:yyyymm.value","Claim.identifier.value","","","",1,1,"Y","","Y","string {[]} {[]}
","支審年月。[應填入 6 碼西元年月，格式為 yyyyMM，例如 201901]","The portion of the identifier typically relevant to the user and which is unique within the context of the system.","If the value is a full URI, then the system SHALL be urn:ietf:rfc:3986.  The value's primary purpose is computational mapping.  As a result, it may be normalized for comparison purposes (e.g. removing non-significant whitespace, dashes, etc.)  A value formatted for human display can be conveyed using the [Rendered Value extension](http://hl7.org/fhir/R4/extension-rendered-value.html). Identifier.value is to be treated as case sensitive unless knowledge of the Identifier.system allows the processer to be confident that non-case-sensitive processing is safe.","","","","","","<valueString xmlns=""http://hl7.org/fhir"" value=""123456""/>","","",,,,,"",,,,"Identifier.value",0,1,"","ele-1:All FHIR elements must have a @value or children {hasValue() or (children().count() > id.count())}
","II.extension or II.root if system indicates OID or GUID (Or Role.id.extension or root)"
"Claim.identifier:yyyymm.period","Claim.identifier.period","","","",0,1,"","","Y","Period {[]} {[]}
","Time period when id is/was valid for use","Time period during which identifier is/was valid for use.","","","","","","","","","",,,,,"",,,,"Identifier.period",0,1,"","ele-1:All FHIR elements must have a @value or children {hasValue() or (children().count() > id.count())}
","Role.effectiveTime or implied by context"
"Claim.identifier:yyyymm.assigner","Claim.identifier.assigner","","","",0,1,"","","Y","Reference {[]} {[CanonicalType[http://hl7.org/fhir/StructureDefinition/Organization|4.0.1]]}
","Organization that issued id (may be just text)","Organization that issued/manages the identifier.","The Identifier.assigner may omit the .reference element and only contain a .display element reflecting the name or other textual information about the assigning organization.","","","","","","","","",,,,,"",,,,"Identifier.assigner",0,1,"","ele-1:All FHIR elements must have a @value or children {hasValue() or (children().count() > id.count())}
","II.assigningAuthorityName but note that this is an improper use by the definition of the field.  Also Role.scoper"
"Claim.status","Claim.status","","","",1,1,"Y","Y","Y","code {[]} {[]}
","申報單的狀態。[應填入 active]","The status of the resource instance.","This element is labeled as a modifier because the status contains codes that mark the resource as not currently valid.","Need to track the status of the resource as 'draft' resources may undergo further edits while 'active' resources are immutable and may only have their status changed to 'cancelled'.","","","","<valueCode xmlns=""http://hl7.org/fhir"" value=""active""/>","","","",,"required","A code specifying the state of the resource instance.","http://hl7.org/fhir/ValueSet/fm-status|4.0.1","",,,,"Claim.status",1,1,"","ele-1:All FHIR elements must have a @value or children {hasValue() or (children().count() > id.count())}
","Request.status","FiveWs.status"
"Claim.type","Claim.type","","","",1,1,"Y","","Y","CodeableConcept {[]} {[]}
","申報單的類別。[應填入 professional]","The category of claim, e.g. oral, pharmacy, vision, institutional, professional.","The majority of jurisdictions use: oral, pharmacy, vision, professional and institutional, or variants on those terms, as the general styles of claims. The valueset is extensible to accommodate other jurisdictional requirements.","Claim type determine the general sets of business rules applied for information requirements and adjudication.","","","","","","","",,"extensible","The type or discipline-style of the claim.","http://hl7.org/fhir/ValueSet/claim-type|4.0.1","",,,,"Claim.type",1,1,"","ele-1:All FHIR elements must have a @value or children {hasValue() or (children().count() > id.count())}
","FiveWs.class"
"Claim.type.id","Claim.type.id","","","",0,1,"","","","string {[]} {[]}
","Unique id for inter-element referencing","Unique id for the element within a resource (for internal references). This may be any string value that does not contain spaces.","","","","","","","","","",,,,,"",,,,"Element.id",0,1,"","","n/a"
"Claim.type.extension","Claim.type.extension","","extensions
user content","",0,*,"","","","Extension {[]} {[]}
","Additional content defined by implementations","May be used to represent additional information that is not part of the basic definition of the element. To make the use of extensions safe and manageable, there is a strict set of governance  applied to the definition and use of extensions. Though any implementer can define an extension, there is a set of requirements that SHALL be met as part of the definition of the extension.","There can be no stigma associated with the use of extensions by any application, project, or standard - regardless of the institution or jurisdiction that uses or defines the extensions.  The use of extensions is what allows the FHIR specification to retain a core level of simplicity for everyone.","","","","","","","","",,,,,"","value:url}
","Extensions are always sliced by (at least) url",,"open","Element.extension",0,*,"","ele-1:All FHIR elements must have a @value or children {hasValue() or (children().count() > id.count())}
ext-1:Must have either extensions or value[x], not both {extension.exists() != value.exists()}","n/a"
"Claim.type.coding","Claim.type.coding","","","",1,1,"Y","","Y","Coding {[]} {[]}
","Code defined by a terminology system","A reference to a code defined by a terminology system.","Codes may be defined very casually in enumerations, or code lists, up to very formal definitions such as SNOMED CT - see the HL7 v3 Core Principles for more information.  Ordering of codings is undefined and SHALL NOT be used to infer meaning. Generally, at most only one of the coding values will be labeled as UserSelected = true.","Allows for alternative encodings within a code system, and translations to other code systems.","","","","","","","",,,,,"",,,,"CodeableConcept.coding",0,*,"","ele-1:All FHIR elements must have a @value or children {hasValue() or (children().count() > id.count())}
","union(., ./translation)"
"Claim.type.coding.id","Claim.type.coding.id","","","",0,1,"","","","string {[]} {[]}
","Unique id for inter-element referencing","Unique id for the element within a resource (for internal references). This may be any string value that does not contain spaces.","","","","","","","","","",,,,,"",,,,"Element.id",0,1,"","","n/a"
"Claim.type.coding.extension","Claim.type.coding.extension","","extensions
user content","",0,*,"","","","Extension {[]} {[]}
","Additional content defined by implementations","May be used to represent additional information that is not part of the basic definition of the element. To make the use of extensions safe and manageable, there is a strict set of governance  applied to the definition and use of extensions. Though any implementer can define an extension, there is a set of requirements that SHALL be met as part of the definition of the extension.","There can be no stigma associated with the use of extensions by any application, project, or standard - regardless of the institution or jurisdiction that uses or defines the extensions.  The use of extensions is what allows the FHIR specification to retain a core level of simplicity for everyone.","","","","","","","","",,,,,"","value:url}
","Extensions are always sliced by (at least) url",,"open","Element.extension",0,*,"","ele-1:All FHIR elements must have a @value or children {hasValue() or (children().count() > id.count())}
ext-1:Must have either extensions or value[x], not both {extension.exists() != value.exists()}","n/a"
"Claim.type.coding.system","Claim.type.coding.system","","","",1,1,"Y","","Y","uri {[]} {[]}
","Identity of the terminology system","The identification of the code system that defines the meaning of the symbol in the code.","The URI may be an OID (urn:oid:...) or a UUID (urn:uuid:...).  OIDs and UUIDs SHALL be references to the HL7 OID registry. Otherwise, the URI should come from HL7's list of FHIR defined special URIs or it should reference to some definition that establishes the system clearly and unambiguously.","Need to be unambiguous about the source of the definition of the symbol.","","","","<valueUri xmlns=""http://hl7.org/fhir"" value=""http://terminology.hl7.org/CodeSystem/claim-type""/>","","","",,,,,"",,,,"Coding.system",0,1,"","ele-1:All FHIR elements must have a @value or children {hasValue() or (children().count() > id.count())}
","./codeSystem"
"Claim.type.coding.version","Claim.type.coding.version","","","",0,1,"","","Y","string {[]} {[]}
","Version of the system - if relevant","The version of the code system which was used when choosing this code. Note that a well-maintained code system does not need the version reported, because the meaning of codes is consistent across versions. However this cannot consistently be assured, and when the meaning is not guaranteed to be consistent, the version SHOULD be exchanged.","Where the terminology does not clearly define what string should be used to identify code system versions, the recommendation is to use the date (expressed in FHIR date format) on which that version was officially published as the version date.","","","","","","","","",,,,,"",,,,"Coding.version",0,1,"","ele-1:All FHIR elements must have a @value or children {hasValue() or (children().count() > id.count())}
","./codeSystemVersion"
"Claim.type.coding.code","Claim.type.coding.code","","","",1,1,"Y","","Y","code {[]} {[]}
","Symbol in syntax defined by the system","A symbol in syntax defined by the system. The symbol may be a predefined code or an expression in a syntax defined by the coding system (e.g. post-coordination).","","Need to refer to a particular code in the system.","","","","<valueCode xmlns=""http://hl7.org/fhir"" value=""professional""/>","","","",,,,,"",,,,"Coding.code",0,1,"","ele-1:All FHIR elements must have a @value or children {hasValue() or (children().count() > id.count())}
","./code"
"Claim.type.coding.display","Claim.type.coding.display","","","",0,1,"","","Y","string {[]} {[]}
","Representation defined by the system","A representation of the meaning of the code in the system, following the rules of the system.","","Need to be able to carry a human-readable meaning of the code for readers that do not know  the system.","","","","","","","",,,,,"",,,,"Coding.display",0,1,"","ele-1:All FHIR elements must have a @value or children {hasValue() or (children().count() > id.count())}
","CV.displayName"
"Claim.type.coding.userSelected","Claim.type.coding.userSelected","","","",0,1,"","","Y","boolean {[]} {[]}
","If this coding was chosen directly by the user","Indicates that this coding was chosen by a user directly - e.g. off a pick list of available items (codes or displays).","Amongst a set of alternatives, a directly chosen code is the most appropriate starting point for new translations. There is some ambiguity about what exactly 'directly chosen' implies, and trading partner agreement may be needed to clarify the use of this element and its consequences more completely.","This has been identified as a clinical safety criterium - that this exact system/code pair was chosen explicitly, rather than inferred by the system based on some rules or language processing.","","","","","","","",,,,,"",,,,"Coding.userSelected",0,1,"","ele-1:All FHIR elements must have a @value or children {hasValue() or (children().count() > id.count())}
","CD.codingRationale"
"Claim.type.text","Claim.type.text","","","",0,1,"","","Y","string {[]} {[]}
","Plain text representation of the concept","A human language representation of the concept as seen/selected/uttered by the user who entered the data and/or which represents the intended meaning of the user.","Very often the text is the same as a displayName of one of the codings.","The codes from the terminologies do not always capture the correct meaning with all the nuances of the human using them, or sometimes there is no appropriate code at all. In these cases, the text is used to capture the full meaning of the source.","","","","","","","",,,,,"",,,,"CodeableConcept.text",0,1,"","ele-1:All FHIR elements must have a @value or children {hasValue() or (children().count() > id.count())}
","./originalText[mediaType/code=""text/plain""]/data"
"Claim.subType","Claim.subType","","","",0,1,"","","","CodeableConcept {[]} {[]}
","More granular claim type","A finer grained suite of claim type codes which may convey additional information such as Inpatient vs Outpatient and/or a specialty service.","This may contain the local bill type codes, for example the US UB-04 bill type code or the CMS bill type.","Some jurisdictions need a finer grained claim type for routing and adjudication.","","","","","","","",,"example","A more granular claim typecode.","http://hl7.org/fhir/ValueSet/claim-subtype|4.0.1","",,,,"Claim.subType",0,1,"","ele-1:All FHIR elements must have a @value or children {hasValue() or (children().count() > id.count())}
","FiveWs.class"
"Claim.use","Claim.use","","","",1,1,"Y","","Y","code {[]} {[]}
","申報單的用途。[應填入 claim]","A code to indicate whether the nature of the request is: to request adjudication of products and services previously rendered; or requesting authorization and adjudication for provision in the future; or requesting the non-binding adjudication of the listed products and services which could be provided in the future.","","This element is required to understand the nature of the request for adjudication.","","","","<valueCode xmlns=""http://hl7.org/fhir"" value=""claim""/>","","","",,"required","The purpose of the Claim: predetermination, preauthorization, claim.","http://hl7.org/fhir/ValueSet/claim-use|4.0.1","",,,,"Claim.use",1,1,"","ele-1:All FHIR elements must have a @value or children {hasValue() or (children().count() > id.count())}
","FiveWs.class"
"Claim.patient","Claim.patient","","","",1,1,"Y","","Y","Reference {[]} {[CanonicalType[http://ltc-ig.fhir.tw/StructureDefinition/LTCPatient]]}
","接受服務的個案。[應填入對應 Patient 的 Reference]","應參照符合 LTCPatient 的個案資料。","","The patient must be supplied to the insurer so that confirmation of coverage and service history may be considered as part of the authorization and/or adjudiction.","","","","","","","",,,,,"",,,,"Claim.patient",1,1,"","ele-1:All FHIR elements must have a @value or children {hasValue() or (children().count() > id.count())}
","Request.subject","FiveWs.subject[x]","FiveWs.subject"
"Claim.billablePeriod","Claim.billablePeriod","","","",0,1,"","","Y","Period {[]} {[]}
","Relevant time frame for the claim","The period for which charges are being submitted.","Typically this would be today or in the past for a claim, and today or in the future for preauthorizations and predeterminations. Typically line item dates of service should fall within the billing period if one is specified.","A number jurisdictions required the submission of the billing period when submitting claims for example for hospital stays or long-term care.","","","","","","","",,,,,"",,,,"Claim.billablePeriod",0,1,"","ele-1:All FHIR elements must have a @value or children {hasValue() or (children().count() > id.count())}
","FiveWs.done[x]"
"Claim.created","Claim.created","","","",1,1,"Y","","Y","dateTime {[]} {[]}
","申報單的建立時間。[應填入日期時間，例如 2026-09-17T09:30:00+08:00]","The date this resource was created.","This field is independent of the date of creation of the resource as it may reflect the creation date of a source document prior to digitization. Typically for claims all services must be completed as of this date.","Need to record a timestamp for use by both the recipient and the issuer.","","","","","","","",,,,,"",,,,"Claim.created",1,1,"","ele-1:All FHIR elements must have a @value or children {hasValue() or (children().count() > id.count())}
","Request.authoredOn","FiveWs.recorded"
"Claim.enterer","Claim.enterer","","","",0,1,"","","","Reference {[]} {[CanonicalType[http://hl7.org/fhir/StructureDefinition/Practitioner|4.0.1], CanonicalType[http://hl7.org/fhir/StructureDefinition/PractitionerRole|4.0.1]]}
","Author of the claim","Individual who created the claim, predetermination or preauthorization.","","Some jurisdictions require the contact information for personnel completing claims.","","","","","","","",,,,,"",,,,"Claim.enterer",0,1,"","ele-1:All FHIR elements must have a @value or children {hasValue() or (children().count() > id.count())}
","FiveWs.author"
"Claim.insurer","Claim.insurer","","","",0,1,"Y","","Y","Reference {[]} {[CanonicalType[http://hl7.org/fhir/StructureDefinition/Organization|4.0.1]]}
","受理審查的主管機關。[應填入對應 Organization 的 Reference]","The Insurer who is target of the request.","","","","","","","","","",,,,,"",,,,"Claim.insurer",0,1,"","ele-1:All FHIR elements must have a @value or children {hasValue() or (children().count() > id.count())}
","Request.performer"
"Claim.provider","Claim.provider","","","",1,1,"Y","","Y","Reference {[]} {[CanonicalType[http://ltc-ig.fhir.tw/StructureDefinition/Organization-twltc]]}
","提出申報的特約服務單位。[應填入對應 Organization 的 Reference]","The provider which is responsible for the claim, predetermination or preauthorization.","Typically this field would be 1..1 where this party is responsible for the claim but not necessarily professionally responsible for the provision of the individual products and services listed below.","","","","","","","","",,,,,"",,,,"Claim.provider",1,1,"","ele-1:All FHIR elements must have a @value or children {hasValue() or (children().count() > id.count())}
","Request.requester","FiveWs.source"
"Claim.priority","Claim.priority","","","",1,1,"","","Y","CodeableConcept {[]} {[]}
","申報處理的優先順序，長照申報一般填入 normal。","The provider-required urgency of processing the request. Typical values include: stat, routine deferred.","If a claim processor is unable to complete the processing as per the priority then they should generate and error and not process the request.","The provider may need to indicate their processing requirements so that the processor can indicate if they are unable to comply.","","","","","","","",,"example","The timeliness with which processing is required: stat, normal, deferred.","http://hl7.org/fhir/ValueSet/process-priority|4.0.1","",,,,"Claim.priority",1,1,"","ele-1:All FHIR elements must have a @value or children {hasValue() or (children().count() > id.count())}
","Request.priority"
"Claim.fundsReserve","Claim.fundsReserve","","Fund pre-allocation
","",0,1,"","","","CodeableConcept {[]} {[]}
","For whom to reserve funds","A code to indicate whether and for whom funds are to be reserved for future claims.","This field is only used for preauthorizations.","In the case of a Pre-Determination/Pre-Authorization the provider may request that funds in the amount of the expected Benefit be reserved ('Patient' or 'Provider') to pay for the Benefits determined on the subsequent claim(s). 'None' explicitly indicates no funds reserving is requested.","","","","","","","",,"example","For whom funds are to be reserved: (Patient, Provider, None).","http://hl7.org/fhir/ValueSet/fundsreserve|4.0.1","",,,,"Claim.fundsReserve",0,1,"","ele-1:All FHIR elements must have a @value or children {hasValue() or (children().count() > id.count())}
"
"Claim.related","Claim.related","","","",0,*,"","","","BackboneElement {[]} {[]}
","Prior or corollary claims","Other claims which are related to this claim such as prior submissions or claims for related services or for the same event.","For example,  for the original treatment and follow-up exams.","For workplace or other accidents it is common to relate separate claims arising from the same event.","","","","","","","",,,,,"",,,,"Claim.related",0,*,"","ele-1:All FHIR elements must have a @value or children {hasValue() or (children().count() > id.count())}
"
"Claim.related.id","Claim.related.id","","","",0,1,"","","","string {[]} {[]}
","Unique id for inter-element referencing","Unique id for the element within a resource (for internal references). This may be any string value that does not contain spaces.","","","","","","","","","",,,,,"",,,,"Element.id",0,1,"","","n/a"
"Claim.related.extension","Claim.related.extension","","extensions
user content","",0,*,"","","","Extension {[]} {[]}
","Additional content defined by implementations","May be used to represent additional information that is not part of the basic definition of the element. To make the use of extensions safe and manageable, there is a strict set of governance  applied to the definition and use of extensions. Though any implementer can define an extension, there is a set of requirements that SHALL be met as part of the definition of the extension.","There can be no stigma associated with the use of extensions by any application, project, or standard - regardless of the institution or jurisdiction that uses or defines the extensions.  The use of extensions is what allows the FHIR specification to retain a core level of simplicity for everyone.","","","","","","","","",,,,,"",,,,"Element.extension",0,*,"","ele-1:All FHIR elements must have a @value or children {hasValue() or (children().count() > id.count())}
ext-1:Must have either extensions or value[x], not both {extension.exists() != value.exists()}","n/a"
"Claim.related.modifierExtension","Claim.related.modifierExtension","","extensions
user contentmodifiers","",0,*,"","Y","Y","Extension {[]} {[]}
","Extensions that cannot be ignored even if unrecognized","May be used to represent additional information that is not part of the basic definition of the element and that modifies the understanding of the element in which it is contained and/or the understanding of the containing element's descendants. Usually modifier elements provide negation or qualification. To make the use of extensions safe and manageable, there is a strict set of governance applied to the definition and use of extensions. Though any implementer can define an extension, there is a set of requirements that SHALL be met as part of the definition of the extension. Applications processing a resource are required to check for modifier extensions.

Modifier extensions SHALL NOT change the meaning of any elements on Resource or DomainResource (including cannot change the meaning of modifierExtension itself).","There can be no stigma associated with the use of extensions by any application, project, or standard - regardless of the institution or jurisdiction that uses or defines the extensions.  The use of extensions is what allows the FHIR specification to retain a core level of simplicity for everyone.","Modifier extensions allow for extensions that *cannot* be safely ignored to be clearly distinguished from the vast majority of extensions which can be safely ignored.  This promotes interoperability by eliminating the need for implementers to prohibit the presence of extensions. For further information, see the [definition of modifier extensions](http://hl7.org/fhir/R4/extensibility.html#modifierExtension).","","","","","","","",,,,,"",,,,"BackboneElement.modifierExtension",0,*,"","ele-1:All FHIR elements must have a @value or children {hasValue() or (children().count() > id.count())}
ext-1:Must have either extensions or value[x], not both {extension.exists() != value.exists()}","N/A"
"Claim.related.claim","Claim.related.claim","","","",0,1,"","","","Reference {[]} {[CanonicalType[http://hl7.org/fhir/StructureDefinition/Claim|4.0.1]]}
","Reference to the related claim","Reference to a related claim.","","For workplace or other accidents it is common to relate separate claims arising from the same event.","","","","","","","",,,,,"",,,,"Claim.related.claim",0,1,"","ele-1:All FHIR elements must have a @value or children {hasValue() or (children().count() > id.count())}
","Request.replaces"
"Claim.related.relationship","Claim.related.relationship","","","",0,1,"","","","CodeableConcept {[]} {[]}
","How the reference claim is related","A code to convey how the claims are related.","For example, prior claim or umbrella.","Some insurers need a declaration of the type of relationship.","","","","","","","",,"example","Relationship of this claim to a related Claim.","http://hl7.org/fhir/ValueSet/related-claim-relationship|4.0.1","",,,,"Claim.related.relationship",0,1,"","ele-1:All FHIR elements must have a @value or children {hasValue() or (children().count() > id.count())}
"
"Claim.related.reference","Claim.related.reference","","","",0,1,"","","","Identifier {[]} {[]}
","File or case reference","An alternate organizational reference to the case or file to which this particular claim pertains.","For example, Property/Casualty insurer claim # or Workers Compensation case # .","In cases where an event-triggered claim is being submitted to an insurer which requires a reference number to be specified on all exchanges.","","","","","","","",,,,,"",,,,"Claim.related.reference",0,1,"","ele-1:All FHIR elements must have a @value or children {hasValue() or (children().count() > id.count())}
"
"Claim.prescription","Claim.prescription","","","",0,1,"","","","Reference {[]} {[CanonicalType[http://hl7.org/fhir/StructureDefinition/DeviceRequest|4.0.1], CanonicalType[http://hl7.org/fhir/StructureDefinition/MedicationRequest|4.0.1], CanonicalType[http://hl7.org/fhir/StructureDefinition/VisionPrescription|4.0.1]]}
","Prescription authorizing services and products","Prescription to support the dispensing of pharmacy, device or vision products.","","Required to authorize the dispensing of controlled substances and devices.","","","","","","","",,,,,"",,,,"Claim.prescription",0,1,"","ele-1:All FHIR elements must have a @value or children {hasValue() or (children().count() > id.count())}
"
"Claim.originalPrescription","Claim.originalPrescription","","","",0,1,"","","","Reference {[]} {[CanonicalType[http://hl7.org/fhir/StructureDefinition/DeviceRequest|4.0.1], CanonicalType[http://hl7.org/fhir/StructureDefinition/MedicationRequest|4.0.1], CanonicalType[http://hl7.org/fhir/StructureDefinition/VisionPrescription|4.0.1]]}
","Original prescription if superseded by fulfiller","Original prescription which has been superseded by this prescription to support the dispensing of pharmacy services, medications or products.","For example, a physician may prescribe a medication which the pharmacy determines is contraindicated, or for which the patient has an intolerance, and therefore issues a new prescription for an alternate medication which has the same therapeutic intent. The prescription from the pharmacy becomes the 'prescription' and that from the physician becomes the 'original prescription'.","Often required when a fulfiller varies what is fulfilled from that authorized on the original prescription.","","","","","","","",,,,,"",,,,"Claim.originalPrescription",0,1,"","ele-1:All FHIR elements must have a @value or children {hasValue() or (children().count() > id.count())}
"
"Claim.payee","Claim.payee","","","",0,1,"","","","BackboneElement {[]} {[]}
","Recipient of benefits payable","The party to be reimbursed for cost of the products and services according to the terms of the policy.","Often providers agree to receive the benefits payable to reduce the near-term costs to the patient. The insurer may decline to pay the provider and choose to pay the subscriber instead.","The provider needs to specify who they wish to be reimbursed and the claims processor needs express who they will reimburse.","","","","","","","",,,,,"",,,,"Claim.payee",0,1,"","ele-1:All FHIR elements must have a @value or children {hasValue() or (children().count() > id.count())}
"
"Claim.payee.id","Claim.payee.id","","","",0,1,"","","","string {[]} {[]}
","Unique id for inter-element referencing","Unique id for the element within a resource (for internal references). This may be any string value that does not contain spaces.","","","","","","","","","",,,,,"",,,,"Element.id",0,1,"","","n/a"
"Claim.payee.extension","Claim.payee.extension","","extensions
user content","",0,*,"","","","Extension {[]} {[]}
","Additional content defined by implementations","May be used to represent additional information that is not part of the basic definition of the element. To make the use of extensions safe and manageable, there is a strict set of governance  applied to the definition and use of extensions. Though any implementer can define an extension, there is a set of requirements that SHALL be met as part of the definition of the extension.","There can be no stigma associated with the use of extensions by any application, project, or standard - regardless of the institution or jurisdiction that uses or defines the extensions.  The use of extensions is what allows the FHIR specification to retain a core level of simplicity for everyone.","","","","","","","","",,,,,"",,,,"Element.extension",0,*,"","ele-1:All FHIR elements must have a @value or children {hasValue() or (children().count() > id.count())}
ext-1:Must have either extensions or value[x], not both {extension.exists() != value.exists()}","n/a"
"Claim.payee.modifierExtension","Claim.payee.modifierExtension","","extensions
user contentmodifiers","",0,*,"","Y","Y","Extension {[]} {[]}
","Extensions that cannot be ignored even if unrecognized","May be used to represent additional information that is not part of the basic definition of the element and that modifies the understanding of the element in which it is contained and/or the understanding of the containing element's descendants. Usually modifier elements provide negation or qualification. To make the use of extensions safe and manageable, there is a strict set of governance applied to the definition and use of extensions. Though any implementer can define an extension, there is a set of requirements that SHALL be met as part of the definition of the extension. Applications processing a resource are required to check for modifier extensions.

Modifier extensions SHALL NOT change the meaning of any elements on Resource or DomainResource (including cannot change the meaning of modifierExtension itself).","There can be no stigma associated with the use of extensions by any application, project, or standard - regardless of the institution or jurisdiction that uses or defines the extensions.  The use of extensions is what allows the FHIR specification to retain a core level of simplicity for everyone.","Modifier extensions allow for extensions that *cannot* be safely ignored to be clearly distinguished from the vast majority of extensions which can be safely ignored.  This promotes interoperability by eliminating the need for implementers to prohibit the presence of extensions. For further information, see the [definition of modifier extensions](http://hl7.org/fhir/R4/extensibility.html#modifierExtension).","","","","","","","",,,,,"",,,,"BackboneElement.modifierExtension",0,*,"","ele-1:All FHIR elements must have a @value or children {hasValue() or (children().count() > id.count())}
ext-1:Must have either extensions or value[x], not both {extension.exists() != value.exists()}","N/A"
"Claim.payee.type","Claim.payee.type","","","",1,1,"","","","CodeableConcept {[]} {[]}
","Category of recipient","Type of Party to be reimbursed: subscriber, provider, other.","","Need to know who should receive payment with the most common situations being the Provider (assignment of benefits) or the Subscriber.","","","","","","","",,"example","A code for the party to be reimbursed.","http://hl7.org/fhir/ValueSet/payeetype|4.0.1","",,,,"Claim.payee.type",1,1,"","ele-1:All FHIR elements must have a @value or children {hasValue() or (children().count() > id.count())}
"
"Claim.payee.party","Claim.payee.party","","","",0,1,"","","","Reference {[]} {[CanonicalType[http://hl7.org/fhir/StructureDefinition/Practitioner|4.0.1], CanonicalType[http://hl7.org/fhir/StructureDefinition/PractitionerRole|4.0.1], CanonicalType[http://hl7.org/fhir/StructureDefinition/Organization|4.0.1], CanonicalType[http://hl7.org/fhir/StructureDefinition/Patient|4.0.1], CanonicalType[http://hl7.org/fhir/StructureDefinition/RelatedPerson|4.0.1]]}
","Recipient reference","Reference to the individual or organization to whom any payment will be made.","Not required if the payee is 'subscriber' or 'provider'.","Need to provide demographics if the payee is not 'subscriber' nor 'provider'.","","","","","","","",,,,,"",,,,"Claim.payee.party",0,1,"","ele-1:All FHIR elements must have a @value or children {hasValue() or (children().count() > id.count())}
"
"Claim.referral","Claim.referral","","","",0,1,"","","","Reference {[]} {[CanonicalType[http://hl7.org/fhir/StructureDefinition/ServiceRequest|4.0.1]]}
","Treatment referral","A reference to a referral resource.","The referral resource which lists the date, practitioner, reason and other supporting information.","Some insurers require proof of referral to pay for services or to pay specialist rates for services.","","","","","","","",,,,,"",,,,"Claim.referral",0,1,"","ele-1:All FHIR elements must have a @value or children {hasValue() or (children().count() > id.count())}
","FiveWs.cause"
"Claim.facility","Claim.facility","","","",0,1,"","","","Reference {[]} {[CanonicalType[http://hl7.org/fhir/StructureDefinition/Location|4.0.1]]}
","Servicing facility","Facility where the services were provided.","","Insurance adjudication can be dependant on where services were delivered.","","","","","","","",,,,,"",,,,"Claim.facility",0,1,"","ele-1:All FHIR elements must have a @value or children {hasValue() or (children().count() > id.count())}
","FiveWs.where[x]"
"Claim.careTeam","Claim.careTeam","","","",0,*,"Y","","","BackboneElement {[]} {[]}
","提供服務的照顧服務員","每位照顧服務員分別填寫，序號由 1 起依序編列。申報 AA00、B 碼、G 碼、SC 碼、C 碼、BD03 或 DA01 時，應至少填寫第一位照顧服務員。","","Common to identify the responsible and supporting practitioners.","","","","","","","",,,,,"",,,,"Claim.careTeam",0,*,"","ele-1:All FHIR elements must have a @value or children {hasValue() or (children().count() > id.count())}
"
"Claim.careTeam.id","Claim.careTeam.id","","","",0,1,"","","","string {[]} {[]}
","Unique id for inter-element referencing","Unique id for the element within a resource (for internal references). This may be any string value that does not contain spaces.","","","","","","","","","",,,,,"",,,,"Element.id",0,1,"","","n/a"
"Claim.careTeam.extension","Claim.careTeam.extension","","extensions
user content","",0,*,"","","","Extension {[]} {[]}
","Additional content defined by implementations","May be used to represent additional information that is not part of the basic definition of the element. To make the use of extensions safe and manageable, there is a strict set of governance  applied to the definition and use of extensions. Though any implementer can define an extension, there is a set of requirements that SHALL be met as part of the definition of the extension.","There can be no stigma associated with the use of extensions by any application, project, or standard - regardless of the institution or jurisdiction that uses or defines the extensions.  The use of extensions is what allows the FHIR specification to retain a core level of simplicity for everyone.","","","","","","","","",,,,,"",,,,"Element.extension",0,*,"","ele-1:All FHIR elements must have a @value or children {hasValue() or (children().count() > id.count())}
ext-1:Must have either extensions or value[x], not both {extension.exists() != value.exists()}","n/a"
"Claim.careTeam.modifierExtension","Claim.careTeam.modifierExtension","","extensions
user contentmodifiers","",0,*,"","Y","Y","Extension {[]} {[]}
","Extensions that cannot be ignored even if unrecognized","May be used to represent additional information that is not part of the basic definition of the element and that modifies the understanding of the element in which it is contained and/or the understanding of the containing element's descendants. Usually modifier elements provide negation or qualification. To make the use of extensions safe and manageable, there is a strict set of governance applied to the definition and use of extensions. Though any implementer can define an extension, there is a set of requirements that SHALL be met as part of the definition of the extension. Applications processing a resource are required to check for modifier extensions.

Modifier extensions SHALL NOT change the meaning of any elements on Resource or DomainResource (including cannot change the meaning of modifierExtension itself).","There can be no stigma associated with the use of extensions by any application, project, or standard - regardless of the institution or jurisdiction that uses or defines the extensions.  The use of extensions is what allows the FHIR specification to retain a core level of simplicity for everyone.","Modifier extensions allow for extensions that *cannot* be safely ignored to be clearly distinguished from the vast majority of extensions which can be safely ignored.  This promotes interoperability by eliminating the need for implementers to prohibit the presence of extensions. For further information, see the [definition of modifier extensions](http://hl7.org/fhir/R4/extensibility.html#modifierExtension).","","","","","","","",,,,,"",,,,"BackboneElement.modifierExtension",0,*,"","ele-1:All FHIR elements must have a @value or children {hasValue() or (children().count() > id.count())}
ext-1:Must have either extensions or value[x], not both {extension.exists() != value.exists()}","N/A"
"Claim.careTeam.sequence","Claim.careTeam.sequence","","","",1,1,"Y","","","positiveInt {[]} {[]}
","照顧服務員的序號。[應依序填入 1 至 5 的整數]","A number to uniquely identify care team entries.","","Necessary to maintain the order of the care team and provide a mechanism to link individuals to claim details.","","","","","","","",,,,,"",,,,"Claim.careTeam.sequence",1,1,"","ele-1:All FHIR elements must have a @value or children {hasValue() or (children().count() > id.count())}
"
"Claim.careTeam.provider","Claim.careTeam.provider","","","",1,1,"Y","","","Reference {[]} {[CanonicalType[http://ltc-ig.fhir.tw/StructureDefinition/LTCPractitioner], CanonicalType[http://ltc-ig.fhir.tw/StructureDefinition/LTCPractitionerRole], CanonicalType[http://ltc-ig.fhir.tw/StructureDefinition/Organization-twltc]]}
","照顧服務員或服務提供者。[應填入對應 Practitioner、PractitionerRole 或 Organization 的 Reference]","Member of the team who provided the product or service.","","Often a regulatory requirement to specify the responsible provider.","","","","","","","",,,,,"",,,,"Claim.careTeam.provider",1,1,"","ele-1:All FHIR elements must have a @value or children {hasValue() or (children().count() > id.count())}
","FiveWs.actor"
"Claim.careTeam.responsible","Claim.careTeam.responsible","","","",0,1,"","","","boolean {[]} {[]}
","Indicator of the lead practitioner","The party who is billing and/or responsible for the claimed products or services.","Responsible might not be required when there is only a single provider listed.","When multiple parties are present it is required to distinguish the lead or responsible individual.","","","","","","","",,,,,"",,,,"Claim.careTeam.responsible",0,1,"","ele-1:All FHIR elements must have a @value or children {hasValue() or (children().count() > id.count())}
"
"Claim.careTeam.role","Claim.careTeam.role","","","",0,1,"","","","CodeableConcept {[]} {[]}
","Function within the team","The lead, assisting or supervising practitioner and their discipline if a multidisciplinary team.","Role might not be required when there is only a single provider listed.","When multiple parties are present it is required to distinguish the roles performed by each member.","","","","","","","",,"example","The role codes for the care team members.","http://hl7.org/fhir/ValueSet/claim-careteamrole|4.0.1","",,,,"Claim.careTeam.role",0,1,"","ele-1:All FHIR elements must have a @value or children {hasValue() or (children().count() > id.count())}
"
"Claim.careTeam.qualification","Claim.careTeam.qualification","","","",0,1,"","","","CodeableConcept {[]} {[]}
","Practitioner credential or specialization","The qualification of the practitioner which is applicable for this service.","","Need to specify which qualification a provider is delivering the product or service under.","","","","","","","",,"example","Provider professional qualifications.","http://hl7.org/fhir/ValueSet/provider-qualification|4.0.1","",,,,"Claim.careTeam.qualification",0,1,"","ele-1:All FHIR elements must have a @value or children {hasValue() or (children().count() > id.count())}
"
"Claim.supportingInfo","Claim.supportingInfo","","Attachments
Exception Codes
Occurrence Codes
Value codes
","",0,*,"Y","","","BackboneElement {[]} {[]}
","服務紀錄的補充資料，應依申報的照顧組合代碼填寫。","應依各 Slice 說明的適用服務與填寫條件提供資料。代碼類資料填入 code，文字、布林值、數量或地點參照則填入各 Slice 指定的 value[x]。","Often there are multiple jurisdiction specific valuesets which are required.","Typically these information codes are required to support the services rendered or the adjudication of the services rendered.","","","","","","","",,,,,"","pattern:category}
","",,"open","Claim.supportingInfo",0,*,"","ele-1:All FHIR elements must have a @value or children {hasValue() or (children().count() > id.count())}
","Request.supportingInfo"
"Claim.supportingInfo.id","Claim.supportingInfo.id","","","",0,1,"","","","string {[]} {[]}
","Unique id for inter-element referencing","Unique id for the element within a resource (for internal references). This may be any string value that does not contain spaces.","","","","","","","","","",,,,,"",,,,"Element.id",0,1,"","","n/a"
"Claim.supportingInfo.extension","Claim.supportingInfo.extension","","extensions
user content","",0,*,"","","","Extension {[]} {[]}
","Additional content defined by implementations","May be used to represent additional information that is not part of the basic definition of the element. To make the use of extensions safe and manageable, there is a strict set of governance  applied to the definition and use of extensions. Though any implementer can define an extension, there is a set of requirements that SHALL be met as part of the definition of the extension.","There can be no stigma associated with the use of extensions by any application, project, or standard - regardless of the institution or jurisdiction that uses or defines the extensions.  The use of extensions is what allows the FHIR specification to retain a core level of simplicity for everyone.","","","","","","","","",,,,,"",,,,"Element.extension",0,*,"","ele-1:All FHIR elements must have a @value or children {hasValue() or (children().count() > id.count())}
ext-1:Must have either extensions or value[x], not both {extension.exists() != value.exists()}","n/a"
"Claim.supportingInfo.modifierExtension","Claim.supportingInfo.modifierExtension","","extensions
user contentmodifiers","",0,*,"","Y","Y","Extension {[]} {[]}
","Extensions that cannot be ignored even if unrecognized","May be used to represent additional information that is not part of the basic definition of the element and that modifies the understanding of the element in which it is contained and/or the understanding of the containing element's descendants. Usually modifier elements provide negation or qualification. To make the use of extensions safe and manageable, there is a strict set of governance applied to the definition and use of extensions. Though any implementer can define an extension, there is a set of requirements that SHALL be met as part of the definition of the extension. Applications processing a resource are required to check for modifier extensions.

Modifier extensions SHALL NOT change the meaning of any elements on Resource or DomainResource (including cannot change the meaning of modifierExtension itself).","There can be no stigma associated with the use of extensions by any application, project, or standard - regardless of the institution or jurisdiction that uses or defines the extensions.  The use of extensions is what allows the FHIR specification to retain a core level of simplicity for everyone.","Modifier extensions allow for extensions that *cannot* be safely ignored to be clearly distinguished from the vast majority of extensions which can be safely ignored.  This promotes interoperability by eliminating the need for implementers to prohibit the presence of extensions. For further information, see the [definition of modifier extensions](http://hl7.org/fhir/R4/extensibility.html#modifierExtension).","","","","","","","",,,,,"",,,,"BackboneElement.modifierExtension",0,*,"","ele-1:All FHIR elements must have a @value or children {hasValue() or (children().count() > id.count())}
ext-1:Must have either extensions or value[x], not both {extension.exists() != value.exists()}","N/A"
"Claim.supportingInfo.sequence","Claim.supportingInfo.sequence","","","",1,1,"","","","positiveInt {[]} {[]}
","Information instance identifier","A number to uniquely identify supporting information entries.","","Necessary to maintain the order of the supporting information items and provide a mechanism to link to claim details.","","","","","","","",,,,,"",,,,"Claim.supportingInfo.sequence",1,1,"","ele-1:All FHIR elements must have a @value or children {hasValue() or (children().count() > id.count())}
"
"Claim.supportingInfo.category","Claim.supportingInfo.category","","","",1,1,"","","","CodeableConcept {[]} {[]}
","補充資料的類別。[應填入支付審查服務紀錄補充資訊類別代碼]","The general class of the information supplied: information; exception; accident, employment; onset, etc.","This may contain a category for the local bill type codes.","Required to group or associate information items with common characteristics. For example: admission information or prior treatments.","","","","","","","",,"extensible","","http://ltc-ig.fhir.tw/ValueSet/vs-tw-ltc-feeaudit-supporting-info","",,,,"Claim.supportingInfo.category",1,1,"","ele-1:All FHIR elements must have a @value or children {hasValue() or (children().count() > id.count())}
"
"Claim.supportingInfo.code","Claim.supportingInfo.code","","","",0,1,"","","","CodeableConcept {[]} {[]}
","補充資料的代碼。[應依資料類別填入對應 Slice 值集的代碼]","System and code pertaining to the specific information regarding special conditions relating to the setting, treatment or patient  for which care is sought.","","Required to identify the kind of additional information.","","","","","","","",,"example","The valuset used for additional information codes.","http://hl7.org/fhir/ValueSet/claim-exception|4.0.1","",,,,"Claim.supportingInfo.code",0,1,"","ele-1:All FHIR elements must have a @value or children {hasValue() or (children().count() > id.count())}
"
"Claim.supportingInfo.timing[x]","Claim.supportingInfo.timing[x]","","","",0,1,"","","","date {[]} {[]}
Period {[]} {[]}","When it occurred","The date when or period to which this information refers.","","","","","","","","","",,,,,"",,,,"Claim.supportingInfo.timing[x]",0,1,"","ele-1:All FHIR elements must have a @value or children {hasValue() or (children().count() > id.count())}
"
"Claim.supportingInfo.value[x]","Claim.supportingInfo.value[x]","","","",0,1,"","","","boolean {[]} {[]}
string {[]} {[]}Quantity {[]} {[]}Attachment {[]} {[]}Reference {[]} {[CanonicalType[http://hl7.org/fhir/StructureDefinition/Resource|4.0.1]]}","Data to be provided","Additional data or information such as resources, documents, images etc. including references to the data or the actual inclusion of the data.","Could be used to provide references to other resources, document. For example could contain a PDF in an Attachment of the Police Report for an Accident.","To convey the data content to be provided when the information is more than a simple code or period.","","","","","","","",,,,,"",,,,"Claim.supportingInfo.value[x]",0,1,"","ele-1:All FHIR elements must have a @value or children {hasValue() or (children().count() > id.count())}
"
"Claim.supportingInfo.reason","Claim.supportingInfo.reason","","","",0,1,"","","","CodeableConcept {[]} {[]}
","Explanation for the information","Provides the reason in the situation where a reason code is required in addition to the content.","For example: the reason for the additional stay, or why a tooth is  missing.","Needed when the supporting information has both a date and amount/value and requires explanation.","","","","","","","",,"example","Reason codes for the missing teeth.","http://hl7.org/fhir/ValueSet/missing-tooth-reason|4.0.1","",,,,"Claim.supportingInfo.reason",0,1,"","ele-1:All FHIR elements must have a @value or children {hasValue() or (children().count() > id.count())}
"
"Claim.supportingInfo:svcItem","Claim.supportingInfo","svcItem","Attachments
Exception Codes
Occurrence Codes
Value codes
","",0,*,"Y","","","BackboneElement {[]} {[]}
","服務項目，申報 AA00、AA03 時必填。如選擇其他，則續填服務項目的補充說明。","代碼填入 code。申報 AA03 時應填寫 C 碼服務項目。可複選，每個選項分別填寫一筆服務項目。選項為：1 電訪、2 家訪、3 與案家討論服務內容調整、4 接受申訴、5 照會或連結至服務提供單位、9 其他。選擇 9 時，應續填其他服務項目的說明。","Often there are multiple jurisdiction specific valuesets which are required.","Typically these information codes are required to support the services rendered or the adjudication of the services rendered.","","","","","","","",,,,,"",,,,"Claim.supportingInfo",0,*,"","ele-1:All FHIR elements must have a @value or children {hasValue() or (children().count() > id.count())}
","Request.supportingInfo"
"Claim.supportingInfo:svcItem.id","Claim.supportingInfo.id","","","",0,1,"","","","string {[]} {[]}
","Unique id for inter-element referencing","Unique id for the element within a resource (for internal references). This may be any string value that does not contain spaces.","","","","","","","","","",,,,,"",,,,"Element.id",0,1,"","","n/a"
"Claim.supportingInfo:svcItem.extension","Claim.supportingInfo.extension","","extensions
user content","",0,*,"","","","Extension {[]} {[]}
","Additional content defined by implementations","May be used to represent additional information that is not part of the basic definition of the element. To make the use of extensions safe and manageable, there is a strict set of governance  applied to the definition and use of extensions. Though any implementer can define an extension, there is a set of requirements that SHALL be met as part of the definition of the extension.","There can be no stigma associated with the use of extensions by any application, project, or standard - regardless of the institution or jurisdiction that uses or defines the extensions.  The use of extensions is what allows the FHIR specification to retain a core level of simplicity for everyone.","","","","","","","","",,,,,"",,,,"Element.extension",0,*,"","ele-1:All FHIR elements must have a @value or children {hasValue() or (children().count() > id.count())}
ext-1:Must have either extensions or value[x], not both {extension.exists() != value.exists()}","n/a"
"Claim.supportingInfo:svcItem.modifierExtension","Claim.supportingInfo.modifierExtension","","extensions
user contentmodifiers","",0,*,"","Y","Y","Extension {[]} {[]}
","Extensions that cannot be ignored even if unrecognized","May be used to represent additional information that is not part of the basic definition of the element and that modifies the understanding of the element in which it is contained and/or the understanding of the containing element's descendants. Usually modifier elements provide negation or qualification. To make the use of extensions safe and manageable, there is a strict set of governance applied to the definition and use of extensions. Though any implementer can define an extension, there is a set of requirements that SHALL be met as part of the definition of the extension. Applications processing a resource are required to check for modifier extensions.

Modifier extensions SHALL NOT change the meaning of any elements on Resource or DomainResource (including cannot change the meaning of modifierExtension itself).","There can be no stigma associated with the use of extensions by any application, project, or standard - regardless of the institution or jurisdiction that uses or defines the extensions.  The use of extensions is what allows the FHIR specification to retain a core level of simplicity for everyone.","Modifier extensions allow for extensions that *cannot* be safely ignored to be clearly distinguished from the vast majority of extensions which can be safely ignored.  This promotes interoperability by eliminating the need for implementers to prohibit the presence of extensions. For further information, see the [definition of modifier extensions](http://hl7.org/fhir/R4/extensibility.html#modifierExtension).","","","","","","","",,,,,"",,,,"BackboneElement.modifierExtension",0,*,"","ele-1:All FHIR elements must have a @value or children {hasValue() or (children().count() > id.count())}
ext-1:Must have either extensions or value[x], not both {extension.exists() != value.exists()}","N/A"
"Claim.supportingInfo:svcItem.sequence","Claim.supportingInfo.sequence","","","",1,1,"","","","positiveInt {[]} {[]}
","Information instance identifier","A number to uniquely identify supporting information entries.","","Necessary to maintain the order of the supporting information items and provide a mechanism to link to claim details.","","","","","","","",,,,,"",,,,"Claim.supportingInfo.sequence",1,1,"","ele-1:All FHIR elements must have a @value or children {hasValue() or (children().count() > id.count())}
"
"Claim.supportingInfo:svcItem.category","Claim.supportingInfo.category","","","",1,1,"","","","CodeableConcept {[]} {[]}
","補充資料的類別。[應填入支付審查服務紀錄補充資訊類別代碼]","The general class of the information supplied: information; exception; accident, employment; onset, etc.","This may contain a category for the local bill type codes.","Required to group or associate information items with common characteristics. For example: admission information or prior treatments.","","","","<valueCodeableConcept xmlns=""http://hl7.org/fhir"">
  <coding>
    <system value=""http://ltc-ig.fhir.tw/CodeSystem/cs-tw-ltc-feeaudit-supporting-info""/>
    <code value=""svcItem""/>
  </coding>
</valueCodeableConcept>","","","",,"extensible","","http://ltc-ig.fhir.tw/ValueSet/vs-tw-ltc-feeaudit-supporting-info","",,,,"Claim.supportingInfo.category",1,1,"","ele-1:All FHIR elements must have a @value or children {hasValue() or (children().count() > id.count())}
"
"Claim.supportingInfo:svcItem.code","Claim.supportingInfo.code","","","",1,1,"Y","","","CodeableConcept {[]} {[]}
","補充資料的代碼。[應依資料類別填入對應 Slice 值集的代碼]","System and code pertaining to the specific information regarding special conditions relating to the setting, treatment or patient  for which care is sought.","","Required to identify the kind of additional information.","","","","","","","",,"required","","http://ltc-ig.fhir.tw/ValueSet/vs-tw-ltc-feeaudit-svc-item","",,,,"Claim.supportingInfo.code",0,1,"","ele-1:All FHIR elements must have a @value or children {hasValue() or (children().count() > id.count())}
"
"Claim.supportingInfo:svcItem.timing[x]","Claim.supportingInfo.timing[x]","","","",0,1,"","","","date {[]} {[]}
Period {[]} {[]}","When it occurred","The date when or period to which this information refers.","","","","","","","","","",,,,,"",,,,"Claim.supportingInfo.timing[x]",0,1,"","ele-1:All FHIR elements must have a @value or children {hasValue() or (children().count() > id.count())}
"
"Claim.supportingInfo:svcItem.value[x]","Claim.supportingInfo.value[x]","","","",0,0,"","","","boolean {[]} {[]}
string {[]} {[]}Quantity {[]} {[]}Attachment {[]} {[]}Reference {[]} {[CanonicalType[http://hl7.org/fhir/StructureDefinition/Resource|4.0.1]]}","Data to be provided","Additional data or information such as resources, documents, images etc. including references to the data or the actual inclusion of the data.","Could be used to provide references to other resources, document. For example could contain a PDF in an Attachment of the Police Report for an Accident.","To convey the data content to be provided when the information is more than a simple code or period.","","","","","","","",,,,,"",,,,"Claim.supportingInfo.value[x]",0,1,"","ele-1:All FHIR elements must have a @value or children {hasValue() or (children().count() > id.count())}
"
"Claim.supportingInfo:svcItem.reason","Claim.supportingInfo.reason","","","",0,1,"","","","CodeableConcept {[]} {[]}
","Explanation for the information","Provides the reason in the situation where a reason code is required in addition to the content.","For example: the reason for the additional stay, or why a tooth is  missing.","Needed when the supporting information has both a date and amount/value and requires explanation.","","","","","","","",,"example","Reason codes for the missing teeth.","http://hl7.org/fhir/ValueSet/missing-tooth-reason|4.0.1","",,,,"Claim.supportingInfo.reason",0,1,"","ele-1:All FHIR elements must have a @value or children {hasValue() or (children().count() > id.count())}
"
"Claim.supportingInfo:svcItemOther","Claim.supportingInfo","svcItemOther","Attachments
Exception Codes
Occurrence Codes
Value codes
","",0,1,"Y","","","BackboneElement {[]} {[]}
","其他服務項目的說明，服務項目選擇「9 其他」時填寫。[應在 valueString 填入最長 255 個字元的字串]","Additional information codes regarding exceptions, special considerations, the condition, situation, prior or concurrent issues.","Often there are multiple jurisdiction specific valuesets which are required.","Typically these information codes are required to support the services rendered or the adjudication of the services rendered.","","","","","","","",,,,,"",,,,"Claim.supportingInfo",0,*,"","ele-1:All FHIR elements must have a @value or children {hasValue() or (children().count() > id.count())}
","Request.supportingInfo"
"Claim.supportingInfo:svcItemOther.id","Claim.supportingInfo.id","","","",0,1,"","","","string {[]} {[]}
","Unique id for inter-element referencing","Unique id for the element within a resource (for internal references). This may be any string value that does not contain spaces.","","","","","","","","","",,,,,"",,,,"Element.id",0,1,"","","n/a"
"Claim.supportingInfo:svcItemOther.extension","Claim.supportingInfo.extension","","extensions
user content","",0,*,"","","","Extension {[]} {[]}
","Additional content defined by implementations","May be used to represent additional information that is not part of the basic definition of the element. To make the use of extensions safe and manageable, there is a strict set of governance  applied to the definition and use of extensions. Though any implementer can define an extension, there is a set of requirements that SHALL be met as part of the definition of the extension.","There can be no stigma associated with the use of extensions by any application, project, or standard - regardless of the institution or jurisdiction that uses or defines the extensions.  The use of extensions is what allows the FHIR specification to retain a core level of simplicity for everyone.","","","","","","","","",,,,,"",,,,"Element.extension",0,*,"","ele-1:All FHIR elements must have a @value or children {hasValue() or (children().count() > id.count())}
ext-1:Must have either extensions or value[x], not both {extension.exists() != value.exists()}","n/a"
"Claim.supportingInfo:svcItemOther.modifierExtension","Claim.supportingInfo.modifierExtension","","extensions
user contentmodifiers","",0,*,"","Y","Y","Extension {[]} {[]}
","Extensions that cannot be ignored even if unrecognized","May be used to represent additional information that is not part of the basic definition of the element and that modifies the understanding of the element in which it is contained and/or the understanding of the containing element's descendants. Usually modifier elements provide negation or qualification. To make the use of extensions safe and manageable, there is a strict set of governance applied to the definition and use of extensions. Though any implementer can define an extension, there is a set of requirements that SHALL be met as part of the definition of the extension. Applications processing a resource are required to check for modifier extensions.

Modifier extensions SHALL NOT change the meaning of any elements on Resource or DomainResource (including cannot change the meaning of modifierExtension itself).","There can be no stigma associated with the use of extensions by any application, project, or standard - regardless of the institution or jurisdiction that uses or defines the extensions.  The use of extensions is what allows the FHIR specification to retain a core level of simplicity for everyone.","Modifier extensions allow for extensions that *cannot* be safely ignored to be clearly distinguished from the vast majority of extensions which can be safely ignored.  This promotes interoperability by eliminating the need for implementers to prohibit the presence of extensions. For further information, see the [definition of modifier extensions](http://hl7.org/fhir/R4/extensibility.html#modifierExtension).","","","","","","","",,,,,"",,,,"BackboneElement.modifierExtension",0,*,"","ele-1:All FHIR elements must have a @value or children {hasValue() or (children().count() > id.count())}
ext-1:Must have either extensions or value[x], not both {extension.exists() != value.exists()}","N/A"
"Claim.supportingInfo:svcItemOther.sequence","Claim.supportingInfo.sequence","","","",1,1,"","","","positiveInt {[]} {[]}
","Information instance identifier","A number to uniquely identify supporting information entries.","","Necessary to maintain the order of the supporting information items and provide a mechanism to link to claim details.","","","","","","","",,,,,"",,,,"Claim.supportingInfo.sequence",1,1,"","ele-1:All FHIR elements must have a @value or children {hasValue() or (children().count() > id.count())}
"
"Claim.supportingInfo:svcItemOther.category","Claim.supportingInfo.category","","","",1,1,"","","","CodeableConcept {[]} {[]}
","補充資料的類別。[應填入支付審查服務紀錄補充資訊類別代碼]","The general class of the information supplied: information; exception; accident, employment; onset, etc.","This may contain a category for the local bill type codes.","Required to group or associate information items with common characteristics. For example: admission information or prior treatments.","","","","<valueCodeableConcept xmlns=""http://hl7.org/fhir"">
  <coding>
    <system value=""http://ltc-ig.fhir.tw/CodeSystem/cs-tw-ltc-feeaudit-supporting-info""/>
    <code value=""svcItemOther""/>
  </coding>
</valueCodeableConcept>","","","",,"extensible","","http://ltc-ig.fhir.tw/ValueSet/vs-tw-ltc-feeaudit-supporting-info","",,,,"Claim.supportingInfo.category",1,1,"","ele-1:All FHIR elements must have a @value or children {hasValue() or (children().count() > id.count())}
"
"Claim.supportingInfo:svcItemOther.code","Claim.supportingInfo.code","","","",0,1,"","","","CodeableConcept {[]} {[]}
","補充資料的代碼。[應依資料類別填入對應 Slice 值集的代碼]","System and code pertaining to the specific information regarding special conditions relating to the setting, treatment or patient  for which care is sought.","","Required to identify the kind of additional information.","","","","","","","",,"example","The valuset used for additional information codes.","http://hl7.org/fhir/ValueSet/claim-exception|4.0.1","",,,,"Claim.supportingInfo.code",0,1,"","ele-1:All FHIR elements must have a @value or children {hasValue() or (children().count() > id.count())}
"
"Claim.supportingInfo:svcItemOther.timing[x]","Claim.supportingInfo.timing[x]","","","",0,1,"","","","date {[]} {[]}
Period {[]} {[]}","When it occurred","The date when or period to which this information refers.","","","","","","","","","",,,,,"",,,,"Claim.supportingInfo.timing[x]",0,1,"","ele-1:All FHIR elements must have a @value or children {hasValue() or (children().count() > id.count())}
"
"Claim.supportingInfo:svcItemOther.value[x]","Claim.supportingInfo.value[x]","","","",1,1,"Y","","","string {[]} {[]}
","Data to be provided","Additional data or information such as resources, documents, images etc. including references to the data or the actual inclusion of the data.","Could be used to provide references to other resources, document. For example could contain a PDF in an Attachment of the Police Report for an Accident.","To convey the data content to be provided when the information is more than a simple code or period.","","","","","","","",,,,,"",,,,"Claim.supportingInfo.value[x]",0,1,"","ele-1:All FHIR elements must have a @value or children {hasValue() or (children().count() > id.count())}
"
"Claim.supportingInfo:svcItemOther.reason","Claim.supportingInfo.reason","","","",0,1,"","","","CodeableConcept {[]} {[]}
","Explanation for the information","Provides the reason in the situation where a reason code is required in addition to the content.","For example: the reason for the additional stay, or why a tooth is  missing.","Needed when the supporting information has both a date and amount/value and requires explanation.","","","","","","","",,"example","Reason codes for the missing teeth.","http://hl7.org/fhir/ValueSet/missing-tooth-reason|4.0.1","",,,,"Claim.supportingInfo.reason",0,1,"","ele-1:All FHIR elements must have a @value or children {hasValue() or (children().count() > id.count())}
"
"Claim.supportingInfo:svcPeople","Claim.supportingInfo","svcPeople","Attachments
Exception Codes
Occurrence Codes
Value codes
","",0,*,"Y","","","BackboneElement {[]} {[]}
","服務對象，申報 AA00 時必填。[可填入以下代碼，可複選：1 服務使用者 | 2 家庭照顧者]","代碼填入 code。每個選項分別填寫一筆服務對象；如同時服務個案與家庭照顧者，則分別填入 1 與 2。","Often there are multiple jurisdiction specific valuesets which are required.","Typically these information codes are required to support the services rendered or the adjudication of the services rendered.","","","","","","","",,,,,"",,,,"Claim.supportingInfo",0,*,"","ele-1:All FHIR elements must have a @value or children {hasValue() or (children().count() > id.count())}
","Request.supportingInfo"
"Claim.supportingInfo:svcPeople.id","Claim.supportingInfo.id","","","",0,1,"","","","string {[]} {[]}
","Unique id for inter-element referencing","Unique id for the element within a resource (for internal references). This may be any string value that does not contain spaces.","","","","","","","","","",,,,,"",,,,"Element.id",0,1,"","","n/a"
"Claim.supportingInfo:svcPeople.extension","Claim.supportingInfo.extension","","extensions
user content","",0,*,"","","","Extension {[]} {[]}
","Additional content defined by implementations","May be used to represent additional information that is not part of the basic definition of the element. To make the use of extensions safe and manageable, there is a strict set of governance  applied to the definition and use of extensions. Though any implementer can define an extension, there is a set of requirements that SHALL be met as part of the definition of the extension.","There can be no stigma associated with the use of extensions by any application, project, or standard - regardless of the institution or jurisdiction that uses or defines the extensions.  The use of extensions is what allows the FHIR specification to retain a core level of simplicity for everyone.","","","","","","","","",,,,,"",,,,"Element.extension",0,*,"","ele-1:All FHIR elements must have a @value or children {hasValue() or (children().count() > id.count())}
ext-1:Must have either extensions or value[x], not both {extension.exists() != value.exists()}","n/a"
"Claim.supportingInfo:svcPeople.modifierExtension","Claim.supportingInfo.modifierExtension","","extensions
user contentmodifiers","",0,*,"","Y","Y","Extension {[]} {[]}
","Extensions that cannot be ignored even if unrecognized","May be used to represent additional information that is not part of the basic definition of the element and that modifies the understanding of the element in which it is contained and/or the understanding of the containing element's descendants. Usually modifier elements provide negation or qualification. To make the use of extensions safe and manageable, there is a strict set of governance applied to the definition and use of extensions. Though any implementer can define an extension, there is a set of requirements that SHALL be met as part of the definition of the extension. Applications processing a resource are required to check for modifier extensions.

Modifier extensions SHALL NOT change the meaning of any elements on Resource or DomainResource (including cannot change the meaning of modifierExtension itself).","There can be no stigma associated with the use of extensions by any application, project, or standard - regardless of the institution or jurisdiction that uses or defines the extensions.  The use of extensions is what allows the FHIR specification to retain a core level of simplicity for everyone.","Modifier extensions allow for extensions that *cannot* be safely ignored to be clearly distinguished from the vast majority of extensions which can be safely ignored.  This promotes interoperability by eliminating the need for implementers to prohibit the presence of extensions. For further information, see the [definition of modifier extensions](http://hl7.org/fhir/R4/extensibility.html#modifierExtension).","","","","","","","",,,,,"",,,,"BackboneElement.modifierExtension",0,*,"","ele-1:All FHIR elements must have a @value or children {hasValue() or (children().count() > id.count())}
ext-1:Must have either extensions or value[x], not both {extension.exists() != value.exists()}","N/A"
"Claim.supportingInfo:svcPeople.sequence","Claim.supportingInfo.sequence","","","",1,1,"","","","positiveInt {[]} {[]}
","Information instance identifier","A number to uniquely identify supporting information entries.","","Necessary to maintain the order of the supporting information items and provide a mechanism to link to claim details.","","","","","","","",,,,,"",,,,"Claim.supportingInfo.sequence",1,1,"","ele-1:All FHIR elements must have a @value or children {hasValue() or (children().count() > id.count())}
"
"Claim.supportingInfo:svcPeople.category","Claim.supportingInfo.category","","","",1,1,"","","","CodeableConcept {[]} {[]}
","補充資料的類別。[應填入支付審查服務紀錄補充資訊類別代碼]","The general class of the information supplied: information; exception; accident, employment; onset, etc.","This may contain a category for the local bill type codes.","Required to group or associate information items with common characteristics. For example: admission information or prior treatments.","","","","<valueCodeableConcept xmlns=""http://hl7.org/fhir"">
  <coding>
    <system value=""http://ltc-ig.fhir.tw/CodeSystem/cs-tw-ltc-feeaudit-supporting-info""/>
    <code value=""svcPeople""/>
  </coding>
</valueCodeableConcept>","","","",,"extensible","","http://ltc-ig.fhir.tw/ValueSet/vs-tw-ltc-feeaudit-supporting-info","",,,,"Claim.supportingInfo.category",1,1,"","ele-1:All FHIR elements must have a @value or children {hasValue() or (children().count() > id.count())}
"
"Claim.supportingInfo:svcPeople.code","Claim.supportingInfo.code","","","",1,1,"Y","","","CodeableConcept {[]} {[]}
","補充資料的代碼。[應依資料類別填入對應 Slice 值集的代碼]","System and code pertaining to the specific information regarding special conditions relating to the setting, treatment or patient  for which care is sought.","","Required to identify the kind of additional information.","","","","","","","",,"required","","http://ltc-ig.fhir.tw/ValueSet/vs-tw-ltc-feeaudit-svc-people","",,,,"Claim.supportingInfo.code",0,1,"","ele-1:All FHIR elements must have a @value or children {hasValue() or (children().count() > id.count())}
"
"Claim.supportingInfo:svcPeople.timing[x]","Claim.supportingInfo.timing[x]","","","",0,1,"","","","date {[]} {[]}
Period {[]} {[]}","When it occurred","The date when or period to which this information refers.","","","","","","","","","",,,,,"",,,,"Claim.supportingInfo.timing[x]",0,1,"","ele-1:All FHIR elements must have a @value or children {hasValue() or (children().count() > id.count())}
"
"Claim.supportingInfo:svcPeople.value[x]","Claim.supportingInfo.value[x]","","","",0,0,"","","","boolean {[]} {[]}
string {[]} {[]}Quantity {[]} {[]}Attachment {[]} {[]}Reference {[]} {[CanonicalType[http://hl7.org/fhir/StructureDefinition/Resource|4.0.1]]}","Data to be provided","Additional data or information such as resources, documents, images etc. including references to the data or the actual inclusion of the data.","Could be used to provide references to other resources, document. For example could contain a PDF in an Attachment of the Police Report for an Accident.","To convey the data content to be provided when the information is more than a simple code or period.","","","","","","","",,,,,"",,,,"Claim.supportingInfo.value[x]",0,1,"","ele-1:All FHIR elements must have a @value or children {hasValue() or (children().count() > id.count())}
"
"Claim.supportingInfo:svcPeople.reason","Claim.supportingInfo.reason","","","",0,1,"","","","CodeableConcept {[]} {[]}
","Explanation for the information","Provides the reason in the situation where a reason code is required in addition to the content.","For example: the reason for the additional stay, or why a tooth is  missing.","Needed when the supporting information has both a date and amount/value and requires explanation.","","","","","","","",,"example","Reason codes for the missing teeth.","http://hl7.org/fhir/ValueSet/missing-tooth-reason|4.0.1","",,,,"Claim.supportingInfo.reason",0,1,"","ele-1:All FHIR elements must have a @value or children {hasValue() or (children().count() > id.count())}
"
"Claim.supportingInfo:svcContent","Claim.supportingInfo","svcContent","Attachments
Exception Codes
Occurrence Codes
Value codes
","",0,1,"Y","","","BackboneElement {[]} {[]}
","服務內容，申報 AA00 時必填。[應在 valueString 填入最長 4000 個字元的字串]","應填寫本次實際提供的服務內容。","Often there are multiple jurisdiction specific valuesets which are required.","Typically these information codes are required to support the services rendered or the adjudication of the services rendered.","","","","","","","",,,,,"",,,,"Claim.supportingInfo",0,*,"","ele-1:All FHIR elements must have a @value or children {hasValue() or (children().count() > id.count())}
","Request.supportingInfo"
"Claim.supportingInfo:svcContent.id","Claim.supportingInfo.id","","","",0,1,"","","","string {[]} {[]}
","Unique id for inter-element referencing","Unique id for the element within a resource (for internal references). This may be any string value that does not contain spaces.","","","","","","","","","",,,,,"",,,,"Element.id",0,1,"","","n/a"
"Claim.supportingInfo:svcContent.extension","Claim.supportingInfo.extension","","extensions
user content","",0,*,"","","","Extension {[]} {[]}
","Additional content defined by implementations","May be used to represent additional information that is not part of the basic definition of the element. To make the use of extensions safe and manageable, there is a strict set of governance  applied to the definition and use of extensions. Though any implementer can define an extension, there is a set of requirements that SHALL be met as part of the definition of the extension.","There can be no stigma associated with the use of extensions by any application, project, or standard - regardless of the institution or jurisdiction that uses or defines the extensions.  The use of extensions is what allows the FHIR specification to retain a core level of simplicity for everyone.","","","","","","","","",,,,,"",,,,"Element.extension",0,*,"","ele-1:All FHIR elements must have a @value or children {hasValue() or (children().count() > id.count())}
ext-1:Must have either extensions or value[x], not both {extension.exists() != value.exists()}","n/a"
"Claim.supportingInfo:svcContent.modifierExtension","Claim.supportingInfo.modifierExtension","","extensions
user contentmodifiers","",0,*,"","Y","Y","Extension {[]} {[]}
","Extensions that cannot be ignored even if unrecognized","May be used to represent additional information that is not part of the basic definition of the element and that modifies the understanding of the element in which it is contained and/or the understanding of the containing element's descendants. Usually modifier elements provide negation or qualification. To make the use of extensions safe and manageable, there is a strict set of governance applied to the definition and use of extensions. Though any implementer can define an extension, there is a set of requirements that SHALL be met as part of the definition of the extension. Applications processing a resource are required to check for modifier extensions.

Modifier extensions SHALL NOT change the meaning of any elements on Resource or DomainResource (including cannot change the meaning of modifierExtension itself).","There can be no stigma associated with the use of extensions by any application, project, or standard - regardless of the institution or jurisdiction that uses or defines the extensions.  The use of extensions is what allows the FHIR specification to retain a core level of simplicity for everyone.","Modifier extensions allow for extensions that *cannot* be safely ignored to be clearly distinguished from the vast majority of extensions which can be safely ignored.  This promotes interoperability by eliminating the need for implementers to prohibit the presence of extensions. For further information, see the [definition of modifier extensions](http://hl7.org/fhir/R4/extensibility.html#modifierExtension).","","","","","","","",,,,,"",,,,"BackboneElement.modifierExtension",0,*,"","ele-1:All FHIR elements must have a @value or children {hasValue() or (children().count() > id.count())}
ext-1:Must have either extensions or value[x], not both {extension.exists() != value.exists()}","N/A"
"Claim.supportingInfo:svcContent.sequence","Claim.supportingInfo.sequence","","","",1,1,"","","","positiveInt {[]} {[]}
","Information instance identifier","A number to uniquely identify supporting information entries.","","Necessary to maintain the order of the supporting information items and provide a mechanism to link to claim details.","","","","","","","",,,,,"",,,,"Claim.supportingInfo.sequence",1,1,"","ele-1:All FHIR elements must have a @value or children {hasValue() or (children().count() > id.count())}
"
"Claim.supportingInfo:svcContent.category","Claim.supportingInfo.category","","","",1,1,"","","","CodeableConcept {[]} {[]}
","補充資料的類別。[應填入支付審查服務紀錄補充資訊類別代碼]","The general class of the information supplied: information; exception; accident, employment; onset, etc.","This may contain a category for the local bill type codes.","Required to group or associate information items with common characteristics. For example: admission information or prior treatments.","","","","<valueCodeableConcept xmlns=""http://hl7.org/fhir"">
  <coding>
    <system value=""http://ltc-ig.fhir.tw/CodeSystem/cs-tw-ltc-feeaudit-supporting-info""/>
    <code value=""svcContent""/>
  </coding>
</valueCodeableConcept>","","","",,"extensible","","http://ltc-ig.fhir.tw/ValueSet/vs-tw-ltc-feeaudit-supporting-info","",,,,"Claim.supportingInfo.category",1,1,"","ele-1:All FHIR elements must have a @value or children {hasValue() or (children().count() > id.count())}
"
"Claim.supportingInfo:svcContent.code","Claim.supportingInfo.code","","","",0,1,"","","","CodeableConcept {[]} {[]}
","補充資料的代碼。[應依資料類別填入對應 Slice 值集的代碼]","System and code pertaining to the specific information regarding special conditions relating to the setting, treatment or patient  for which care is sought.","","Required to identify the kind of additional information.","","","","","","","",,"example","The valuset used for additional information codes.","http://hl7.org/fhir/ValueSet/claim-exception|4.0.1","",,,,"Claim.supportingInfo.code",0,1,"","ele-1:All FHIR elements must have a @value or children {hasValue() or (children().count() > id.count())}
"
"Claim.supportingInfo:svcContent.timing[x]","Claim.supportingInfo.timing[x]","","","",0,1,"","","","date {[]} {[]}
Period {[]} {[]}","When it occurred","The date when or period to which this information refers.","","","","","","","","","",,,,,"",,,,"Claim.supportingInfo.timing[x]",0,1,"","ele-1:All FHIR elements must have a @value or children {hasValue() or (children().count() > id.count())}
"
"Claim.supportingInfo:svcContent.value[x]","Claim.supportingInfo.value[x]","","","",1,1,"Y","","","string {[]} {[]}
","Data to be provided","Additional data or information such as resources, documents, images etc. including references to the data or the actual inclusion of the data.","Could be used to provide references to other resources, document. For example could contain a PDF in an Attachment of the Police Report for an Accident.","To convey the data content to be provided when the information is more than a simple code or period.","","","","","","","",,,,,"",,,,"Claim.supportingInfo.value[x]",0,1,"","ele-1:All FHIR elements must have a @value or children {hasValue() or (children().count() > id.count())}
"
"Claim.supportingInfo:svcContent.reason","Claim.supportingInfo.reason","","","",0,1,"","","","CodeableConcept {[]} {[]}
","Explanation for the information","Provides the reason in the situation where a reason code is required in addition to the content.","For example: the reason for the additional stay, or why a tooth is  missing.","Needed when the supporting information has both a date and amount/value and requires explanation.","","","","","","","",,"example","Reason codes for the missing teeth.","http://hl7.org/fhir/ValueSet/missing-tooth-reason|4.0.1","",,,,"Claim.supportingInfo.reason",0,1,"","ele-1:All FHIR elements must have a @value or children {hasValue() or (children().count() > id.count())}
"
"Claim.supportingInfo:svcPoint","Claim.supportingInfo","svcPoint","Attachments
Exception Codes
Occurrence Codes
Value codes
","",0,*,"Y","","","BackboneElement {[]} {[]}
","服務重點，申報 AA00 時填寫。如選擇其他，則續填服務重點的補充說明。","代碼填入 code。可複選，每個選項分別填寫一筆服務重點。選項為：1 追蹤長照需要者與各項服務的連結情形、2 計畫與內容異動討論、3 協助長照需要者或家屬連結其他資源、4 接受長照服務諮詢及處理、5 接受申訴、9 其他。選擇 9 時，應續填其他服務重點的說明。","Often there are multiple jurisdiction specific valuesets which are required.","Typically these information codes are required to support the services rendered or the adjudication of the services rendered.","","","","","","","",,,,,"",,,,"Claim.supportingInfo",0,*,"","ele-1:All FHIR elements must have a @value or children {hasValue() or (children().count() > id.count())}
","Request.supportingInfo"
"Claim.supportingInfo:svcPoint.id","Claim.supportingInfo.id","","","",0,1,"","","","string {[]} {[]}
","Unique id for inter-element referencing","Unique id for the element within a resource (for internal references). This may be any string value that does not contain spaces.","","","","","","","","","",,,,,"",,,,"Element.id",0,1,"","","n/a"
"Claim.supportingInfo:svcPoint.extension","Claim.supportingInfo.extension","","extensions
user content","",0,*,"","","","Extension {[]} {[]}
","Additional content defined by implementations","May be used to represent additional information that is not part of the basic definition of the element. To make the use of extensions safe and manageable, there is a strict set of governance  applied to the definition and use of extensions. Though any implementer can define an extension, there is a set of requirements that SHALL be met as part of the definition of the extension.","There can be no stigma associated with the use of extensions by any application, project, or standard - regardless of the institution or jurisdiction that uses or defines the extensions.  The use of extensions is what allows the FHIR specification to retain a core level of simplicity for everyone.","","","","","","","","",,,,,"",,,,"Element.extension",0,*,"","ele-1:All FHIR elements must have a @value or children {hasValue() or (children().count() > id.count())}
ext-1:Must have either extensions or value[x], not both {extension.exists() != value.exists()}","n/a"
"Claim.supportingInfo:svcPoint.modifierExtension","Claim.supportingInfo.modifierExtension","","extensions
user contentmodifiers","",0,*,"","Y","Y","Extension {[]} {[]}
","Extensions that cannot be ignored even if unrecognized","May be used to represent additional information that is not part of the basic definition of the element and that modifies the understanding of the element in which it is contained and/or the understanding of the containing element's descendants. Usually modifier elements provide negation or qualification. To make the use of extensions safe and manageable, there is a strict set of governance applied to the definition and use of extensions. Though any implementer can define an extension, there is a set of requirements that SHALL be met as part of the definition of the extension. Applications processing a resource are required to check for modifier extensions.

Modifier extensions SHALL NOT change the meaning of any elements on Resource or DomainResource (including cannot change the meaning of modifierExtension itself).","There can be no stigma associated with the use of extensions by any application, project, or standard - regardless of the institution or jurisdiction that uses or defines the extensions.  The use of extensions is what allows the FHIR specification to retain a core level of simplicity for everyone.","Modifier extensions allow for extensions that *cannot* be safely ignored to be clearly distinguished from the vast majority of extensions which can be safely ignored.  This promotes interoperability by eliminating the need for implementers to prohibit the presence of extensions. For further information, see the [definition of modifier extensions](http://hl7.org/fhir/R4/extensibility.html#modifierExtension).","","","","","","","",,,,,"",,,,"BackboneElement.modifierExtension",0,*,"","ele-1:All FHIR elements must have a @value or children {hasValue() or (children().count() > id.count())}
ext-1:Must have either extensions or value[x], not both {extension.exists() != value.exists()}","N/A"
"Claim.supportingInfo:svcPoint.sequence","Claim.supportingInfo.sequence","","","",1,1,"","","","positiveInt {[]} {[]}
","Information instance identifier","A number to uniquely identify supporting information entries.","","Necessary to maintain the order of the supporting information items and provide a mechanism to link to claim details.","","","","","","","",,,,,"",,,,"Claim.supportingInfo.sequence",1,1,"","ele-1:All FHIR elements must have a @value or children {hasValue() or (children().count() > id.count())}
"
"Claim.supportingInfo:svcPoint.category","Claim.supportingInfo.category","","","",1,1,"","","","CodeableConcept {[]} {[]}
","補充資料的類別。[應填入支付審查服務紀錄補充資訊類別代碼]","The general class of the information supplied: information; exception; accident, employment; onset, etc.","This may contain a category for the local bill type codes.","Required to group or associate information items with common characteristics. For example: admission information or prior treatments.","","","","<valueCodeableConcept xmlns=""http://hl7.org/fhir"">
  <coding>
    <system value=""http://ltc-ig.fhir.tw/CodeSystem/cs-tw-ltc-feeaudit-supporting-info""/>
    <code value=""svcPoint""/>
  </coding>
</valueCodeableConcept>","","","",,"extensible","","http://ltc-ig.fhir.tw/ValueSet/vs-tw-ltc-feeaudit-supporting-info","",,,,"Claim.supportingInfo.category",1,1,"","ele-1:All FHIR elements must have a @value or children {hasValue() or (children().count() > id.count())}
"
"Claim.supportingInfo:svcPoint.code","Claim.supportingInfo.code","","","",1,1,"Y","","","CodeableConcept {[]} {[]}
","補充資料的代碼。[應依資料類別填入對應 Slice 值集的代碼]","System and code pertaining to the specific information regarding special conditions relating to the setting, treatment or patient  for which care is sought.","","Required to identify the kind of additional information.","","","","","","","",,"required","","http://ltc-ig.fhir.tw/ValueSet/vs-tw-ltc-feeaudit-svc-point","",,,,"Claim.supportingInfo.code",0,1,"","ele-1:All FHIR elements must have a @value or children {hasValue() or (children().count() > id.count())}
"
"Claim.supportingInfo:svcPoint.timing[x]","Claim.supportingInfo.timing[x]","","","",0,1,"","","","date {[]} {[]}
Period {[]} {[]}","When it occurred","The date when or period to which this information refers.","","","","","","","","","",,,,,"",,,,"Claim.supportingInfo.timing[x]",0,1,"","ele-1:All FHIR elements must have a @value or children {hasValue() or (children().count() > id.count())}
"
"Claim.supportingInfo:svcPoint.value[x]","Claim.supportingInfo.value[x]","","","",0,0,"","","","boolean {[]} {[]}
string {[]} {[]}Quantity {[]} {[]}Attachment {[]} {[]}Reference {[]} {[CanonicalType[http://hl7.org/fhir/StructureDefinition/Resource|4.0.1]]}","Data to be provided","Additional data or information such as resources, documents, images etc. including references to the data or the actual inclusion of the data.","Could be used to provide references to other resources, document. For example could contain a PDF in an Attachment of the Police Report for an Accident.","To convey the data content to be provided when the information is more than a simple code or period.","","","","","","","",,,,,"",,,,"Claim.supportingInfo.value[x]",0,1,"","ele-1:All FHIR elements must have a @value or children {hasValue() or (children().count() > id.count())}
"
"Claim.supportingInfo:svcPoint.reason","Claim.supportingInfo.reason","","","",0,1,"","","","CodeableConcept {[]} {[]}
","Explanation for the information","Provides the reason in the situation where a reason code is required in addition to the content.","For example: the reason for the additional stay, or why a tooth is  missing.","Needed when the supporting information has both a date and amount/value and requires explanation.","","","","","","","",,"example","Reason codes for the missing teeth.","http://hl7.org/fhir/ValueSet/missing-tooth-reason|4.0.1","",,,,"Claim.supportingInfo.reason",0,1,"","ele-1:All FHIR elements must have a @value or children {hasValue() or (children().count() > id.count())}
"
"Claim.supportingInfo:svcPointOther","Claim.supportingInfo","svcPointOther","Attachments
Exception Codes
Occurrence Codes
Value codes
","",0,1,"Y","","","BackboneElement {[]} {[]}
","其他服務重點的說明，服務重點選擇「9 其他」時填寫。[應在 valueString 填入最長 255 個字元的字串]","Additional information codes regarding exceptions, special considerations, the condition, situation, prior or concurrent issues.","Often there are multiple jurisdiction specific valuesets which are required.","Typically these information codes are required to support the services rendered or the adjudication of the services rendered.","","","","","","","",,,,,"",,,,"Claim.supportingInfo",0,*,"","ele-1:All FHIR elements must have a @value or children {hasValue() or (children().count() > id.count())}
","Request.supportingInfo"
"Claim.supportingInfo:svcPointOther.id","Claim.supportingInfo.id","","","",0,1,"","","","string {[]} {[]}
","Unique id for inter-element referencing","Unique id for the element within a resource (for internal references). This may be any string value that does not contain spaces.","","","","","","","","","",,,,,"",,,,"Element.id",0,1,"","","n/a"
"Claim.supportingInfo:svcPointOther.extension","Claim.supportingInfo.extension","","extensions
user content","",0,*,"","","","Extension {[]} {[]}
","Additional content defined by implementations","May be used to represent additional information that is not part of the basic definition of the element. To make the use of extensions safe and manageable, there is a strict set of governance  applied to the definition and use of extensions. Though any implementer can define an extension, there is a set of requirements that SHALL be met as part of the definition of the extension.","There can be no stigma associated with the use of extensions by any application, project, or standard - regardless of the institution or jurisdiction that uses or defines the extensions.  The use of extensions is what allows the FHIR specification to retain a core level of simplicity for everyone.","","","","","","","","",,,,,"",,,,"Element.extension",0,*,"","ele-1:All FHIR elements must have a @value or children {hasValue() or (children().count() > id.count())}
ext-1:Must have either extensions or value[x], not both {extension.exists() != value.exists()}","n/a"
"Claim.supportingInfo:svcPointOther.modifierExtension","Claim.supportingInfo.modifierExtension","","extensions
user contentmodifiers","",0,*,"","Y","Y","Extension {[]} {[]}
","Extensions that cannot be ignored even if unrecognized","May be used to represent additional information that is not part of the basic definition of the element and that modifies the understanding of the element in which it is contained and/or the understanding of the containing element's descendants. Usually modifier elements provide negation or qualification. To make the use of extensions safe and manageable, there is a strict set of governance applied to the definition and use of extensions. Though any implementer can define an extension, there is a set of requirements that SHALL be met as part of the definition of the extension. Applications processing a resource are required to check for modifier extensions.

Modifier extensions SHALL NOT change the meaning of any elements on Resource or DomainResource (including cannot change the meaning of modifierExtension itself).","There can be no stigma associated with the use of extensions by any application, project, or standard - regardless of the institution or jurisdiction that uses or defines the extensions.  The use of extensions is what allows the FHIR specification to retain a core level of simplicity for everyone.","Modifier extensions allow for extensions that *cannot* be safely ignored to be clearly distinguished from the vast majority of extensions which can be safely ignored.  This promotes interoperability by eliminating the need for implementers to prohibit the presence of extensions. For further information, see the [definition of modifier extensions](http://hl7.org/fhir/R4/extensibility.html#modifierExtension).","","","","","","","",,,,,"",,,,"BackboneElement.modifierExtension",0,*,"","ele-1:All FHIR elements must have a @value or children {hasValue() or (children().count() > id.count())}
ext-1:Must have either extensions or value[x], not both {extension.exists() != value.exists()}","N/A"
"Claim.supportingInfo:svcPointOther.sequence","Claim.supportingInfo.sequence","","","",1,1,"","","","positiveInt {[]} {[]}
","Information instance identifier","A number to uniquely identify supporting information entries.","","Necessary to maintain the order of the supporting information items and provide a mechanism to link to claim details.","","","","","","","",,,,,"",,,,"Claim.supportingInfo.sequence",1,1,"","ele-1:All FHIR elements must have a @value or children {hasValue() or (children().count() > id.count())}
"
"Claim.supportingInfo:svcPointOther.category","Claim.supportingInfo.category","","","",1,1,"","","","CodeableConcept {[]} {[]}
","補充資料的類別。[應填入支付審查服務紀錄補充資訊類別代碼]","The general class of the information supplied: information; exception; accident, employment; onset, etc.","This may contain a category for the local bill type codes.","Required to group or associate information items with common characteristics. For example: admission information or prior treatments.","","","","<valueCodeableConcept xmlns=""http://hl7.org/fhir"">
  <coding>
    <system value=""http://ltc-ig.fhir.tw/CodeSystem/cs-tw-ltc-feeaudit-supporting-info""/>
    <code value=""svcPointOther""/>
  </coding>
</valueCodeableConcept>","","","",,"extensible","","http://ltc-ig.fhir.tw/ValueSet/vs-tw-ltc-feeaudit-supporting-info","",,,,"Claim.supportingInfo.category",1,1,"","ele-1:All FHIR elements must have a @value or children {hasValue() or (children().count() > id.count())}
"
"Claim.supportingInfo:svcPointOther.code","Claim.supportingInfo.code","","","",0,1,"","","","CodeableConcept {[]} {[]}
","補充資料的代碼。[應依資料類別填入對應 Slice 值集的代碼]","System and code pertaining to the specific information regarding special conditions relating to the setting, treatment or patient  for which care is sought.","","Required to identify the kind of additional information.","","","","","","","",,"example","The valuset used for additional information codes.","http://hl7.org/fhir/ValueSet/claim-exception|4.0.1","",,,,"Claim.supportingInfo.code",0,1,"","ele-1:All FHIR elements must have a @value or children {hasValue() or (children().count() > id.count())}
"
"Claim.supportingInfo:svcPointOther.timing[x]","Claim.supportingInfo.timing[x]","","","",0,1,"","","","date {[]} {[]}
Period {[]} {[]}","When it occurred","The date when or period to which this information refers.","","","","","","","","","",,,,,"",,,,"Claim.supportingInfo.timing[x]",0,1,"","ele-1:All FHIR elements must have a @value or children {hasValue() or (children().count() > id.count())}
"
"Claim.supportingInfo:svcPointOther.value[x]","Claim.supportingInfo.value[x]","","","",1,1,"Y","","","string {[]} {[]}
","Data to be provided","Additional data or information such as resources, documents, images etc. including references to the data or the actual inclusion of the data.","Could be used to provide references to other resources, document. For example could contain a PDF in an Attachment of the Police Report for an Accident.","To convey the data content to be provided when the information is more than a simple code or period.","","","","","","","",,,,,"",,,,"Claim.supportingInfo.value[x]",0,1,"","ele-1:All FHIR elements must have a @value or children {hasValue() or (children().count() > id.count())}
"
"Claim.supportingInfo:svcPointOther.reason","Claim.supportingInfo.reason","","","",0,1,"","","","CodeableConcept {[]} {[]}
","Explanation for the information","Provides the reason in the situation where a reason code is required in addition to the content.","For example: the reason for the additional stay, or why a tooth is  missing.","Needed when the supporting information has both a date and amount/value and requires explanation.","","","","","","","",,"example","Reason codes for the missing teeth.","http://hl7.org/fhir/ValueSet/missing-tooth-reason|4.0.1","",,,,"Claim.supportingInfo.reason",0,1,"","ele-1:All FHIR elements must have a @value or children {hasValue() or (children().count() > id.count())}
"
"Claim.supportingInfo:svcTrace","Claim.supportingInfo","svcTrace","Attachments
Exception Codes
Occurrence Codes
Value codes
","",0,1,"Y","","","BackboneElement {[]} {[]}
","服務適應情形與後續協助，申報 AA00 時填寫。[應在 valueString 填入最長 4000 個字元的字串]","應填寫個案接受服務後的適應情形，以及已提供或需要安排的後續協助。","Often there are multiple jurisdiction specific valuesets which are required.","Typically these information codes are required to support the services rendered or the adjudication of the services rendered.","","","","","","","",,,,,"",,,,"Claim.supportingInfo",0,*,"","ele-1:All FHIR elements must have a @value or children {hasValue() or (children().count() > id.count())}
","Request.supportingInfo"
"Claim.supportingInfo:svcTrace.id","Claim.supportingInfo.id","","","",0,1,"","","","string {[]} {[]}
","Unique id for inter-element referencing","Unique id for the element within a resource (for internal references). This may be any string value that does not contain spaces.","","","","","","","","","",,,,,"",,,,"Element.id",0,1,"","","n/a"
"Claim.supportingInfo:svcTrace.extension","Claim.supportingInfo.extension","","extensions
user content","",0,*,"","","","Extension {[]} {[]}
","Additional content defined by implementations","May be used to represent additional information that is not part of the basic definition of the element. To make the use of extensions safe and manageable, there is a strict set of governance  applied to the definition and use of extensions. Though any implementer can define an extension, there is a set of requirements that SHALL be met as part of the definition of the extension.","There can be no stigma associated with the use of extensions by any application, project, or standard - regardless of the institution or jurisdiction that uses or defines the extensions.  The use of extensions is what allows the FHIR specification to retain a core level of simplicity for everyone.","","","","","","","","",,,,,"",,,,"Element.extension",0,*,"","ele-1:All FHIR elements must have a @value or children {hasValue() or (children().count() > id.count())}
ext-1:Must have either extensions or value[x], not both {extension.exists() != value.exists()}","n/a"
"Claim.supportingInfo:svcTrace.modifierExtension","Claim.supportingInfo.modifierExtension","","extensions
user contentmodifiers","",0,*,"","Y","Y","Extension {[]} {[]}
","Extensions that cannot be ignored even if unrecognized","May be used to represent additional information that is not part of the basic definition of the element and that modifies the understanding of the element in which it is contained and/or the understanding of the containing element's descendants. Usually modifier elements provide negation or qualification. To make the use of extensions safe and manageable, there is a strict set of governance applied to the definition and use of extensions. Though any implementer can define an extension, there is a set of requirements that SHALL be met as part of the definition of the extension. Applications processing a resource are required to check for modifier extensions.

Modifier extensions SHALL NOT change the meaning of any elements on Resource or DomainResource (including cannot change the meaning of modifierExtension itself).","There can be no stigma associated with the use of extensions by any application, project, or standard - regardless of the institution or jurisdiction that uses or defines the extensions.  The use of extensions is what allows the FHIR specification to retain a core level of simplicity for everyone.","Modifier extensions allow for extensions that *cannot* be safely ignored to be clearly distinguished from the vast majority of extensions which can be safely ignored.  This promotes interoperability by eliminating the need for implementers to prohibit the presence of extensions. For further information, see the [definition of modifier extensions](http://hl7.org/fhir/R4/extensibility.html#modifierExtension).","","","","","","","",,,,,"",,,,"BackboneElement.modifierExtension",0,*,"","ele-1:All FHIR elements must have a @value or children {hasValue() or (children().count() > id.count())}
ext-1:Must have either extensions or value[x], not both {extension.exists() != value.exists()}","N/A"
"Claim.supportingInfo:svcTrace.sequence","Claim.supportingInfo.sequence","","","",1,1,"","","","positiveInt {[]} {[]}
","Information instance identifier","A number to uniquely identify supporting information entries.","","Necessary to maintain the order of the supporting information items and provide a mechanism to link to claim details.","","","","","","","",,,,,"",,,,"Claim.supportingInfo.sequence",1,1,"","ele-1:All FHIR elements must have a @value or children {hasValue() or (children().count() > id.count())}
"
"Claim.supportingInfo:svcTrace.category","Claim.supportingInfo.category","","","",1,1,"","","","CodeableConcept {[]} {[]}
","補充資料的類別。[應填入支付審查服務紀錄補充資訊類別代碼]","The general class of the information supplied: information; exception; accident, employment; onset, etc.","This may contain a category for the local bill type codes.","Required to group or associate information items with common characteristics. For example: admission information or prior treatments.","","","","<valueCodeableConcept xmlns=""http://hl7.org/fhir"">
  <coding>
    <system value=""http://ltc-ig.fhir.tw/CodeSystem/cs-tw-ltc-feeaudit-supporting-info""/>
    <code value=""svcTrace""/>
  </coding>
</valueCodeableConcept>","","","",,"extensible","","http://ltc-ig.fhir.tw/ValueSet/vs-tw-ltc-feeaudit-supporting-info","",,,,"Claim.supportingInfo.category",1,1,"","ele-1:All FHIR elements must have a @value or children {hasValue() or (children().count() > id.count())}
"
"Claim.supportingInfo:svcTrace.code","Claim.supportingInfo.code","","","",0,1,"","","","CodeableConcept {[]} {[]}
","補充資料的代碼。[應依資料類別填入對應 Slice 值集的代碼]","System and code pertaining to the specific information regarding special conditions relating to the setting, treatment or patient  for which care is sought.","","Required to identify the kind of additional information.","","","","","","","",,"example","The valuset used for additional information codes.","http://hl7.org/fhir/ValueSet/claim-exception|4.0.1","",,,,"Claim.supportingInfo.code",0,1,"","ele-1:All FHIR elements must have a @value or children {hasValue() or (children().count() > id.count())}
"
"Claim.supportingInfo:svcTrace.timing[x]","Claim.supportingInfo.timing[x]","","","",0,1,"","","","date {[]} {[]}
Period {[]} {[]}","When it occurred","The date when or period to which this information refers.","","","","","","","","","",,,,,"",,,,"Claim.supportingInfo.timing[x]",0,1,"","ele-1:All FHIR elements must have a @value or children {hasValue() or (children().count() > id.count())}
"
"Claim.supportingInfo:svcTrace.value[x]","Claim.supportingInfo.value[x]","","","",1,1,"Y","","","string {[]} {[]}
","Data to be provided","Additional data or information such as resources, documents, images etc. including references to the data or the actual inclusion of the data.","Could be used to provide references to other resources, document. For example could contain a PDF in an Attachment of the Police Report for an Accident.","To convey the data content to be provided when the information is more than a simple code or period.","","","","","","","",,,,,"",,,,"Claim.supportingInfo.value[x]",0,1,"","ele-1:All FHIR elements must have a @value or children {hasValue() or (children().count() > id.count())}
"
"Claim.supportingInfo:svcTrace.reason","Claim.supportingInfo.reason","","","",0,1,"","","","CodeableConcept {[]} {[]}
","Explanation for the information","Provides the reason in the situation where a reason code is required in addition to the content.","For example: the reason for the additional stay, or why a tooth is  missing.","Needed when the supporting information has both a date and amount/value and requires explanation.","","","","","","","",,"example","Reason codes for the missing teeth.","http://hl7.org/fhir/ValueSet/missing-tooth-reason|4.0.1","",,,,"Claim.supportingInfo.reason",0,1,"","ele-1:All FHIR elements must have a @value or children {hasValue() or (children().count() > id.count())}
"
"Claim.supportingInfo:svcGoal","Claim.supportingInfo","svcGoal","Attachments
Exception Codes
Occurrence Codes
Value codes
","",0,1,"Y","","","BackboneElement {[]} {[]}
","各項服務與整體照顧計畫的目標達成情形，申報 AA00 時填寫。[應在 valueString 填入最長 4000 個字元的字串]","應填寫各項服務目標與整體照顧計畫目標的達成情形。尚未達成的目標可補充原因與後續安排。","Often there are multiple jurisdiction specific valuesets which are required.","Typically these information codes are required to support the services rendered or the adjudication of the services rendered.","","","","","","","",,,,,"",,,,"Claim.supportingInfo",0,*,"","ele-1:All FHIR elements must have a @value or children {hasValue() or (children().count() > id.count())}
","Request.supportingInfo"
"Claim.supportingInfo:svcGoal.id","Claim.supportingInfo.id","","","",0,1,"","","","string {[]} {[]}
","Unique id for inter-element referencing","Unique id for the element within a resource (for internal references). This may be any string value that does not contain spaces.","","","","","","","","","",,,,,"",,,,"Element.id",0,1,"","","n/a"
"Claim.supportingInfo:svcGoal.extension","Claim.supportingInfo.extension","","extensions
user content","",0,*,"","","","Extension {[]} {[]}
","Additional content defined by implementations","May be used to represent additional information that is not part of the basic definition of the element. To make the use of extensions safe and manageable, there is a strict set of governance  applied to the definition and use of extensions. Though any implementer can define an extension, there is a set of requirements that SHALL be met as part of the definition of the extension.","There can be no stigma associated with the use of extensions by any application, project, or standard - regardless of the institution or jurisdiction that uses or defines the extensions.  The use of extensions is what allows the FHIR specification to retain a core level of simplicity for everyone.","","","","","","","","",,,,,"",,,,"Element.extension",0,*,"","ele-1:All FHIR elements must have a @value or children {hasValue() or (children().count() > id.count())}
ext-1:Must have either extensions or value[x], not both {extension.exists() != value.exists()}","n/a"
"Claim.supportingInfo:svcGoal.modifierExtension","Claim.supportingInfo.modifierExtension","","extensions
user contentmodifiers","",0,*,"","Y","Y","Extension {[]} {[]}
","Extensions that cannot be ignored even if unrecognized","May be used to represent additional information that is not part of the basic definition of the element and that modifies the understanding of the element in which it is contained and/or the understanding of the containing element's descendants. Usually modifier elements provide negation or qualification. To make the use of extensions safe and manageable, there is a strict set of governance applied to the definition and use of extensions. Though any implementer can define an extension, there is a set of requirements that SHALL be met as part of the definition of the extension. Applications processing a resource are required to check for modifier extensions.

Modifier extensions SHALL NOT change the meaning of any elements on Resource or DomainResource (including cannot change the meaning of modifierExtension itself).","There can be no stigma associated with the use of extensions by any application, project, or standard - regardless of the institution or jurisdiction that uses or defines the extensions.  The use of extensions is what allows the FHIR specification to retain a core level of simplicity for everyone.","Modifier extensions allow for extensions that *cannot* be safely ignored to be clearly distinguished from the vast majority of extensions which can be safely ignored.  This promotes interoperability by eliminating the need for implementers to prohibit the presence of extensions. For further information, see the [definition of modifier extensions](http://hl7.org/fhir/R4/extensibility.html#modifierExtension).","","","","","","","",,,,,"",,,,"BackboneElement.modifierExtension",0,*,"","ele-1:All FHIR elements must have a @value or children {hasValue() or (children().count() > id.count())}
ext-1:Must have either extensions or value[x], not both {extension.exists() != value.exists()}","N/A"
"Claim.supportingInfo:svcGoal.sequence","Claim.supportingInfo.sequence","","","",1,1,"","","","positiveInt {[]} {[]}
","Information instance identifier","A number to uniquely identify supporting information entries.","","Necessary to maintain the order of the supporting information items and provide a mechanism to link to claim details.","","","","","","","",,,,,"",,,,"Claim.supportingInfo.sequence",1,1,"","ele-1:All FHIR elements must have a @value or children {hasValue() or (children().count() > id.count())}
"
"Claim.supportingInfo:svcGoal.category","Claim.supportingInfo.category","","","",1,1,"","","","CodeableConcept {[]} {[]}
","補充資料的類別。[應填入支付審查服務紀錄補充資訊類別代碼]","The general class of the information supplied: information; exception; accident, employment; onset, etc.","This may contain a category for the local bill type codes.","Required to group or associate information items with common characteristics. For example: admission information or prior treatments.","","","","<valueCodeableConcept xmlns=""http://hl7.org/fhir"">
  <coding>
    <system value=""http://ltc-ig.fhir.tw/CodeSystem/cs-tw-ltc-feeaudit-supporting-info""/>
    <code value=""svcGoal""/>
  </coding>
</valueCodeableConcept>","","","",,"extensible","","http://ltc-ig.fhir.tw/ValueSet/vs-tw-ltc-feeaudit-supporting-info","",,,,"Claim.supportingInfo.category",1,1,"","ele-1:All FHIR elements must have a @value or children {hasValue() or (children().count() > id.count())}
"
"Claim.supportingInfo:svcGoal.code","Claim.supportingInfo.code","","","",0,1,"","","","CodeableConcept {[]} {[]}
","補充資料的代碼。[應依資料類別填入對應 Slice 值集的代碼]","System and code pertaining to the specific information regarding special conditions relating to the setting, treatment or patient  for which care is sought.","","Required to identify the kind of additional information.","","","","","","","",,"example","The valuset used for additional information codes.","http://hl7.org/fhir/ValueSet/claim-exception|4.0.1","",,,,"Claim.supportingInfo.code",0,1,"","ele-1:All FHIR elements must have a @value or children {hasValue() or (children().count() > id.count())}
"
"Claim.supportingInfo:svcGoal.timing[x]","Claim.supportingInfo.timing[x]","","","",0,1,"","","","date {[]} {[]}
Period {[]} {[]}","When it occurred","The date when or period to which this information refers.","","","","","","","","","",,,,,"",,,,"Claim.supportingInfo.timing[x]",0,1,"","ele-1:All FHIR elements must have a @value or children {hasValue() or (children().count() > id.count())}
"
"Claim.supportingInfo:svcGoal.value[x]","Claim.supportingInfo.value[x]","","","",1,1,"Y","","","string {[]} {[]}
","Data to be provided","Additional data or information such as resources, documents, images etc. including references to the data or the actual inclusion of the data.","Could be used to provide references to other resources, document. For example could contain a PDF in an Attachment of the Police Report for an Accident.","To convey the data content to be provided when the information is more than a simple code or period.","","","","","","","",,,,,"",,,,"Claim.supportingInfo.value[x]",0,1,"","ele-1:All FHIR elements must have a @value or children {hasValue() or (children().count() > id.count())}
"
"Claim.supportingInfo:svcGoal.reason","Claim.supportingInfo.reason","","","",0,1,"","","","CodeableConcept {[]} {[]}
","Explanation for the information","Provides the reason in the situation where a reason code is required in addition to the content.","For example: the reason for the additional stay, or why a tooth is  missing.","Needed when the supporting information has both a date and amount/value and requires explanation.","","","","","","","",,"example","Reason codes for the missing teeth.","http://hl7.org/fhir/ValueSet/missing-tooth-reason|4.0.1","",,,,"Claim.supportingInfo.reason",0,1,"","ele-1:All FHIR elements must have a @value or children {hasValue() or (children().count() > id.count())}
"
"Claim.supportingInfo:svcSuitable","Claim.supportingInfo","svcSuitable","Attachments
Exception Codes
Occurrence Codes
Value codes
","",0,1,"Y","","","BackboneElement {[]} {[]}
","照顧計畫是否合適及需求變動的說明，申報 AA00 時填寫。[應在 valueString 填入最長 4000 個字元的字串]","應填寫目前照顧計畫是否符合個案需求，以及需要調整的服務內容。","Often there are multiple jurisdiction specific valuesets which are required.","Typically these information codes are required to support the services rendered or the adjudication of the services rendered.","","","","","","","",,,,,"",,,,"Claim.supportingInfo",0,*,"","ele-1:All FHIR elements must have a @value or children {hasValue() or (children().count() > id.count())}
","Request.supportingInfo"
"Claim.supportingInfo:svcSuitable.id","Claim.supportingInfo.id","","","",0,1,"","","","string {[]} {[]}
","Unique id for inter-element referencing","Unique id for the element within a resource (for internal references). This may be any string value that does not contain spaces.","","","","","","","","","",,,,,"",,,,"Element.id",0,1,"","","n/a"
"Claim.supportingInfo:svcSuitable.extension","Claim.supportingInfo.extension","","extensions
user content","",0,*,"","","","Extension {[]} {[]}
","Additional content defined by implementations","May be used to represent additional information that is not part of the basic definition of the element. To make the use of extensions safe and manageable, there is a strict set of governance  applied to the definition and use of extensions. Though any implementer can define an extension, there is a set of requirements that SHALL be met as part of the definition of the extension.","There can be no stigma associated with the use of extensions by any application, project, or standard - regardless of the institution or jurisdiction that uses or defines the extensions.  The use of extensions is what allows the FHIR specification to retain a core level of simplicity for everyone.","","","","","","","","",,,,,"",,,,"Element.extension",0,*,"","ele-1:All FHIR elements must have a @value or children {hasValue() or (children().count() > id.count())}
ext-1:Must have either extensions or value[x], not both {extension.exists() != value.exists()}","n/a"
"Claim.supportingInfo:svcSuitable.modifierExtension","Claim.supportingInfo.modifierExtension","","extensions
user contentmodifiers","",0,*,"","Y","Y","Extension {[]} {[]}
","Extensions that cannot be ignored even if unrecognized","May be used to represent additional information that is not part of the basic definition of the element and that modifies the understanding of the element in which it is contained and/or the understanding of the containing element's descendants. Usually modifier elements provide negation or qualification. To make the use of extensions safe and manageable, there is a strict set of governance applied to the definition and use of extensions. Though any implementer can define an extension, there is a set of requirements that SHALL be met as part of the definition of the extension. Applications processing a resource are required to check for modifier extensions.

Modifier extensions SHALL NOT change the meaning of any elements on Resource or DomainResource (including cannot change the meaning of modifierExtension itself).","There can be no stigma associated with the use of extensions by any application, project, or standard - regardless of the institution or jurisdiction that uses or defines the extensions.  The use of extensions is what allows the FHIR specification to retain a core level of simplicity for everyone.","Modifier extensions allow for extensions that *cannot* be safely ignored to be clearly distinguished from the vast majority of extensions which can be safely ignored.  This promotes interoperability by eliminating the need for implementers to prohibit the presence of extensions. For further information, see the [definition of modifier extensions](http://hl7.org/fhir/R4/extensibility.html#modifierExtension).","","","","","","","",,,,,"",,,,"BackboneElement.modifierExtension",0,*,"","ele-1:All FHIR elements must have a @value or children {hasValue() or (children().count() > id.count())}
ext-1:Must have either extensions or value[x], not both {extension.exists() != value.exists()}","N/A"
"Claim.supportingInfo:svcSuitable.sequence","Claim.supportingInfo.sequence","","","",1,1,"","","","positiveInt {[]} {[]}
","Information instance identifier","A number to uniquely identify supporting information entries.","","Necessary to maintain the order of the supporting information items and provide a mechanism to link to claim details.","","","","","","","",,,,,"",,,,"Claim.supportingInfo.sequence",1,1,"","ele-1:All FHIR elements must have a @value or children {hasValue() or (children().count() > id.count())}
"
"Claim.supportingInfo:svcSuitable.category","Claim.supportingInfo.category","","","",1,1,"","","","CodeableConcept {[]} {[]}
","補充資料的類別。[應填入支付審查服務紀錄補充資訊類別代碼]","The general class of the information supplied: information; exception; accident, employment; onset, etc.","This may contain a category for the local bill type codes.","Required to group or associate information items with common characteristics. For example: admission information or prior treatments.","","","","<valueCodeableConcept xmlns=""http://hl7.org/fhir"">
  <coding>
    <system value=""http://ltc-ig.fhir.tw/CodeSystem/cs-tw-ltc-feeaudit-supporting-info""/>
    <code value=""svcSuitable""/>
  </coding>
</valueCodeableConcept>","","","",,"extensible","","http://ltc-ig.fhir.tw/ValueSet/vs-tw-ltc-feeaudit-supporting-info","",,,,"Claim.supportingInfo.category",1,1,"","ele-1:All FHIR elements must have a @value or children {hasValue() or (children().count() > id.count())}
"
"Claim.supportingInfo:svcSuitable.code","Claim.supportingInfo.code","","","",0,1,"","","","CodeableConcept {[]} {[]}
","補充資料的代碼。[應依資料類別填入對應 Slice 值集的代碼]","System and code pertaining to the specific information regarding special conditions relating to the setting, treatment or patient  for which care is sought.","","Required to identify the kind of additional information.","","","","","","","",,"example","The valuset used for additional information codes.","http://hl7.org/fhir/ValueSet/claim-exception|4.0.1","",,,,"Claim.supportingInfo.code",0,1,"","ele-1:All FHIR elements must have a @value or children {hasValue() or (children().count() > id.count())}
"
"Claim.supportingInfo:svcSuitable.timing[x]","Claim.supportingInfo.timing[x]","","","",0,1,"","","","date {[]} {[]}
Period {[]} {[]}","When it occurred","The date when or period to which this information refers.","","","","","","","","","",,,,,"",,,,"Claim.supportingInfo.timing[x]",0,1,"","ele-1:All FHIR elements must have a @value or children {hasValue() or (children().count() > id.count())}
"
"Claim.supportingInfo:svcSuitable.value[x]","Claim.supportingInfo.value[x]","","","",1,1,"Y","","","string {[]} {[]}
","Data to be provided","Additional data or information such as resources, documents, images etc. including references to the data or the actual inclusion of the data.","Could be used to provide references to other resources, document. For example could contain a PDF in an Attachment of the Police Report for an Accident.","To convey the data content to be provided when the information is more than a simple code or period.","","","","","","","",,,,,"",,,,"Claim.supportingInfo.value[x]",0,1,"","ele-1:All FHIR elements must have a @value or children {hasValue() or (children().count() > id.count())}
"
"Claim.supportingInfo:svcSuitable.reason","Claim.supportingInfo.reason","","","",0,1,"","","","CodeableConcept {[]} {[]}
","Explanation for the information","Provides the reason in the situation where a reason code is required in addition to the content.","For example: the reason for the additional stay, or why a tooth is  missing.","Needed when the supporting information has both a date and amount/value and requires explanation.","","","","","","","",,"example","Reason codes for the missing teeth.","http://hl7.org/fhir/ValueSet/missing-tooth-reason|4.0.1","",,,,"Claim.supportingInfo.reason",0,1,"","ele-1:All FHIR elements must have a @value or children {hasValue() or (children().count() > id.count())}
"
"Claim.supportingInfo:svcUnit","Claim.supportingInfo","svcUnit","Attachments
Exception Codes
Occurrence Codes
Value codes
","",0,1,"Y","","","BackboneElement {[]} {[]}
","提供專業服務的 C 單位代碼，申報 AA03 時必填。[應在 valueString 填入最長 20 個字元的字串]","Additional information codes regarding exceptions, special considerations, the condition, situation, prior or concurrent issues.","Often there are multiple jurisdiction specific valuesets which are required.","Typically these information codes are required to support the services rendered or the adjudication of the services rendered.","","","","","","","",,,,,"",,,,"Claim.supportingInfo",0,*,"","ele-1:All FHIR elements must have a @value or children {hasValue() or (children().count() > id.count())}
","Request.supportingInfo"
"Claim.supportingInfo:svcUnit.id","Claim.supportingInfo.id","","","",0,1,"","","","string {[]} {[]}
","Unique id for inter-element referencing","Unique id for the element within a resource (for internal references). This may be any string value that does not contain spaces.","","","","","","","","","",,,,,"",,,,"Element.id",0,1,"","","n/a"
"Claim.supportingInfo:svcUnit.extension","Claim.supportingInfo.extension","","extensions
user content","",0,*,"","","","Extension {[]} {[]}
","Additional content defined by implementations","May be used to represent additional information that is not part of the basic definition of the element. To make the use of extensions safe and manageable, there is a strict set of governance  applied to the definition and use of extensions. Though any implementer can define an extension, there is a set of requirements that SHALL be met as part of the definition of the extension.","There can be no stigma associated with the use of extensions by any application, project, or standard - regardless of the institution or jurisdiction that uses or defines the extensions.  The use of extensions is what allows the FHIR specification to retain a core level of simplicity for everyone.","","","","","","","","",,,,,"",,,,"Element.extension",0,*,"","ele-1:All FHIR elements must have a @value or children {hasValue() or (children().count() > id.count())}
ext-1:Must have either extensions or value[x], not both {extension.exists() != value.exists()}","n/a"
"Claim.supportingInfo:svcUnit.modifierExtension","Claim.supportingInfo.modifierExtension","","extensions
user contentmodifiers","",0,*,"","Y","Y","Extension {[]} {[]}
","Extensions that cannot be ignored even if unrecognized","May be used to represent additional information that is not part of the basic definition of the element and that modifies the understanding of the element in which it is contained and/or the understanding of the containing element's descendants. Usually modifier elements provide negation or qualification. To make the use of extensions safe and manageable, there is a strict set of governance applied to the definition and use of extensions. Though any implementer can define an extension, there is a set of requirements that SHALL be met as part of the definition of the extension. Applications processing a resource are required to check for modifier extensions.

Modifier extensions SHALL NOT change the meaning of any elements on Resource or DomainResource (including cannot change the meaning of modifierExtension itself).","There can be no stigma associated with the use of extensions by any application, project, or standard - regardless of the institution or jurisdiction that uses or defines the extensions.  The use of extensions is what allows the FHIR specification to retain a core level of simplicity for everyone.","Modifier extensions allow for extensions that *cannot* be safely ignored to be clearly distinguished from the vast majority of extensions which can be safely ignored.  This promotes interoperability by eliminating the need for implementers to prohibit the presence of extensions. For further information, see the [definition of modifier extensions](http://hl7.org/fhir/R4/extensibility.html#modifierExtension).","","","","","","","",,,,,"",,,,"BackboneElement.modifierExtension",0,*,"","ele-1:All FHIR elements must have a @value or children {hasValue() or (children().count() > id.count())}
ext-1:Must have either extensions or value[x], not both {extension.exists() != value.exists()}","N/A"
"Claim.supportingInfo:svcUnit.sequence","Claim.supportingInfo.sequence","","","",1,1,"","","","positiveInt {[]} {[]}
","Information instance identifier","A number to uniquely identify supporting information entries.","","Necessary to maintain the order of the supporting information items and provide a mechanism to link to claim details.","","","","","","","",,,,,"",,,,"Claim.supportingInfo.sequence",1,1,"","ele-1:All FHIR elements must have a @value or children {hasValue() or (children().count() > id.count())}
"
"Claim.supportingInfo:svcUnit.category","Claim.supportingInfo.category","","","",1,1,"","","","CodeableConcept {[]} {[]}
","補充資料的類別。[應填入支付審查服務紀錄補充資訊類別代碼]","The general class of the information supplied: information; exception; accident, employment; onset, etc.","This may contain a category for the local bill type codes.","Required to group or associate information items with common characteristics. For example: admission information or prior treatments.","","","","<valueCodeableConcept xmlns=""http://hl7.org/fhir"">
  <coding>
    <system value=""http://ltc-ig.fhir.tw/CodeSystem/cs-tw-ltc-feeaudit-supporting-info""/>
    <code value=""svcUnit""/>
  </coding>
</valueCodeableConcept>","","","",,"extensible","","http://ltc-ig.fhir.tw/ValueSet/vs-tw-ltc-feeaudit-supporting-info","",,,,"Claim.supportingInfo.category",1,1,"","ele-1:All FHIR elements must have a @value or children {hasValue() or (children().count() > id.count())}
"
"Claim.supportingInfo:svcUnit.code","Claim.supportingInfo.code","","","",0,1,"","","","CodeableConcept {[]} {[]}
","補充資料的代碼。[應依資料類別填入對應 Slice 值集的代碼]","System and code pertaining to the specific information regarding special conditions relating to the setting, treatment or patient  for which care is sought.","","Required to identify the kind of additional information.","","","","","","","",,"example","The valuset used for additional information codes.","http://hl7.org/fhir/ValueSet/claim-exception|4.0.1","",,,,"Claim.supportingInfo.code",0,1,"","ele-1:All FHIR elements must have a @value or children {hasValue() or (children().count() > id.count())}
"
"Claim.supportingInfo:svcUnit.timing[x]","Claim.supportingInfo.timing[x]","","","",0,1,"","","","date {[]} {[]}
Period {[]} {[]}","When it occurred","The date when or period to which this information refers.","","","","","","","","","",,,,,"",,,,"Claim.supportingInfo.timing[x]",0,1,"","ele-1:All FHIR elements must have a @value or children {hasValue() or (children().count() > id.count())}
"
"Claim.supportingInfo:svcUnit.value[x]","Claim.supportingInfo.value[x]","","","",1,1,"Y","","","string {[]} {[]}
","Data to be provided","Additional data or information such as resources, documents, images etc. including references to the data or the actual inclusion of the data.","Could be used to provide references to other resources, document. For example could contain a PDF in an Attachment of the Police Report for an Accident.","To convey the data content to be provided when the information is more than a simple code or period.","","","","","","","",,,,,"",,,,"Claim.supportingInfo.value[x]",0,1,"","ele-1:All FHIR elements must have a @value or children {hasValue() or (children().count() > id.count())}
"
"Claim.supportingInfo:svcUnit.reason","Claim.supportingInfo.reason","","","",0,1,"","","","CodeableConcept {[]} {[]}
","Explanation for the information","Provides the reason in the situation where a reason code is required in addition to the content.","For example: the reason for the additional stay, or why a tooth is  missing.","Needed when the supporting information has both a date and amount/value and requires explanation.","","","","","","","",,"example","Reason codes for the missing teeth.","http://hl7.org/fhir/ValueSet/missing-tooth-reason|4.0.1","",,,,"Claim.supportingInfo.reason",0,1,"","ele-1:All FHIR elements must have a @value or children {hasValue() or (children().count() > id.count())}
"
"Claim.supportingInfo:svccGoalType","Claim.supportingInfo","svccGoalType","Attachments
Exception Codes
Occurrence Codes
Value codes
","",0,1,"Y","","","BackboneElement {[]} {[]}
","復能目標達成情形，申報 C 碼時填寫。[應填入 1 至 5 其中一個代碼]","代碼填入 code。1 為尚未滿 1 照顧組合次數，2 為已滿且已達目標，3 為已滿但尚未達目標，4 為未滿且已達目標，5 為未滿但尚未達目標。","Often there are multiple jurisdiction specific valuesets which are required.","Typically these information codes are required to support the services rendered or the adjudication of the services rendered.","","","","","","","",,,,,"",,,,"Claim.supportingInfo",0,*,"","ele-1:All FHIR elements must have a @value or children {hasValue() or (children().count() > id.count())}
","Request.supportingInfo"
"Claim.supportingInfo:svccGoalType.id","Claim.supportingInfo.id","","","",0,1,"","","","string {[]} {[]}
","Unique id for inter-element referencing","Unique id for the element within a resource (for internal references). This may be any string value that does not contain spaces.","","","","","","","","","",,,,,"",,,,"Element.id",0,1,"","","n/a"
"Claim.supportingInfo:svccGoalType.extension","Claim.supportingInfo.extension","","extensions
user content","",0,*,"","","","Extension {[]} {[]}
","Additional content defined by implementations","May be used to represent additional information that is not part of the basic definition of the element. To make the use of extensions safe and manageable, there is a strict set of governance  applied to the definition and use of extensions. Though any implementer can define an extension, there is a set of requirements that SHALL be met as part of the definition of the extension.","There can be no stigma associated with the use of extensions by any application, project, or standard - regardless of the institution or jurisdiction that uses or defines the extensions.  The use of extensions is what allows the FHIR specification to retain a core level of simplicity for everyone.","","","","","","","","",,,,,"",,,,"Element.extension",0,*,"","ele-1:All FHIR elements must have a @value or children {hasValue() or (children().count() > id.count())}
ext-1:Must have either extensions or value[x], not both {extension.exists() != value.exists()}","n/a"
"Claim.supportingInfo:svccGoalType.modifierExtension","Claim.supportingInfo.modifierExtension","","extensions
user contentmodifiers","",0,*,"","Y","Y","Extension {[]} {[]}
","Extensions that cannot be ignored even if unrecognized","May be used to represent additional information that is not part of the basic definition of the element and that modifies the understanding of the element in which it is contained and/or the understanding of the containing element's descendants. Usually modifier elements provide negation or qualification. To make the use of extensions safe and manageable, there is a strict set of governance applied to the definition and use of extensions. Though any implementer can define an extension, there is a set of requirements that SHALL be met as part of the definition of the extension. Applications processing a resource are required to check for modifier extensions.

Modifier extensions SHALL NOT change the meaning of any elements on Resource or DomainResource (including cannot change the meaning of modifierExtension itself).","There can be no stigma associated with the use of extensions by any application, project, or standard - regardless of the institution or jurisdiction that uses or defines the extensions.  The use of extensions is what allows the FHIR specification to retain a core level of simplicity for everyone.","Modifier extensions allow for extensions that *cannot* be safely ignored to be clearly distinguished from the vast majority of extensions which can be safely ignored.  This promotes interoperability by eliminating the need for implementers to prohibit the presence of extensions. For further information, see the [definition of modifier extensions](http://hl7.org/fhir/R4/extensibility.html#modifierExtension).","","","","","","","",,,,,"",,,,"BackboneElement.modifierExtension",0,*,"","ele-1:All FHIR elements must have a @value or children {hasValue() or (children().count() > id.count())}
ext-1:Must have either extensions or value[x], not both {extension.exists() != value.exists()}","N/A"
"Claim.supportingInfo:svccGoalType.sequence","Claim.supportingInfo.sequence","","","",1,1,"","","","positiveInt {[]} {[]}
","Information instance identifier","A number to uniquely identify supporting information entries.","","Necessary to maintain the order of the supporting information items and provide a mechanism to link to claim details.","","","","","","","",,,,,"",,,,"Claim.supportingInfo.sequence",1,1,"","ele-1:All FHIR elements must have a @value or children {hasValue() or (children().count() > id.count())}
"
"Claim.supportingInfo:svccGoalType.category","Claim.supportingInfo.category","","","",1,1,"","","","CodeableConcept {[]} {[]}
","補充資料的類別。[應填入支付審查服務紀錄補充資訊類別代碼]","The general class of the information supplied: information; exception; accident, employment; onset, etc.","This may contain a category for the local bill type codes.","Required to group or associate information items with common characteristics. For example: admission information or prior treatments.","","","","<valueCodeableConcept xmlns=""http://hl7.org/fhir"">
  <coding>
    <system value=""http://ltc-ig.fhir.tw/CodeSystem/cs-tw-ltc-feeaudit-supporting-info""/>
    <code value=""svccGoalType""/>
  </coding>
</valueCodeableConcept>","","","",,"extensible","","http://ltc-ig.fhir.tw/ValueSet/vs-tw-ltc-feeaudit-supporting-info","",,,,"Claim.supportingInfo.category",1,1,"","ele-1:All FHIR elements must have a @value or children {hasValue() or (children().count() > id.count())}
"
"Claim.supportingInfo:svccGoalType.code","Claim.supportingInfo.code","","","",1,1,"Y","","","CodeableConcept {[]} {[]}
","補充資料的代碼。[應依資料類別填入對應 Slice 值集的代碼]","System and code pertaining to the specific information regarding special conditions relating to the setting, treatment or patient  for which care is sought.","","Required to identify the kind of additional information.","","","","","","","",,"required","","http://ltc-ig.fhir.tw/ValueSet/vs-tw-ltc-feeaudit-svcc-goal-type","",,,,"Claim.supportingInfo.code",0,1,"","ele-1:All FHIR elements must have a @value or children {hasValue() or (children().count() > id.count())}
"
"Claim.supportingInfo:svccGoalType.timing[x]","Claim.supportingInfo.timing[x]","","","",0,1,"","","","date {[]} {[]}
Period {[]} {[]}","When it occurred","The date when or period to which this information refers.","","","","","","","","","",,,,,"",,,,"Claim.supportingInfo.timing[x]",0,1,"","ele-1:All FHIR elements must have a @value or children {hasValue() or (children().count() > id.count())}
"
"Claim.supportingInfo:svccGoalType.value[x]","Claim.supportingInfo.value[x]","","","",0,0,"","","","boolean {[]} {[]}
string {[]} {[]}Quantity {[]} {[]}Attachment {[]} {[]}Reference {[]} {[CanonicalType[http://hl7.org/fhir/StructureDefinition/Resource|4.0.1]]}","Data to be provided","Additional data or information such as resources, documents, images etc. including references to the data or the actual inclusion of the data.","Could be used to provide references to other resources, document. For example could contain a PDF in an Attachment of the Police Report for an Accident.","To convey the data content to be provided when the information is more than a simple code or period.","","","","","","","",,,,,"",,,,"Claim.supportingInfo.value[x]",0,1,"","ele-1:All FHIR elements must have a @value or children {hasValue() or (children().count() > id.count())}
"
"Claim.supportingInfo:svccGoalType.reason","Claim.supportingInfo.reason","","","",0,1,"","","","CodeableConcept {[]} {[]}
","Explanation for the information","Provides the reason in the situation where a reason code is required in addition to the content.","For example: the reason for the additional stay, or why a tooth is  missing.","Needed when the supporting information has both a date and amount/value and requires explanation.","","","","","","","",,"example","Reason codes for the missing teeth.","http://hl7.org/fhir/ValueSet/missing-tooth-reason|4.0.1","",,,,"Claim.supportingInfo.reason",0,1,"","ele-1:All FHIR elements must have a @value or children {hasValue() or (children().count() > id.count())}
"
"Claim.supportingInfo:svccGoal","Claim.supportingInfo","svccGoal","Attachments
Exception Codes
Occurrence Codes
Value codes
","",0,1,"Y","","","BackboneElement {[]} {[]}
","專業服務的復能目標，申報 C 碼時填寫。[應在 valueString 填入最長 4000 個字元的字串]","應填寫專業服務預期協助個案達成的復能目標。","Often there are multiple jurisdiction specific valuesets which are required.","Typically these information codes are required to support the services rendered or the adjudication of the services rendered.","","","","","","","",,,,,"",,,,"Claim.supportingInfo",0,*,"","ele-1:All FHIR elements must have a @value or children {hasValue() or (children().count() > id.count())}
","Request.supportingInfo"
"Claim.supportingInfo:svccGoal.id","Claim.supportingInfo.id","","","",0,1,"","","","string {[]} {[]}
","Unique id for inter-element referencing","Unique id for the element within a resource (for internal references). This may be any string value that does not contain spaces.","","","","","","","","","",,,,,"",,,,"Element.id",0,1,"","","n/a"
"Claim.supportingInfo:svccGoal.extension","Claim.supportingInfo.extension","","extensions
user content","",0,*,"","","","Extension {[]} {[]}
","Additional content defined by implementations","May be used to represent additional information that is not part of the basic definition of the element. To make the use of extensions safe and manageable, there is a strict set of governance  applied to the definition and use of extensions. Though any implementer can define an extension, there is a set of requirements that SHALL be met as part of the definition of the extension.","There can be no stigma associated with the use of extensions by any application, project, or standard - regardless of the institution or jurisdiction that uses or defines the extensions.  The use of extensions is what allows the FHIR specification to retain a core level of simplicity for everyone.","","","","","","","","",,,,,"",,,,"Element.extension",0,*,"","ele-1:All FHIR elements must have a @value or children {hasValue() or (children().count() > id.count())}
ext-1:Must have either extensions or value[x], not both {extension.exists() != value.exists()}","n/a"
"Claim.supportingInfo:svccGoal.modifierExtension","Claim.supportingInfo.modifierExtension","","extensions
user contentmodifiers","",0,*,"","Y","Y","Extension {[]} {[]}
","Extensions that cannot be ignored even if unrecognized","May be used to represent additional information that is not part of the basic definition of the element and that modifies the understanding of the element in which it is contained and/or the understanding of the containing element's descendants. Usually modifier elements provide negation or qualification. To make the use of extensions safe and manageable, there is a strict set of governance applied to the definition and use of extensions. Though any implementer can define an extension, there is a set of requirements that SHALL be met as part of the definition of the extension. Applications processing a resource are required to check for modifier extensions.

Modifier extensions SHALL NOT change the meaning of any elements on Resource or DomainResource (including cannot change the meaning of modifierExtension itself).","There can be no stigma associated with the use of extensions by any application, project, or standard - regardless of the institution or jurisdiction that uses or defines the extensions.  The use of extensions is what allows the FHIR specification to retain a core level of simplicity for everyone.","Modifier extensions allow for extensions that *cannot* be safely ignored to be clearly distinguished from the vast majority of extensions which can be safely ignored.  This promotes interoperability by eliminating the need for implementers to prohibit the presence of extensions. For further information, see the [definition of modifier extensions](http://hl7.org/fhir/R4/extensibility.html#modifierExtension).","","","","","","","",,,,,"",,,,"BackboneElement.modifierExtension",0,*,"","ele-1:All FHIR elements must have a @value or children {hasValue() or (children().count() > id.count())}
ext-1:Must have either extensions or value[x], not both {extension.exists() != value.exists()}","N/A"
"Claim.supportingInfo:svccGoal.sequence","Claim.supportingInfo.sequence","","","",1,1,"","","","positiveInt {[]} {[]}
","Information instance identifier","A number to uniquely identify supporting information entries.","","Necessary to maintain the order of the supporting information items and provide a mechanism to link to claim details.","","","","","","","",,,,,"",,,,"Claim.supportingInfo.sequence",1,1,"","ele-1:All FHIR elements must have a @value or children {hasValue() or (children().count() > id.count())}
"
"Claim.supportingInfo:svccGoal.category","Claim.supportingInfo.category","","","",1,1,"","","","CodeableConcept {[]} {[]}
","補充資料的類別。[應填入支付審查服務紀錄補充資訊類別代碼]","The general class of the information supplied: information; exception; accident, employment; onset, etc.","This may contain a category for the local bill type codes.","Required to group or associate information items with common characteristics. For example: admission information or prior treatments.","","","","<valueCodeableConcept xmlns=""http://hl7.org/fhir"">
  <coding>
    <system value=""http://ltc-ig.fhir.tw/CodeSystem/cs-tw-ltc-feeaudit-supporting-info""/>
    <code value=""svccGoal""/>
  </coding>
</valueCodeableConcept>","","","",,"extensible","","http://ltc-ig.fhir.tw/ValueSet/vs-tw-ltc-feeaudit-supporting-info","",,,,"Claim.supportingInfo.category",1,1,"","ele-1:All FHIR elements must have a @value or children {hasValue() or (children().count() > id.count())}
"
"Claim.supportingInfo:svccGoal.code","Claim.supportingInfo.code","","","",0,1,"","","","CodeableConcept {[]} {[]}
","補充資料的代碼。[應依資料類別填入對應 Slice 值集的代碼]","System and code pertaining to the specific information regarding special conditions relating to the setting, treatment or patient  for which care is sought.","","Required to identify the kind of additional information.","","","","","","","",,"example","The valuset used for additional information codes.","http://hl7.org/fhir/ValueSet/claim-exception|4.0.1","",,,,"Claim.supportingInfo.code",0,1,"","ele-1:All FHIR elements must have a @value or children {hasValue() or (children().count() > id.count())}
"
"Claim.supportingInfo:svccGoal.timing[x]","Claim.supportingInfo.timing[x]","","","",0,1,"","","","date {[]} {[]}
Period {[]} {[]}","When it occurred","The date when or period to which this information refers.","","","","","","","","","",,,,,"",,,,"Claim.supportingInfo.timing[x]",0,1,"","ele-1:All FHIR elements must have a @value or children {hasValue() or (children().count() > id.count())}
"
"Claim.supportingInfo:svccGoal.value[x]","Claim.supportingInfo.value[x]","","","",1,1,"Y","","","string {[]} {[]}
","Data to be provided","Additional data or information such as resources, documents, images etc. including references to the data or the actual inclusion of the data.","Could be used to provide references to other resources, document. For example could contain a PDF in an Attachment of the Police Report for an Accident.","To convey the data content to be provided when the information is more than a simple code or period.","","","","","","","",,,,,"",,,,"Claim.supportingInfo.value[x]",0,1,"","ele-1:All FHIR elements must have a @value or children {hasValue() or (children().count() > id.count())}
"
"Claim.supportingInfo:svccGoal.reason","Claim.supportingInfo.reason","","","",0,1,"","","","CodeableConcept {[]} {[]}
","Explanation for the information","Provides the reason in the situation where a reason code is required in addition to the content.","For example: the reason for the additional stay, or why a tooth is  missing.","Needed when the supporting information has both a date and amount/value and requires explanation.","","","","","","","",,"example","Reason codes for the missing teeth.","http://hl7.org/fhir/ValueSet/missing-tooth-reason|4.0.1","",,,,"Claim.supportingInfo.reason",0,1,"","ele-1:All FHIR elements must have a @value or children {hasValue() or (children().count() > id.count())}
"
"Claim.supportingInfo:svccContentTarget","Claim.supportingInfo","svccContentTarget","Attachments
Exception Codes
Occurrence Codes
Value codes
","",0,1,"Y","","","BackboneElement {[]} {[]}
","接受專業服務指導的對象，申報 C 碼時填寫。[應在 valueString 填入最長 4000 個字元的字串]","應填寫本次接受專業服務指導的人員，例如個案、家庭照顧者或照顧服務員。","Often there are multiple jurisdiction specific valuesets which are required.","Typically these information codes are required to support the services rendered or the adjudication of the services rendered.","","","","","","","",,,,,"",,,,"Claim.supportingInfo",0,*,"","ele-1:All FHIR elements must have a @value or children {hasValue() or (children().count() > id.count())}
","Request.supportingInfo"
"Claim.supportingInfo:svccContentTarget.id","Claim.supportingInfo.id","","","",0,1,"","","","string {[]} {[]}
","Unique id for inter-element referencing","Unique id for the element within a resource (for internal references). This may be any string value that does not contain spaces.","","","","","","","","","",,,,,"",,,,"Element.id",0,1,"","","n/a"
"Claim.supportingInfo:svccContentTarget.extension","Claim.supportingInfo.extension","","extensions
user content","",0,*,"","","","Extension {[]} {[]}
","Additional content defined by implementations","May be used to represent additional information that is not part of the basic definition of the element. To make the use of extensions safe and manageable, there is a strict set of governance  applied to the definition and use of extensions. Though any implementer can define an extension, there is a set of requirements that SHALL be met as part of the definition of the extension.","There can be no stigma associated with the use of extensions by any application, project, or standard - regardless of the institution or jurisdiction that uses or defines the extensions.  The use of extensions is what allows the FHIR specification to retain a core level of simplicity for everyone.","","","","","","","","",,,,,"",,,,"Element.extension",0,*,"","ele-1:All FHIR elements must have a @value or children {hasValue() or (children().count() > id.count())}
ext-1:Must have either extensions or value[x], not both {extension.exists() != value.exists()}","n/a"
"Claim.supportingInfo:svccContentTarget.modifierExtension","Claim.supportingInfo.modifierExtension","","extensions
user contentmodifiers","",0,*,"","Y","Y","Extension {[]} {[]}
","Extensions that cannot be ignored even if unrecognized","May be used to represent additional information that is not part of the basic definition of the element and that modifies the understanding of the element in which it is contained and/or the understanding of the containing element's descendants. Usually modifier elements provide negation or qualification. To make the use of extensions safe and manageable, there is a strict set of governance applied to the definition and use of extensions. Though any implementer can define an extension, there is a set of requirements that SHALL be met as part of the definition of the extension. Applications processing a resource are required to check for modifier extensions.

Modifier extensions SHALL NOT change the meaning of any elements on Resource or DomainResource (including cannot change the meaning of modifierExtension itself).","There can be no stigma associated with the use of extensions by any application, project, or standard - regardless of the institution or jurisdiction that uses or defines the extensions.  The use of extensions is what allows the FHIR specification to retain a core level of simplicity for everyone.","Modifier extensions allow for extensions that *cannot* be safely ignored to be clearly distinguished from the vast majority of extensions which can be safely ignored.  This promotes interoperability by eliminating the need for implementers to prohibit the presence of extensions. For further information, see the [definition of modifier extensions](http://hl7.org/fhir/R4/extensibility.html#modifierExtension).","","","","","","","",,,,,"",,,,"BackboneElement.modifierExtension",0,*,"","ele-1:All FHIR elements must have a @value or children {hasValue() or (children().count() > id.count())}
ext-1:Must have either extensions or value[x], not both {extension.exists() != value.exists()}","N/A"
"Claim.supportingInfo:svccContentTarget.sequence","Claim.supportingInfo.sequence","","","",1,1,"","","","positiveInt {[]} {[]}
","Information instance identifier","A number to uniquely identify supporting information entries.","","Necessary to maintain the order of the supporting information items and provide a mechanism to link to claim details.","","","","","","","",,,,,"",,,,"Claim.supportingInfo.sequence",1,1,"","ele-1:All FHIR elements must have a @value or children {hasValue() or (children().count() > id.count())}
"
"Claim.supportingInfo:svccContentTarget.category","Claim.supportingInfo.category","","","",1,1,"","","","CodeableConcept {[]} {[]}
","補充資料的類別。[應填入支付審查服務紀錄補充資訊類別代碼]","The general class of the information supplied: information; exception; accident, employment; onset, etc.","This may contain a category for the local bill type codes.","Required to group or associate information items with common characteristics. For example: admission information or prior treatments.","","","","<valueCodeableConcept xmlns=""http://hl7.org/fhir"">
  <coding>
    <system value=""http://ltc-ig.fhir.tw/CodeSystem/cs-tw-ltc-feeaudit-supporting-info""/>
    <code value=""svccContentTarget""/>
  </coding>
</valueCodeableConcept>","","","",,"extensible","","http://ltc-ig.fhir.tw/ValueSet/vs-tw-ltc-feeaudit-supporting-info","",,,,"Claim.supportingInfo.category",1,1,"","ele-1:All FHIR elements must have a @value or children {hasValue() or (children().count() > id.count())}
"
"Claim.supportingInfo:svccContentTarget.code","Claim.supportingInfo.code","","","",0,1,"","","","CodeableConcept {[]} {[]}
","補充資料的代碼。[應依資料類別填入對應 Slice 值集的代碼]","System and code pertaining to the specific information regarding special conditions relating to the setting, treatment or patient  for which care is sought.","","Required to identify the kind of additional information.","","","","","","","",,"example","The valuset used for additional information codes.","http://hl7.org/fhir/ValueSet/claim-exception|4.0.1","",,,,"Claim.supportingInfo.code",0,1,"","ele-1:All FHIR elements must have a @value or children {hasValue() or (children().count() > id.count())}
"
"Claim.supportingInfo:svccContentTarget.timing[x]","Claim.supportingInfo.timing[x]","","","",0,1,"","","","date {[]} {[]}
Period {[]} {[]}","When it occurred","The date when or period to which this information refers.","","","","","","","","","",,,,,"",,,,"Claim.supportingInfo.timing[x]",0,1,"","ele-1:All FHIR elements must have a @value or children {hasValue() or (children().count() > id.count())}
"
"Claim.supportingInfo:svccContentTarget.value[x]","Claim.supportingInfo.value[x]","","","",1,1,"Y","","","string {[]} {[]}
","Data to be provided","Additional data or information such as resources, documents, images etc. including references to the data or the actual inclusion of the data.","Could be used to provide references to other resources, document. For example could contain a PDF in an Attachment of the Police Report for an Accident.","To convey the data content to be provided when the information is more than a simple code or period.","","","","","","","",,,,,"",,,,"Claim.supportingInfo.value[x]",0,1,"","ele-1:All FHIR elements must have a @value or children {hasValue() or (children().count() > id.count())}
"
"Claim.supportingInfo:svccContentTarget.reason","Claim.supportingInfo.reason","","","",0,1,"","","","CodeableConcept {[]} {[]}
","Explanation for the information","Provides the reason in the situation where a reason code is required in addition to the content.","For example: the reason for the additional stay, or why a tooth is  missing.","Needed when the supporting information has both a date and amount/value and requires explanation.","","","","","","","",,"example","Reason codes for the missing teeth.","http://hl7.org/fhir/ValueSet/missing-tooth-reason|4.0.1","",,,,"Claim.supportingInfo.reason",0,1,"","ele-1:All FHIR elements must have a @value or children {hasValue() or (children().count() > id.count())}
"
"Claim.supportingInfo:svccContent","Claim.supportingInfo","svccContent","Attachments
Exception Codes
Occurrence Codes
Value codes
","",0,1,"Y","","","BackboneElement {[]} {[]}
","專業服務的內容，申報 C 碼時填寫。[應在 valueString 填入最長 4000 個字元的字串]","應填寫本次實際提供的專業服務與指導內容。","Often there are multiple jurisdiction specific valuesets which are required.","Typically these information codes are required to support the services rendered or the adjudication of the services rendered.","","","","","","","",,,,,"",,,,"Claim.supportingInfo",0,*,"","ele-1:All FHIR elements must have a @value or children {hasValue() or (children().count() > id.count())}
","Request.supportingInfo"
"Claim.supportingInfo:svccContent.id","Claim.supportingInfo.id","","","",0,1,"","","","string {[]} {[]}
","Unique id for inter-element referencing","Unique id for the element within a resource (for internal references). This may be any string value that does not contain spaces.","","","","","","","","","",,,,,"",,,,"Element.id",0,1,"","","n/a"
"Claim.supportingInfo:svccContent.extension","Claim.supportingInfo.extension","","extensions
user content","",0,*,"","","","Extension {[]} {[]}
","Additional content defined by implementations","May be used to represent additional information that is not part of the basic definition of the element. To make the use of extensions safe and manageable, there is a strict set of governance  applied to the definition and use of extensions. Though any implementer can define an extension, there is a set of requirements that SHALL be met as part of the definition of the extension.","There can be no stigma associated with the use of extensions by any application, project, or standard - regardless of the institution or jurisdiction that uses or defines the extensions.  The use of extensions is what allows the FHIR specification to retain a core level of simplicity for everyone.","","","","","","","","",,,,,"",,,,"Element.extension",0,*,"","ele-1:All FHIR elements must have a @value or children {hasValue() or (children().count() > id.count())}
ext-1:Must have either extensions or value[x], not both {extension.exists() != value.exists()}","n/a"
"Claim.supportingInfo:svccContent.modifierExtension","Claim.supportingInfo.modifierExtension","","extensions
user contentmodifiers","",0,*,"","Y","Y","Extension {[]} {[]}
","Extensions that cannot be ignored even if unrecognized","May be used to represent additional information that is not part of the basic definition of the element and that modifies the understanding of the element in which it is contained and/or the understanding of the containing element's descendants. Usually modifier elements provide negation or qualification. To make the use of extensions safe and manageable, there is a strict set of governance applied to the definition and use of extensions. Though any implementer can define an extension, there is a set of requirements that SHALL be met as part of the definition of the extension. Applications processing a resource are required to check for modifier extensions.

Modifier extensions SHALL NOT change the meaning of any elements on Resource or DomainResource (including cannot change the meaning of modifierExtension itself).","There can be no stigma associated with the use of extensions by any application, project, or standard - regardless of the institution or jurisdiction that uses or defines the extensions.  The use of extensions is what allows the FHIR specification to retain a core level of simplicity for everyone.","Modifier extensions allow for extensions that *cannot* be safely ignored to be clearly distinguished from the vast majority of extensions which can be safely ignored.  This promotes interoperability by eliminating the need for implementers to prohibit the presence of extensions. For further information, see the [definition of modifier extensions](http://hl7.org/fhir/R4/extensibility.html#modifierExtension).","","","","","","","",,,,,"",,,,"BackboneElement.modifierExtension",0,*,"","ele-1:All FHIR elements must have a @value or children {hasValue() or (children().count() > id.count())}
ext-1:Must have either extensions or value[x], not both {extension.exists() != value.exists()}","N/A"
"Claim.supportingInfo:svccContent.sequence","Claim.supportingInfo.sequence","","","",1,1,"","","","positiveInt {[]} {[]}
","Information instance identifier","A number to uniquely identify supporting information entries.","","Necessary to maintain the order of the supporting information items and provide a mechanism to link to claim details.","","","","","","","",,,,,"",,,,"Claim.supportingInfo.sequence",1,1,"","ele-1:All FHIR elements must have a @value or children {hasValue() or (children().count() > id.count())}
"
"Claim.supportingInfo:svccContent.category","Claim.supportingInfo.category","","","",1,1,"","","","CodeableConcept {[]} {[]}
","補充資料的類別。[應填入支付審查服務紀錄補充資訊類別代碼]","The general class of the information supplied: information; exception; accident, employment; onset, etc.","This may contain a category for the local bill type codes.","Required to group or associate information items with common characteristics. For example: admission information or prior treatments.","","","","<valueCodeableConcept xmlns=""http://hl7.org/fhir"">
  <coding>
    <system value=""http://ltc-ig.fhir.tw/CodeSystem/cs-tw-ltc-feeaudit-supporting-info""/>
    <code value=""svccContent""/>
  </coding>
</valueCodeableConcept>","","","",,"extensible","","http://ltc-ig.fhir.tw/ValueSet/vs-tw-ltc-feeaudit-supporting-info","",,,,"Claim.supportingInfo.category",1,1,"","ele-1:All FHIR elements must have a @value or children {hasValue() or (children().count() > id.count())}
"
"Claim.supportingInfo:svccContent.code","Claim.supportingInfo.code","","","",0,1,"","","","CodeableConcept {[]} {[]}
","補充資料的代碼。[應依資料類別填入對應 Slice 值集的代碼]","System and code pertaining to the specific information regarding special conditions relating to the setting, treatment or patient  for which care is sought.","","Required to identify the kind of additional information.","","","","","","","",,"example","The valuset used for additional information codes.","http://hl7.org/fhir/ValueSet/claim-exception|4.0.1","",,,,"Claim.supportingInfo.code",0,1,"","ele-1:All FHIR elements must have a @value or children {hasValue() or (children().count() > id.count())}
"
"Claim.supportingInfo:svccContent.timing[x]","Claim.supportingInfo.timing[x]","","","",0,1,"","","","date {[]} {[]}
Period {[]} {[]}","When it occurred","The date when or period to which this information refers.","","","","","","","","","",,,,,"",,,,"Claim.supportingInfo.timing[x]",0,1,"","ele-1:All FHIR elements must have a @value or children {hasValue() or (children().count() > id.count())}
"
"Claim.supportingInfo:svccContent.value[x]","Claim.supportingInfo.value[x]","","","",1,1,"Y","","","string {[]} {[]}
","Data to be provided","Additional data or information such as resources, documents, images etc. including references to the data or the actual inclusion of the data.","Could be used to provide references to other resources, document. For example could contain a PDF in an Attachment of the Police Report for an Accident.","To convey the data content to be provided when the information is more than a simple code or period.","","","","","","","",,,,,"",,,,"Claim.supportingInfo.value[x]",0,1,"","ele-1:All FHIR elements must have a @value or children {hasValue() or (children().count() > id.count())}
"
"Claim.supportingInfo:svccContent.reason","Claim.supportingInfo.reason","","","",0,1,"","","","CodeableConcept {[]} {[]}
","Explanation for the information","Provides the reason in the situation where a reason code is required in addition to the content.","For example: the reason for the additional stay, or why a tooth is  missing.","Needed when the supporting information has both a date and amount/value and requires explanation.","","","","","","","",,"example","Reason codes for the missing teeth.","http://hl7.org/fhir/ValueSet/missing-tooth-reason|4.0.1","",,,,"Claim.supportingInfo.reason",0,1,"","ele-1:All FHIR elements must have a @value or children {hasValue() or (children().count() > id.count())}
"
"Claim.supportingInfo:svccSuggest","Claim.supportingInfo","svccSuggest","Attachments
Exception Codes
Occurrence Codes
Value codes
","",0,1,"Y","","","BackboneElement {[]} {[]}
","專業服務的指導與建議，申報 C 碼時填寫。[應在 valueString 填入最長 4000 個字元的字串]","應填寫專業人員提出的照顧建議及後續應執行的事項。","Often there are multiple jurisdiction specific valuesets which are required.","Typically these information codes are required to support the services rendered or the adjudication of the services rendered.","","","","","","","",,,,,"",,,,"Claim.supportingInfo",0,*,"","ele-1:All FHIR elements must have a @value or children {hasValue() or (children().count() > id.count())}
","Request.supportingInfo"
"Claim.supportingInfo:svccSuggest.id","Claim.supportingInfo.id","","","",0,1,"","","","string {[]} {[]}
","Unique id for inter-element referencing","Unique id for the element within a resource (for internal references). This may be any string value that does not contain spaces.","","","","","","","","","",,,,,"",,,,"Element.id",0,1,"","","n/a"
"Claim.supportingInfo:svccSuggest.extension","Claim.supportingInfo.extension","","extensions
user content","",0,*,"","","","Extension {[]} {[]}
","Additional content defined by implementations","May be used to represent additional information that is not part of the basic definition of the element. To make the use of extensions safe and manageable, there is a strict set of governance  applied to the definition and use of extensions. Though any implementer can define an extension, there is a set of requirements that SHALL be met as part of the definition of the extension.","There can be no stigma associated with the use of extensions by any application, project, or standard - regardless of the institution or jurisdiction that uses or defines the extensions.  The use of extensions is what allows the FHIR specification to retain a core level of simplicity for everyone.","","","","","","","","",,,,,"",,,,"Element.extension",0,*,"","ele-1:All FHIR elements must have a @value or children {hasValue() or (children().count() > id.count())}
ext-1:Must have either extensions or value[x], not both {extension.exists() != value.exists()}","n/a"
"Claim.supportingInfo:svccSuggest.modifierExtension","Claim.supportingInfo.modifierExtension","","extensions
user contentmodifiers","",0,*,"","Y","Y","Extension {[]} {[]}
","Extensions that cannot be ignored even if unrecognized","May be used to represent additional information that is not part of the basic definition of the element and that modifies the understanding of the element in which it is contained and/or the understanding of the containing element's descendants. Usually modifier elements provide negation or qualification. To make the use of extensions safe and manageable, there is a strict set of governance applied to the definition and use of extensions. Though any implementer can define an extension, there is a set of requirements that SHALL be met as part of the definition of the extension. Applications processing a resource are required to check for modifier extensions.

Modifier extensions SHALL NOT change the meaning of any elements on Resource or DomainResource (including cannot change the meaning of modifierExtension itself).","There can be no stigma associated with the use of extensions by any application, project, or standard - regardless of the institution or jurisdiction that uses or defines the extensions.  The use of extensions is what allows the FHIR specification to retain a core level of simplicity for everyone.","Modifier extensions allow for extensions that *cannot* be safely ignored to be clearly distinguished from the vast majority of extensions which can be safely ignored.  This promotes interoperability by eliminating the need for implementers to prohibit the presence of extensions. For further information, see the [definition of modifier extensions](http://hl7.org/fhir/R4/extensibility.html#modifierExtension).","","","","","","","",,,,,"",,,,"BackboneElement.modifierExtension",0,*,"","ele-1:All FHIR elements must have a @value or children {hasValue() or (children().count() > id.count())}
ext-1:Must have either extensions or value[x], not both {extension.exists() != value.exists()}","N/A"
"Claim.supportingInfo:svccSuggest.sequence","Claim.supportingInfo.sequence","","","",1,1,"","","","positiveInt {[]} {[]}
","Information instance identifier","A number to uniquely identify supporting information entries.","","Necessary to maintain the order of the supporting information items and provide a mechanism to link to claim details.","","","","","","","",,,,,"",,,,"Claim.supportingInfo.sequence",1,1,"","ele-1:All FHIR elements must have a @value or children {hasValue() or (children().count() > id.count())}
"
"Claim.supportingInfo:svccSuggest.category","Claim.supportingInfo.category","","","",1,1,"","","","CodeableConcept {[]} {[]}
","補充資料的類別。[應填入支付審查服務紀錄補充資訊類別代碼]","The general class of the information supplied: information; exception; accident, employment; onset, etc.","This may contain a category for the local bill type codes.","Required to group or associate information items with common characteristics. For example: admission information or prior treatments.","","","","<valueCodeableConcept xmlns=""http://hl7.org/fhir"">
  <coding>
    <system value=""http://ltc-ig.fhir.tw/CodeSystem/cs-tw-ltc-feeaudit-supporting-info""/>
    <code value=""svccSuggest""/>
  </coding>
</valueCodeableConcept>","","","",,"extensible","","http://ltc-ig.fhir.tw/ValueSet/vs-tw-ltc-feeaudit-supporting-info","",,,,"Claim.supportingInfo.category",1,1,"","ele-1:All FHIR elements must have a @value or children {hasValue() or (children().count() > id.count())}
"
"Claim.supportingInfo:svccSuggest.code","Claim.supportingInfo.code","","","",0,1,"","","","CodeableConcept {[]} {[]}
","補充資料的代碼。[應依資料類別填入對應 Slice 值集的代碼]","System and code pertaining to the specific information regarding special conditions relating to the setting, treatment or patient  for which care is sought.","","Required to identify the kind of additional information.","","","","","","","",,"example","The valuset used for additional information codes.","http://hl7.org/fhir/ValueSet/claim-exception|4.0.1","",,,,"Claim.supportingInfo.code",0,1,"","ele-1:All FHIR elements must have a @value or children {hasValue() or (children().count() > id.count())}
"
"Claim.supportingInfo:svccSuggest.timing[x]","Claim.supportingInfo.timing[x]","","","",0,1,"","","","date {[]} {[]}
Period {[]} {[]}","When it occurred","The date when or period to which this information refers.","","","","","","","","","",,,,,"",,,,"Claim.supportingInfo.timing[x]",0,1,"","ele-1:All FHIR elements must have a @value or children {hasValue() or (children().count() > id.count())}
"
"Claim.supportingInfo:svccSuggest.value[x]","Claim.supportingInfo.value[x]","","","",1,1,"Y","","","string {[]} {[]}
","Data to be provided","Additional data or information such as resources, documents, images etc. including references to the data or the actual inclusion of the data.","Could be used to provide references to other resources, document. For example could contain a PDF in an Attachment of the Police Report for an Accident.","To convey the data content to be provided when the information is more than a simple code or period.","","","","","","","",,,,,"",,,,"Claim.supportingInfo.value[x]",0,1,"","ele-1:All FHIR elements must have a @value or children {hasValue() or (children().count() > id.count())}
"
"Claim.supportingInfo:svccSuggest.reason","Claim.supportingInfo.reason","","","",0,1,"","","","CodeableConcept {[]} {[]}
","Explanation for the information","Provides the reason in the situation where a reason code is required in addition to the content.","For example: the reason for the additional stay, or why a tooth is  missing.","Needed when the supporting information has both a date and amount/value and requires explanation.","","","","","","","",,"example","Reason codes for the missing teeth.","http://hl7.org/fhir/ValueSet/missing-tooth-reason|4.0.1","",,,,"Claim.supportingInfo.reason",0,1,"","ele-1:All FHIR elements must have a @value or children {hasValue() or (children().count() > id.count())}
"
"Claim.supportingInfo:addrFrom","Claim.supportingInfo","addrFrom","Attachments
Exception Codes
Occurrence Codes
Value codes
","",0,1,"Y","","","BackboneElement {[]} {[]}
","接送的出發地，申報 BD03、DA01 時填寫。[應在 valueReference 填入對應 Location 的 Reference]","應參照符合 LTCLocationFeeAuditPlace 的地點資料。地點名稱填入 Location.name，地址填入 Location.address；如提供經緯度，應同時填寫 Location.position.latitude 與 Location.position.longitude。","Often there are multiple jurisdiction specific valuesets which are required.","Typically these information codes are required to support the services rendered or the adjudication of the services rendered.","","","","","","","",,,,,"",,,,"Claim.supportingInfo",0,*,"","ele-1:All FHIR elements must have a @value or children {hasValue() or (children().count() > id.count())}
","Request.supportingInfo"
"Claim.supportingInfo:addrFrom.id","Claim.supportingInfo.id","","","",0,1,"","","","string {[]} {[]}
","Unique id for inter-element referencing","Unique id for the element within a resource (for internal references). This may be any string value that does not contain spaces.","","","","","","","","","",,,,,"",,,,"Element.id",0,1,"","","n/a"
"Claim.supportingInfo:addrFrom.extension","Claim.supportingInfo.extension","","extensions
user content","",0,*,"","","","Extension {[]} {[]}
","Additional content defined by implementations","May be used to represent additional information that is not part of the basic definition of the element. To make the use of extensions safe and manageable, there is a strict set of governance  applied to the definition and use of extensions. Though any implementer can define an extension, there is a set of requirements that SHALL be met as part of the definition of the extension.","There can be no stigma associated with the use of extensions by any application, project, or standard - regardless of the institution or jurisdiction that uses or defines the extensions.  The use of extensions is what allows the FHIR specification to retain a core level of simplicity for everyone.","","","","","","","","",,,,,"",,,,"Element.extension",0,*,"","ele-1:All FHIR elements must have a @value or children {hasValue() or (children().count() > id.count())}
ext-1:Must have either extensions or value[x], not both {extension.exists() != value.exists()}","n/a"
"Claim.supportingInfo:addrFrom.modifierExtension","Claim.supportingInfo.modifierExtension","","extensions
user contentmodifiers","",0,*,"","Y","Y","Extension {[]} {[]}
","Extensions that cannot be ignored even if unrecognized","May be used to represent additional information that is not part of the basic definition of the element and that modifies the understanding of the element in which it is contained and/or the understanding of the containing element's descendants. Usually modifier elements provide negation or qualification. To make the use of extensions safe and manageable, there is a strict set of governance applied to the definition and use of extensions. Though any implementer can define an extension, there is a set of requirements that SHALL be met as part of the definition of the extension. Applications processing a resource are required to check for modifier extensions.

Modifier extensions SHALL NOT change the meaning of any elements on Resource or DomainResource (including cannot change the meaning of modifierExtension itself).","There can be no stigma associated with the use of extensions by any application, project, or standard - regardless of the institution or jurisdiction that uses or defines the extensions.  The use of extensions is what allows the FHIR specification to retain a core level of simplicity for everyone.","Modifier extensions allow for extensions that *cannot* be safely ignored to be clearly distinguished from the vast majority of extensions which can be safely ignored.  This promotes interoperability by eliminating the need for implementers to prohibit the presence of extensions. For further information, see the [definition of modifier extensions](http://hl7.org/fhir/R4/extensibility.html#modifierExtension).","","","","","","","",,,,,"",,,,"BackboneElement.modifierExtension",0,*,"","ele-1:All FHIR elements must have a @value or children {hasValue() or (children().count() > id.count())}
ext-1:Must have either extensions or value[x], not both {extension.exists() != value.exists()}","N/A"
"Claim.supportingInfo:addrFrom.sequence","Claim.supportingInfo.sequence","","","",1,1,"","","","positiveInt {[]} {[]}
","Information instance identifier","A number to uniquely identify supporting information entries.","","Necessary to maintain the order of the supporting information items and provide a mechanism to link to claim details.","","","","","","","",,,,,"",,,,"Claim.supportingInfo.sequence",1,1,"","ele-1:All FHIR elements must have a @value or children {hasValue() or (children().count() > id.count())}
"
"Claim.supportingInfo:addrFrom.category","Claim.supportingInfo.category","","","",1,1,"","","","CodeableConcept {[]} {[]}
","補充資料的類別。[應填入支付審查服務紀錄補充資訊類別代碼]","The general class of the information supplied: information; exception; accident, employment; onset, etc.","This may contain a category for the local bill type codes.","Required to group or associate information items with common characteristics. For example: admission information or prior treatments.","","","","<valueCodeableConcept xmlns=""http://hl7.org/fhir"">
  <coding>
    <system value=""http://ltc-ig.fhir.tw/CodeSystem/cs-tw-ltc-feeaudit-supporting-info""/>
    <code value=""addrFrom""/>
  </coding>
</valueCodeableConcept>","","","",,"extensible","","http://ltc-ig.fhir.tw/ValueSet/vs-tw-ltc-feeaudit-supporting-info","",,,,"Claim.supportingInfo.category",1,1,"","ele-1:All FHIR elements must have a @value or children {hasValue() or (children().count() > id.count())}
"
"Claim.supportingInfo:addrFrom.code","Claim.supportingInfo.code","","","",0,1,"","","","CodeableConcept {[]} {[]}
","補充資料的代碼。[應依資料類別填入對應 Slice 值集的代碼]","System and code pertaining to the specific information regarding special conditions relating to the setting, treatment or patient  for which care is sought.","","Required to identify the kind of additional information.","","","","","","","",,"example","The valuset used for additional information codes.","http://hl7.org/fhir/ValueSet/claim-exception|4.0.1","",,,,"Claim.supportingInfo.code",0,1,"","ele-1:All FHIR elements must have a @value or children {hasValue() or (children().count() > id.count())}
"
"Claim.supportingInfo:addrFrom.timing[x]","Claim.supportingInfo.timing[x]","","","",0,1,"","","","date {[]} {[]}
Period {[]} {[]}","When it occurred","The date when or period to which this information refers.","","","","","","","","","",,,,,"",,,,"Claim.supportingInfo.timing[x]",0,1,"","ele-1:All FHIR elements must have a @value or children {hasValue() or (children().count() > id.count())}
"
"Claim.supportingInfo:addrFrom.value[x]","Claim.supportingInfo.value[x]","","","",1,1,"Y","","","Reference {[]} {[CanonicalType[http://ltc-ig.fhir.tw/StructureDefinition/LTCLocationFeeAuditPlace]]}
","Data to be provided","Additional data or information such as resources, documents, images etc. including references to the data or the actual inclusion of the data.","Could be used to provide references to other resources, document. For example could contain a PDF in an Attachment of the Police Report for an Accident.","To convey the data content to be provided when the information is more than a simple code or period.","","","","","","","",,,,,"",,,,"Claim.supportingInfo.value[x]",0,1,"","ele-1:All FHIR elements must have a @value or children {hasValue() or (children().count() > id.count())}
"
"Claim.supportingInfo:addrFrom.reason","Claim.supportingInfo.reason","","","",0,1,"","","","CodeableConcept {[]} {[]}
","Explanation for the information","Provides the reason in the situation where a reason code is required in addition to the content.","For example: the reason for the additional stay, or why a tooth is  missing.","Needed when the supporting information has both a date and amount/value and requires explanation.","","","","","","","",,"example","Reason codes for the missing teeth.","http://hl7.org/fhir/ValueSet/missing-tooth-reason|4.0.1","",,,,"Claim.supportingInfo.reason",0,1,"","ele-1:All FHIR elements must have a @value or children {hasValue() or (children().count() > id.count())}
"
"Claim.supportingInfo:addrTo","Claim.supportingInfo","addrTo","Attachments
Exception Codes
Occurrence Codes
Value codes
","",0,1,"Y","","","BackboneElement {[]} {[]}
","接送的目的地，申報 BD03、DA01 時填寫。[應在 valueReference 填入對應 Location 的 Reference]","應參照符合 LTCLocationFeeAuditPlace 的地點資料。地點名稱填入 Location.name，地址填入 Location.address；如提供經緯度，應同時填寫 Location.position.latitude 與 Location.position.longitude。","Often there are multiple jurisdiction specific valuesets which are required.","Typically these information codes are required to support the services rendered or the adjudication of the services rendered.","","","","","","","",,,,,"",,,,"Claim.supportingInfo",0,*,"","ele-1:All FHIR elements must have a @value or children {hasValue() or (children().count() > id.count())}
","Request.supportingInfo"
"Claim.supportingInfo:addrTo.id","Claim.supportingInfo.id","","","",0,1,"","","","string {[]} {[]}
","Unique id for inter-element referencing","Unique id for the element within a resource (for internal references). This may be any string value that does not contain spaces.","","","","","","","","","",,,,,"",,,,"Element.id",0,1,"","","n/a"
"Claim.supportingInfo:addrTo.extension","Claim.supportingInfo.extension","","extensions
user content","",0,*,"","","","Extension {[]} {[]}
","Additional content defined by implementations","May be used to represent additional information that is not part of the basic definition of the element. To make the use of extensions safe and manageable, there is a strict set of governance  applied to the definition and use of extensions. Though any implementer can define an extension, there is a set of requirements that SHALL be met as part of the definition of the extension.","There can be no stigma associated with the use of extensions by any application, project, or standard - regardless of the institution or jurisdiction that uses or defines the extensions.  The use of extensions is what allows the FHIR specification to retain a core level of simplicity for everyone.","","","","","","","","",,,,,"",,,,"Element.extension",0,*,"","ele-1:All FHIR elements must have a @value or children {hasValue() or (children().count() > id.count())}
ext-1:Must have either extensions or value[x], not both {extension.exists() != value.exists()}","n/a"
"Claim.supportingInfo:addrTo.modifierExtension","Claim.supportingInfo.modifierExtension","","extensions
user contentmodifiers","",0,*,"","Y","Y","Extension {[]} {[]}
","Extensions that cannot be ignored even if unrecognized","May be used to represent additional information that is not part of the basic definition of the element and that modifies the understanding of the element in which it is contained and/or the understanding of the containing element's descendants. Usually modifier elements provide negation or qualification. To make the use of extensions safe and manageable, there is a strict set of governance applied to the definition and use of extensions. Though any implementer can define an extension, there is a set of requirements that SHALL be met as part of the definition of the extension. Applications processing a resource are required to check for modifier extensions.

Modifier extensions SHALL NOT change the meaning of any elements on Resource or DomainResource (including cannot change the meaning of modifierExtension itself).","There can be no stigma associated with the use of extensions by any application, project, or standard - regardless of the institution or jurisdiction that uses or defines the extensions.  The use of extensions is what allows the FHIR specification to retain a core level of simplicity for everyone.","Modifier extensions allow for extensions that *cannot* be safely ignored to be clearly distinguished from the vast majority of extensions which can be safely ignored.  This promotes interoperability by eliminating the need for implementers to prohibit the presence of extensions. For further information, see the [definition of modifier extensions](http://hl7.org/fhir/R4/extensibility.html#modifierExtension).","","","","","","","",,,,,"",,,,"BackboneElement.modifierExtension",0,*,"","ele-1:All FHIR elements must have a @value or children {hasValue() or (children().count() > id.count())}
ext-1:Must have either extensions or value[x], not both {extension.exists() != value.exists()}","N/A"
"Claim.supportingInfo:addrTo.sequence","Claim.supportingInfo.sequence","","","",1,1,"","","","positiveInt {[]} {[]}
","Information instance identifier","A number to uniquely identify supporting information entries.","","Necessary to maintain the order of the supporting information items and provide a mechanism to link to claim details.","","","","","","","",,,,,"",,,,"Claim.supportingInfo.sequence",1,1,"","ele-1:All FHIR elements must have a @value or children {hasValue() or (children().count() > id.count())}
"
"Claim.supportingInfo:addrTo.category","Claim.supportingInfo.category","","","",1,1,"","","","CodeableConcept {[]} {[]}
","補充資料的類別。[應填入支付審查服務紀錄補充資訊類別代碼]","The general class of the information supplied: information; exception; accident, employment; onset, etc.","This may contain a category for the local bill type codes.","Required to group or associate information items with common characteristics. For example: admission information or prior treatments.","","","","<valueCodeableConcept xmlns=""http://hl7.org/fhir"">
  <coding>
    <system value=""http://ltc-ig.fhir.tw/CodeSystem/cs-tw-ltc-feeaudit-supporting-info""/>
    <code value=""addrTo""/>
  </coding>
</valueCodeableConcept>","","","",,"extensible","","http://ltc-ig.fhir.tw/ValueSet/vs-tw-ltc-feeaudit-supporting-info","",,,,"Claim.supportingInfo.category",1,1,"","ele-1:All FHIR elements must have a @value or children {hasValue() or (children().count() > id.count())}
"
"Claim.supportingInfo:addrTo.code","Claim.supportingInfo.code","","","",0,1,"","","","CodeableConcept {[]} {[]}
","補充資料的代碼。[應依資料類別填入對應 Slice 值集的代碼]","System and code pertaining to the specific information regarding special conditions relating to the setting, treatment or patient  for which care is sought.","","Required to identify the kind of additional information.","","","","","","","",,"example","The valuset used for additional information codes.","http://hl7.org/fhir/ValueSet/claim-exception|4.0.1","",,,,"Claim.supportingInfo.code",0,1,"","ele-1:All FHIR elements must have a @value or children {hasValue() or (children().count() > id.count())}
"
"Claim.supportingInfo:addrTo.timing[x]","Claim.supportingInfo.timing[x]","","","",0,1,"","","","date {[]} {[]}
Period {[]} {[]}","When it occurred","The date when or period to which this information refers.","","","","","","","","","",,,,,"",,,,"Claim.supportingInfo.timing[x]",0,1,"","ele-1:All FHIR elements must have a @value or children {hasValue() or (children().count() > id.count())}
"
"Claim.supportingInfo:addrTo.value[x]","Claim.supportingInfo.value[x]","","","",1,1,"Y","","","Reference {[]} {[CanonicalType[http://ltc-ig.fhir.tw/StructureDefinition/LTCLocationFeeAuditPlace]]}
","Data to be provided","Additional data or information such as resources, documents, images etc. including references to the data or the actual inclusion of the data.","Could be used to provide references to other resources, document. For example could contain a PDF in an Attachment of the Police Report for an Accident.","To convey the data content to be provided when the information is more than a simple code or period.","","","","","","","",,,,,"",,,,"Claim.supportingInfo.value[x]",0,1,"","ele-1:All FHIR elements must have a @value or children {hasValue() or (children().count() > id.count())}
"
"Claim.supportingInfo:addrTo.reason","Claim.supportingInfo.reason","","","",0,1,"","","","CodeableConcept {[]} {[]}
","Explanation for the information","Provides the reason in the situation where a reason code is required in addition to the content.","For example: the reason for the additional stay, or why a tooth is  missing.","Needed when the supporting information has both a date and amount/value and requires explanation.","","","","","","","",,"example","Reason codes for the missing teeth.","http://hl7.org/fhir/ValueSet/missing-tooth-reason|4.0.1","",,,,"Claim.supportingInfo.reason",0,1,"","ele-1:All FHIR elements must have a @value or children {hasValue() or (children().count() > id.count())}
"
"Claim.supportingInfo:carNo","Claim.supportingInfo","carNo","Attachments
Exception Codes
Occurrence Codes
Value codes
","",0,1,"Y","","","BackboneElement {[]} {[]}
","接送車輛的車牌號碼，申報 BD03、DA01 時必填。[應在 valueString 填入最長 10 個字元的字串]","Additional information codes regarding exceptions, special considerations, the condition, situation, prior or concurrent issues.","Often there are multiple jurisdiction specific valuesets which are required.","Typically these information codes are required to support the services rendered or the adjudication of the services rendered.","","","","","","","",,,,,"",,,,"Claim.supportingInfo",0,*,"","ele-1:All FHIR elements must have a @value or children {hasValue() or (children().count() > id.count())}
","Request.supportingInfo"
"Claim.supportingInfo:carNo.id","Claim.supportingInfo.id","","","",0,1,"","","","string {[]} {[]}
","Unique id for inter-element referencing","Unique id for the element within a resource (for internal references). This may be any string value that does not contain spaces.","","","","","","","","","",,,,,"",,,,"Element.id",0,1,"","","n/a"
"Claim.supportingInfo:carNo.extension","Claim.supportingInfo.extension","","extensions
user content","",0,*,"","","","Extension {[]} {[]}
","Additional content defined by implementations","May be used to represent additional information that is not part of the basic definition of the element. To make the use of extensions safe and manageable, there is a strict set of governance  applied to the definition and use of extensions. Though any implementer can define an extension, there is a set of requirements that SHALL be met as part of the definition of the extension.","There can be no stigma associated with the use of extensions by any application, project, or standard - regardless of the institution or jurisdiction that uses or defines the extensions.  The use of extensions is what allows the FHIR specification to retain a core level of simplicity for everyone.","","","","","","","","",,,,,"",,,,"Element.extension",0,*,"","ele-1:All FHIR elements must have a @value or children {hasValue() or (children().count() > id.count())}
ext-1:Must have either extensions or value[x], not both {extension.exists() != value.exists()}","n/a"
"Claim.supportingInfo:carNo.modifierExtension","Claim.supportingInfo.modifierExtension","","extensions
user contentmodifiers","",0,*,"","Y","Y","Extension {[]} {[]}
","Extensions that cannot be ignored even if unrecognized","May be used to represent additional information that is not part of the basic definition of the element and that modifies the understanding of the element in which it is contained and/or the understanding of the containing element's descendants. Usually modifier elements provide negation or qualification. To make the use of extensions safe and manageable, there is a strict set of governance applied to the definition and use of extensions. Though any implementer can define an extension, there is a set of requirements that SHALL be met as part of the definition of the extension. Applications processing a resource are required to check for modifier extensions.

Modifier extensions SHALL NOT change the meaning of any elements on Resource or DomainResource (including cannot change the meaning of modifierExtension itself).","There can be no stigma associated with the use of extensions by any application, project, or standard - regardless of the institution or jurisdiction that uses or defines the extensions.  The use of extensions is what allows the FHIR specification to retain a core level of simplicity for everyone.","Modifier extensions allow for extensions that *cannot* be safely ignored to be clearly distinguished from the vast majority of extensions which can be safely ignored.  This promotes interoperability by eliminating the need for implementers to prohibit the presence of extensions. For further information, see the [definition of modifier extensions](http://hl7.org/fhir/R4/extensibility.html#modifierExtension).","","","","","","","",,,,,"",,,,"BackboneElement.modifierExtension",0,*,"","ele-1:All FHIR elements must have a @value or children {hasValue() or (children().count() > id.count())}
ext-1:Must have either extensions or value[x], not both {extension.exists() != value.exists()}","N/A"
"Claim.supportingInfo:carNo.sequence","Claim.supportingInfo.sequence","","","",1,1,"","","","positiveInt {[]} {[]}
","Information instance identifier","A number to uniquely identify supporting information entries.","","Necessary to maintain the order of the supporting information items and provide a mechanism to link to claim details.","","","","","","","",,,,,"",,,,"Claim.supportingInfo.sequence",1,1,"","ele-1:All FHIR elements must have a @value or children {hasValue() or (children().count() > id.count())}
"
"Claim.supportingInfo:carNo.category","Claim.supportingInfo.category","","","",1,1,"","","","CodeableConcept {[]} {[]}
","補充資料的類別。[應填入支付審查服務紀錄補充資訊類別代碼]","The general class of the information supplied: information; exception; accident, employment; onset, etc.","This may contain a category for the local bill type codes.","Required to group or associate information items with common characteristics. For example: admission information or prior treatments.","","","","<valueCodeableConcept xmlns=""http://hl7.org/fhir"">
  <coding>
    <system value=""http://ltc-ig.fhir.tw/CodeSystem/cs-tw-ltc-feeaudit-supporting-info""/>
    <code value=""carNo""/>
  </coding>
</valueCodeableConcept>","","","",,"extensible","","http://ltc-ig.fhir.tw/ValueSet/vs-tw-ltc-feeaudit-supporting-info","",,,,"Claim.supportingInfo.category",1,1,"","ele-1:All FHIR elements must have a @value or children {hasValue() or (children().count() > id.count())}
"
"Claim.supportingInfo:carNo.code","Claim.supportingInfo.code","","","",0,1,"","","","CodeableConcept {[]} {[]}
","補充資料的代碼。[應依資料類別填入對應 Slice 值集的代碼]","System and code pertaining to the specific information regarding special conditions relating to the setting, treatment or patient  for which care is sought.","","Required to identify the kind of additional information.","","","","","","","",,"example","The valuset used for additional information codes.","http://hl7.org/fhir/ValueSet/claim-exception|4.0.1","",,,,"Claim.supportingInfo.code",0,1,"","ele-1:All FHIR elements must have a @value or children {hasValue() or (children().count() > id.count())}
"
"Claim.supportingInfo:carNo.timing[x]","Claim.supportingInfo.timing[x]","","","",0,1,"","","","date {[]} {[]}
Period {[]} {[]}","When it occurred","The date when or period to which this information refers.","","","","","","","","","",,,,,"",,,,"Claim.supportingInfo.timing[x]",0,1,"","ele-1:All FHIR elements must have a @value or children {hasValue() or (children().count() > id.count())}
"
"Claim.supportingInfo:carNo.value[x]","Claim.supportingInfo.value[x]","","","",1,1,"Y","","","string {[]} {[]}
","Data to be provided","Additional data or information such as resources, documents, images etc. including references to the data or the actual inclusion of the data.","Could be used to provide references to other resources, document. For example could contain a PDF in an Attachment of the Police Report for an Accident.","To convey the data content to be provided when the information is more than a simple code or period.","","","","","","","",,,,,"",,,,"Claim.supportingInfo.value[x]",0,1,"","ele-1:All FHIR elements must have a @value or children {hasValue() or (children().count() > id.count())}
"
"Claim.supportingInfo:carNo.reason","Claim.supportingInfo.reason","","","",0,1,"","","","CodeableConcept {[]} {[]}
","Explanation for the information","Provides the reason in the situation where a reason code is required in addition to the content.","For example: the reason for the additional stay, or why a tooth is  missing.","Needed when the supporting information has both a date and amount/value and requires explanation.","","","","","","","",,"example","Reason codes for the missing teeth.","http://hl7.org/fhir/ValueSet/missing-tooth-reason|4.0.1","",,,,"Claim.supportingInfo.reason",0,1,"","ele-1:All FHIR elements must have a @value or children {hasValue() or (children().count() > id.count())}
"
"Claim.supportingInfo:driver","Claim.supportingInfo","driver","Attachments
Exception Codes
Occurrence Codes
Value codes
","",0,1,"Y","","","BackboneElement {[]} {[]}
","接送駕駛員的姓名，申報 BD03、DA01 時填寫。[應在 valueString 填入最長 20 個字元的字串]","Additional information codes regarding exceptions, special considerations, the condition, situation, prior or concurrent issues.","Often there are multiple jurisdiction specific valuesets which are required.","Typically these information codes are required to support the services rendered or the adjudication of the services rendered.","","","","","","","",,,,,"",,,,"Claim.supportingInfo",0,*,"","ele-1:All FHIR elements must have a @value or children {hasValue() or (children().count() > id.count())}
","Request.supportingInfo"
"Claim.supportingInfo:driver.id","Claim.supportingInfo.id","","","",0,1,"","","","string {[]} {[]}
","Unique id for inter-element referencing","Unique id for the element within a resource (for internal references). This may be any string value that does not contain spaces.","","","","","","","","","",,,,,"",,,,"Element.id",0,1,"","","n/a"
"Claim.supportingInfo:driver.extension","Claim.supportingInfo.extension","","extensions
user content","",0,*,"","","","Extension {[]} {[]}
","Additional content defined by implementations","May be used to represent additional information that is not part of the basic definition of the element. To make the use of extensions safe and manageable, there is a strict set of governance  applied to the definition and use of extensions. Though any implementer can define an extension, there is a set of requirements that SHALL be met as part of the definition of the extension.","There can be no stigma associated with the use of extensions by any application, project, or standard - regardless of the institution or jurisdiction that uses or defines the extensions.  The use of extensions is what allows the FHIR specification to retain a core level of simplicity for everyone.","","","","","","","","",,,,,"",,,,"Element.extension",0,*,"","ele-1:All FHIR elements must have a @value or children {hasValue() or (children().count() > id.count())}
ext-1:Must have either extensions or value[x], not both {extension.exists() != value.exists()}","n/a"
"Claim.supportingInfo:driver.modifierExtension","Claim.supportingInfo.modifierExtension","","extensions
user contentmodifiers","",0,*,"","Y","Y","Extension {[]} {[]}
","Extensions that cannot be ignored even if unrecognized","May be used to represent additional information that is not part of the basic definition of the element and that modifies the understanding of the element in which it is contained and/or the understanding of the containing element's descendants. Usually modifier elements provide negation or qualification. To make the use of extensions safe and manageable, there is a strict set of governance applied to the definition and use of extensions. Though any implementer can define an extension, there is a set of requirements that SHALL be met as part of the definition of the extension. Applications processing a resource are required to check for modifier extensions.

Modifier extensions SHALL NOT change the meaning of any elements on Resource or DomainResource (including cannot change the meaning of modifierExtension itself).","There can be no stigma associated with the use of extensions by any application, project, or standard - regardless of the institution or jurisdiction that uses or defines the extensions.  The use of extensions is what allows the FHIR specification to retain a core level of simplicity for everyone.","Modifier extensions allow for extensions that *cannot* be safely ignored to be clearly distinguished from the vast majority of extensions which can be safely ignored.  This promotes interoperability by eliminating the need for implementers to prohibit the presence of extensions. For further information, see the [definition of modifier extensions](http://hl7.org/fhir/R4/extensibility.html#modifierExtension).","","","","","","","",,,,,"",,,,"BackboneElement.modifierExtension",0,*,"","ele-1:All FHIR elements must have a @value or children {hasValue() or (children().count() > id.count())}
ext-1:Must have either extensions or value[x], not both {extension.exists() != value.exists()}","N/A"
"Claim.supportingInfo:driver.sequence","Claim.supportingInfo.sequence","","","",1,1,"","","","positiveInt {[]} {[]}
","Information instance identifier","A number to uniquely identify supporting information entries.","","Necessary to maintain the order of the supporting information items and provide a mechanism to link to claim details.","","","","","","","",,,,,"",,,,"Claim.supportingInfo.sequence",1,1,"","ele-1:All FHIR elements must have a @value or children {hasValue() or (children().count() > id.count())}
"
"Claim.supportingInfo:driver.category","Claim.supportingInfo.category","","","",1,1,"","","","CodeableConcept {[]} {[]}
","補充資料的類別。[應填入支付審查服務紀錄補充資訊類別代碼]","The general class of the information supplied: information; exception; accident, employment; onset, etc.","This may contain a category for the local bill type codes.","Required to group or associate information items with common characteristics. For example: admission information or prior treatments.","","","","<valueCodeableConcept xmlns=""http://hl7.org/fhir"">
  <coding>
    <system value=""http://ltc-ig.fhir.tw/CodeSystem/cs-tw-ltc-feeaudit-supporting-info""/>
    <code value=""driver""/>
  </coding>
</valueCodeableConcept>","","","",,"extensible","","http://ltc-ig.fhir.tw/ValueSet/vs-tw-ltc-feeaudit-supporting-info","",,,,"Claim.supportingInfo.category",1,1,"","ele-1:All FHIR elements must have a @value or children {hasValue() or (children().count() > id.count())}
"
"Claim.supportingInfo:driver.code","Claim.supportingInfo.code","","","",0,1,"","","","CodeableConcept {[]} {[]}
","補充資料的代碼。[應依資料類別填入對應 Slice 值集的代碼]","System and code pertaining to the specific information regarding special conditions relating to the setting, treatment or patient  for which care is sought.","","Required to identify the kind of additional information.","","","","","","","",,"example","The valuset used for additional information codes.","http://hl7.org/fhir/ValueSet/claim-exception|4.0.1","",,,,"Claim.supportingInfo.code",0,1,"","ele-1:All FHIR elements must have a @value or children {hasValue() or (children().count() > id.count())}
"
"Claim.supportingInfo:driver.timing[x]","Claim.supportingInfo.timing[x]","","","",0,1,"","","","date {[]} {[]}
Period {[]} {[]}","When it occurred","The date when or period to which this information refers.","","","","","","","","","",,,,,"",,,,"Claim.supportingInfo.timing[x]",0,1,"","ele-1:All FHIR elements must have a @value or children {hasValue() or (children().count() > id.count())}
"
"Claim.supportingInfo:driver.value[x]","Claim.supportingInfo.value[x]","","","",1,1,"Y","","","string {[]} {[]}
","Data to be provided","Additional data or information such as resources, documents, images etc. including references to the data or the actual inclusion of the data.","Could be used to provide references to other resources, document. For example could contain a PDF in an Attachment of the Police Report for an Accident.","To convey the data content to be provided when the information is more than a simple code or period.","","","","","","","",,,,,"",,,,"Claim.supportingInfo.value[x]",0,1,"","ele-1:All FHIR elements must have a @value or children {hasValue() or (children().count() > id.count())}
"
"Claim.supportingInfo:driver.reason","Claim.supportingInfo.reason","","","",0,1,"","","","CodeableConcept {[]} {[]}
","Explanation for the information","Provides the reason in the situation where a reason code is required in addition to the content.","For example: the reason for the additional stay, or why a tooth is  missing.","Needed when the supporting information has both a date and amount/value and requires explanation.","","","","","","","",,"example","Reason codes for the missing teeth.","http://hl7.org/fhir/ValueSet/missing-tooth-reason|4.0.1","",,,,"Claim.supportingInfo.reason",0,1,"","ele-1:All FHIR elements must have a @value or children {hasValue() or (children().count() > id.count())}
"
"Claim.supportingInfo:milage","Claim.supportingInfo","milage","Attachments
Exception Codes
Occurrence Codes
Value codes
","",0,1,"Y","","","BackboneElement {[]} {[]}
","接送里程數，申報 BD03、DA01 時必填。[應在 valueQuantity 填入里程數與單位，建議單位為公里（km）]","Additional information codes regarding exceptions, special considerations, the condition, situation, prior or concurrent issues.","Often there are multiple jurisdiction specific valuesets which are required.","Typically these information codes are required to support the services rendered or the adjudication of the services rendered.","","","","","","","",,,,,"",,,,"Claim.supportingInfo",0,*,"","ele-1:All FHIR elements must have a @value or children {hasValue() or (children().count() > id.count())}
","Request.supportingInfo"
"Claim.supportingInfo:milage.id","Claim.supportingInfo.id","","","",0,1,"","","","string {[]} {[]}
","Unique id for inter-element referencing","Unique id for the element within a resource (for internal references). This may be any string value that does not contain spaces.","","","","","","","","","",,,,,"",,,,"Element.id",0,1,"","","n/a"
"Claim.supportingInfo:milage.extension","Claim.supportingInfo.extension","","extensions
user content","",0,*,"","","","Extension {[]} {[]}
","Additional content defined by implementations","May be used to represent additional information that is not part of the basic definition of the element. To make the use of extensions safe and manageable, there is a strict set of governance  applied to the definition and use of extensions. Though any implementer can define an extension, there is a set of requirements that SHALL be met as part of the definition of the extension.","There can be no stigma associated with the use of extensions by any application, project, or standard - regardless of the institution or jurisdiction that uses or defines the extensions.  The use of extensions is what allows the FHIR specification to retain a core level of simplicity for everyone.","","","","","","","","",,,,,"",,,,"Element.extension",0,*,"","ele-1:All FHIR elements must have a @value or children {hasValue() or (children().count() > id.count())}
ext-1:Must have either extensions or value[x], not both {extension.exists() != value.exists()}","n/a"
"Claim.supportingInfo:milage.modifierExtension","Claim.supportingInfo.modifierExtension","","extensions
user contentmodifiers","",0,*,"","Y","Y","Extension {[]} {[]}
","Extensions that cannot be ignored even if unrecognized","May be used to represent additional information that is not part of the basic definition of the element and that modifies the understanding of the element in which it is contained and/or the understanding of the containing element's descendants. Usually modifier elements provide negation or qualification. To make the use of extensions safe and manageable, there is a strict set of governance applied to the definition and use of extensions. Though any implementer can define an extension, there is a set of requirements that SHALL be met as part of the definition of the extension. Applications processing a resource are required to check for modifier extensions.

Modifier extensions SHALL NOT change the meaning of any elements on Resource or DomainResource (including cannot change the meaning of modifierExtension itself).","There can be no stigma associated with the use of extensions by any application, project, or standard - regardless of the institution or jurisdiction that uses or defines the extensions.  The use of extensions is what allows the FHIR specification to retain a core level of simplicity for everyone.","Modifier extensions allow for extensions that *cannot* be safely ignored to be clearly distinguished from the vast majority of extensions which can be safely ignored.  This promotes interoperability by eliminating the need for implementers to prohibit the presence of extensions. For further information, see the [definition of modifier extensions](http://hl7.org/fhir/R4/extensibility.html#modifierExtension).","","","","","","","",,,,,"",,,,"BackboneElement.modifierExtension",0,*,"","ele-1:All FHIR elements must have a @value or children {hasValue() or (children().count() > id.count())}
ext-1:Must have either extensions or value[x], not both {extension.exists() != value.exists()}","N/A"
"Claim.supportingInfo:milage.sequence","Claim.supportingInfo.sequence","","","",1,1,"","","","positiveInt {[]} {[]}
","Information instance identifier","A number to uniquely identify supporting information entries.","","Necessary to maintain the order of the supporting information items and provide a mechanism to link to claim details.","","","","","","","",,,,,"",,,,"Claim.supportingInfo.sequence",1,1,"","ele-1:All FHIR elements must have a @value or children {hasValue() or (children().count() > id.count())}
"
"Claim.supportingInfo:milage.category","Claim.supportingInfo.category","","","",1,1,"","","","CodeableConcept {[]} {[]}
","補充資料的類別。[應填入支付審查服務紀錄補充資訊類別代碼]","The general class of the information supplied: information; exception; accident, employment; onset, etc.","This may contain a category for the local bill type codes.","Required to group or associate information items with common characteristics. For example: admission information or prior treatments.","","","","<valueCodeableConcept xmlns=""http://hl7.org/fhir"">
  <coding>
    <system value=""http://ltc-ig.fhir.tw/CodeSystem/cs-tw-ltc-feeaudit-supporting-info""/>
    <code value=""milage""/>
  </coding>
</valueCodeableConcept>","","","",,"extensible","","http://ltc-ig.fhir.tw/ValueSet/vs-tw-ltc-feeaudit-supporting-info","",,,,"Claim.supportingInfo.category",1,1,"","ele-1:All FHIR elements must have a @value or children {hasValue() or (children().count() > id.count())}
"
"Claim.supportingInfo:milage.code","Claim.supportingInfo.code","","","",0,1,"","","","CodeableConcept {[]} {[]}
","補充資料的代碼。[應依資料類別填入對應 Slice 值集的代碼]","System and code pertaining to the specific information regarding special conditions relating to the setting, treatment or patient  for which care is sought.","","Required to identify the kind of additional information.","","","","","","","",,"example","The valuset used for additional information codes.","http://hl7.org/fhir/ValueSet/claim-exception|4.0.1","",,,,"Claim.supportingInfo.code",0,1,"","ele-1:All FHIR elements must have a @value or children {hasValue() or (children().count() > id.count())}
"
"Claim.supportingInfo:milage.timing[x]","Claim.supportingInfo.timing[x]","","","",0,1,"","","","date {[]} {[]}
Period {[]} {[]}","When it occurred","The date when or period to which this information refers.","","","","","","","","","",,,,,"",,,,"Claim.supportingInfo.timing[x]",0,1,"","ele-1:All FHIR elements must have a @value or children {hasValue() or (children().count() > id.count())}
"
"Claim.supportingInfo:milage.value[x]","Claim.supportingInfo.value[x]","","","",1,1,"Y","","","Quantity {[]} {[]}
","Data to be provided","Additional data or information such as resources, documents, images etc. including references to the data or the actual inclusion of the data.","Could be used to provide references to other resources, document. For example could contain a PDF in an Attachment of the Police Report for an Accident.","To convey the data content to be provided when the information is more than a simple code or period.","","","","","","","",,,,,"",,,,"Claim.supportingInfo.value[x]",0,1,"","ele-1:All FHIR elements must have a @value or children {hasValue() or (children().count() > id.count())}
"
"Claim.supportingInfo:milage.reason","Claim.supportingInfo.reason","","","",0,1,"","","","CodeableConcept {[]} {[]}
","Explanation for the information","Provides the reason in the situation where a reason code is required in addition to the content.","For example: the reason for the additional stay, or why a tooth is  missing.","Needed when the supporting information has both a date and amount/value and requires explanation.","","","","","","","",,"example","Reason codes for the missing teeth.","http://hl7.org/fhir/ValueSet/missing-tooth-reason|4.0.1","",,,,"Claim.supportingInfo.reason",0,1,"","ele-1:All FHIR elements must have a @value or children {hasValue() or (children().count() > id.count())}
"
"Claim.supportingInfo:bd03Type","Claim.supportingInfo","bd03Type","Attachments
Exception Codes
Occurrence Codes
Value codes
","",0,1,"Y","","","BackboneElement {[]} {[]}
","BD03 接送服務的使用類型，申報 BD03 時必填，預設為 1。[應填入以下代碼之一：1 社區式長照機構 | 2 社區服務據點（不含身障類）| 3 輔具中心 | 4 身障日間照顧服務]","代碼填入 code。","Often there are multiple jurisdiction specific valuesets which are required.","Typically these information codes are required to support the services rendered or the adjudication of the services rendered.","","","","","","","",,,,,"",,,,"Claim.supportingInfo",0,*,"","ele-1:All FHIR elements must have a @value or children {hasValue() or (children().count() > id.count())}
","Request.supportingInfo"
"Claim.supportingInfo:bd03Type.id","Claim.supportingInfo.id","","","",0,1,"","","","string {[]} {[]}
","Unique id for inter-element referencing","Unique id for the element within a resource (for internal references). This may be any string value that does not contain spaces.","","","","","","","","","",,,,,"",,,,"Element.id",0,1,"","","n/a"
"Claim.supportingInfo:bd03Type.extension","Claim.supportingInfo.extension","","extensions
user content","",0,*,"","","","Extension {[]} {[]}
","Additional content defined by implementations","May be used to represent additional information that is not part of the basic definition of the element. To make the use of extensions safe and manageable, there is a strict set of governance  applied to the definition and use of extensions. Though any implementer can define an extension, there is a set of requirements that SHALL be met as part of the definition of the extension.","There can be no stigma associated with the use of extensions by any application, project, or standard - regardless of the institution or jurisdiction that uses or defines the extensions.  The use of extensions is what allows the FHIR specification to retain a core level of simplicity for everyone.","","","","","","","","",,,,,"",,,,"Element.extension",0,*,"","ele-1:All FHIR elements must have a @value or children {hasValue() or (children().count() > id.count())}
ext-1:Must have either extensions or value[x], not both {extension.exists() != value.exists()}","n/a"
"Claim.supportingInfo:bd03Type.modifierExtension","Claim.supportingInfo.modifierExtension","","extensions
user contentmodifiers","",0,*,"","Y","Y","Extension {[]} {[]}
","Extensions that cannot be ignored even if unrecognized","May be used to represent additional information that is not part of the basic definition of the element and that modifies the understanding of the element in which it is contained and/or the understanding of the containing element's descendants. Usually modifier elements provide negation or qualification. To make the use of extensions safe and manageable, there is a strict set of governance applied to the definition and use of extensions. Though any implementer can define an extension, there is a set of requirements that SHALL be met as part of the definition of the extension. Applications processing a resource are required to check for modifier extensions.

Modifier extensions SHALL NOT change the meaning of any elements on Resource or DomainResource (including cannot change the meaning of modifierExtension itself).","There can be no stigma associated with the use of extensions by any application, project, or standard - regardless of the institution or jurisdiction that uses or defines the extensions.  The use of extensions is what allows the FHIR specification to retain a core level of simplicity for everyone.","Modifier extensions allow for extensions that *cannot* be safely ignored to be clearly distinguished from the vast majority of extensions which can be safely ignored.  This promotes interoperability by eliminating the need for implementers to prohibit the presence of extensions. For further information, see the [definition of modifier extensions](http://hl7.org/fhir/R4/extensibility.html#modifierExtension).","","","","","","","",,,,,"",,,,"BackboneElement.modifierExtension",0,*,"","ele-1:All FHIR elements must have a @value or children {hasValue() or (children().count() > id.count())}
ext-1:Must have either extensions or value[x], not both {extension.exists() != value.exists()}","N/A"
"Claim.supportingInfo:bd03Type.sequence","Claim.supportingInfo.sequence","","","",1,1,"","","","positiveInt {[]} {[]}
","Information instance identifier","A number to uniquely identify supporting information entries.","","Necessary to maintain the order of the supporting information items and provide a mechanism to link to claim details.","","","","","","","",,,,,"",,,,"Claim.supportingInfo.sequence",1,1,"","ele-1:All FHIR elements must have a @value or children {hasValue() or (children().count() > id.count())}
"
"Claim.supportingInfo:bd03Type.category","Claim.supportingInfo.category","","","",1,1,"","","","CodeableConcept {[]} {[]}
","補充資料的類別。[應填入支付審查服務紀錄補充資訊類別代碼]","The general class of the information supplied: information; exception; accident, employment; onset, etc.","This may contain a category for the local bill type codes.","Required to group or associate information items with common characteristics. For example: admission information or prior treatments.","","","","<valueCodeableConcept xmlns=""http://hl7.org/fhir"">
  <coding>
    <system value=""http://ltc-ig.fhir.tw/CodeSystem/cs-tw-ltc-feeaudit-supporting-info""/>
    <code value=""bd03Type""/>
  </coding>
</valueCodeableConcept>","","","",,"extensible","","http://ltc-ig.fhir.tw/ValueSet/vs-tw-ltc-feeaudit-supporting-info","",,,,"Claim.supportingInfo.category",1,1,"","ele-1:All FHIR elements must have a @value or children {hasValue() or (children().count() > id.count())}
"
"Claim.supportingInfo:bd03Type.code","Claim.supportingInfo.code","","","",1,1,"Y","","","CodeableConcept {[]} {[]}
","補充資料的代碼。[應依資料類別填入對應 Slice 值集的代碼]","System and code pertaining to the specific information regarding special conditions relating to the setting, treatment or patient  for which care is sought.","","Required to identify the kind of additional information.","","","","","","","",,"required","","http://ltc-ig.fhir.tw/ValueSet/vs-tw-ltc-feeaudit-bd03-type","",,,,"Claim.supportingInfo.code",0,1,"","ele-1:All FHIR elements must have a @value or children {hasValue() or (children().count() > id.count())}
"
"Claim.supportingInfo:bd03Type.timing[x]","Claim.supportingInfo.timing[x]","","","",0,1,"","","","date {[]} {[]}
Period {[]} {[]}","When it occurred","The date when or period to which this information refers.","","","","","","","","","",,,,,"",,,,"Claim.supportingInfo.timing[x]",0,1,"","ele-1:All FHIR elements must have a @value or children {hasValue() or (children().count() > id.count())}
"
"Claim.supportingInfo:bd03Type.value[x]","Claim.supportingInfo.value[x]","","","",0,0,"","","","boolean {[]} {[]}
string {[]} {[]}Quantity {[]} {[]}Attachment {[]} {[]}Reference {[]} {[CanonicalType[http://hl7.org/fhir/StructureDefinition/Resource|4.0.1]]}","Data to be provided","Additional data or information such as resources, documents, images etc. including references to the data or the actual inclusion of the data.","Could be used to provide references to other resources, document. For example could contain a PDF in an Attachment of the Police Report for an Accident.","To convey the data content to be provided when the information is more than a simple code or period.","","","","","","","",,,,,"",,,,"Claim.supportingInfo.value[x]",0,1,"","ele-1:All FHIR elements must have a @value or children {hasValue() or (children().count() > id.count())}
"
"Claim.supportingInfo:bd03Type.reason","Claim.supportingInfo.reason","","","",0,1,"","","","CodeableConcept {[]} {[]}
","Explanation for the information","Provides the reason in the situation where a reason code is required in addition to the content.","For example: the reason for the additional stay, or why a tooth is  missing.","Needed when the supporting information has both a date and amount/value and requires explanation.","","","","","","","",,"example","Reason codes for the missing teeth.","http://hl7.org/fhir/ValueSet/missing-tooth-reason|4.0.1","",,,,"Claim.supportingInfo.reason",0,1,"","ele-1:All FHIR elements must have a @value or children {hasValue() or (children().count() > id.count())}
"
"Claim.supportingInfo:lastSvc","Claim.supportingInfo","lastSvc","Attachments
Exception Codes
Occurrence Codes
Value codes
","",0,1,"Y","","","BackboneElement {[]} {[]}
","是否於個案臨終當天提供照顧，預設為 false。[應填入以下布林值之一：true 是 | false 否]","應在 valueBoolean 填入 true 或 false。","Often there are multiple jurisdiction specific valuesets which are required.","Typically these information codes are required to support the services rendered or the adjudication of the services rendered.","","","","","","","",,,,,"",,,,"Claim.supportingInfo",0,*,"","ele-1:All FHIR elements must have a @value or children {hasValue() or (children().count() > id.count())}
","Request.supportingInfo"
"Claim.supportingInfo:lastSvc.id","Claim.supportingInfo.id","","","",0,1,"","","","string {[]} {[]}
","Unique id for inter-element referencing","Unique id for the element within a resource (for internal references). This may be any string value that does not contain spaces.","","","","","","","","","",,,,,"",,,,"Element.id",0,1,"","","n/a"
"Claim.supportingInfo:lastSvc.extension","Claim.supportingInfo.extension","","extensions
user content","",0,*,"","","","Extension {[]} {[]}
","Additional content defined by implementations","May be used to represent additional information that is not part of the basic definition of the element. To make the use of extensions safe and manageable, there is a strict set of governance  applied to the definition and use of extensions. Though any implementer can define an extension, there is a set of requirements that SHALL be met as part of the definition of the extension.","There can be no stigma associated with the use of extensions by any application, project, or standard - regardless of the institution or jurisdiction that uses or defines the extensions.  The use of extensions is what allows the FHIR specification to retain a core level of simplicity for everyone.","","","","","","","","",,,,,"",,,,"Element.extension",0,*,"","ele-1:All FHIR elements must have a @value or children {hasValue() or (children().count() > id.count())}
ext-1:Must have either extensions or value[x], not both {extension.exists() != value.exists()}","n/a"
"Claim.supportingInfo:lastSvc.modifierExtension","Claim.supportingInfo.modifierExtension","","extensions
user contentmodifiers","",0,*,"","Y","Y","Extension {[]} {[]}
","Extensions that cannot be ignored even if unrecognized","May be used to represent additional information that is not part of the basic definition of the element and that modifies the understanding of the element in which it is contained and/or the understanding of the containing element's descendants. Usually modifier elements provide negation or qualification. To make the use of extensions safe and manageable, there is a strict set of governance applied to the definition and use of extensions. Though any implementer can define an extension, there is a set of requirements that SHALL be met as part of the definition of the extension. Applications processing a resource are required to check for modifier extensions.

Modifier extensions SHALL NOT change the meaning of any elements on Resource or DomainResource (including cannot change the meaning of modifierExtension itself).","There can be no stigma associated with the use of extensions by any application, project, or standard - regardless of the institution or jurisdiction that uses or defines the extensions.  The use of extensions is what allows the FHIR specification to retain a core level of simplicity for everyone.","Modifier extensions allow for extensions that *cannot* be safely ignored to be clearly distinguished from the vast majority of extensions which can be safely ignored.  This promotes interoperability by eliminating the need for implementers to prohibit the presence of extensions. For further information, see the [definition of modifier extensions](http://hl7.org/fhir/R4/extensibility.html#modifierExtension).","","","","","","","",,,,,"",,,,"BackboneElement.modifierExtension",0,*,"","ele-1:All FHIR elements must have a @value or children {hasValue() or (children().count() > id.count())}
ext-1:Must have either extensions or value[x], not both {extension.exists() != value.exists()}","N/A"
"Claim.supportingInfo:lastSvc.sequence","Claim.supportingInfo.sequence","","","",1,1,"","","","positiveInt {[]} {[]}
","Information instance identifier","A number to uniquely identify supporting information entries.","","Necessary to maintain the order of the supporting information items and provide a mechanism to link to claim details.","","","","","","","",,,,,"",,,,"Claim.supportingInfo.sequence",1,1,"","ele-1:All FHIR elements must have a @value or children {hasValue() or (children().count() > id.count())}
"
"Claim.supportingInfo:lastSvc.category","Claim.supportingInfo.category","","","",1,1,"","","","CodeableConcept {[]} {[]}
","補充資料的類別。[應填入支付審查服務紀錄補充資訊類別代碼]","The general class of the information supplied: information; exception; accident, employment; onset, etc.","This may contain a category for the local bill type codes.","Required to group or associate information items with common characteristics. For example: admission information or prior treatments.","","","","<valueCodeableConcept xmlns=""http://hl7.org/fhir"">
  <coding>
    <system value=""http://ltc-ig.fhir.tw/CodeSystem/cs-tw-ltc-feeaudit-supporting-info""/>
    <code value=""lastSvc""/>
  </coding>
</valueCodeableConcept>","","","",,"extensible","","http://ltc-ig.fhir.tw/ValueSet/vs-tw-ltc-feeaudit-supporting-info","",,,,"Claim.supportingInfo.category",1,1,"","ele-1:All FHIR elements must have a @value or children {hasValue() or (children().count() > id.count())}
"
"Claim.supportingInfo:lastSvc.code","Claim.supportingInfo.code","","","",0,1,"","","","CodeableConcept {[]} {[]}
","補充資料的代碼。[應依資料類別填入對應 Slice 值集的代碼]","System and code pertaining to the specific information regarding special conditions relating to the setting, treatment or patient  for which care is sought.","","Required to identify the kind of additional information.","","","","","","","",,"example","The valuset used for additional information codes.","http://hl7.org/fhir/ValueSet/claim-exception|4.0.1","",,,,"Claim.supportingInfo.code",0,1,"","ele-1:All FHIR elements must have a @value or children {hasValue() or (children().count() > id.count())}
"
"Claim.supportingInfo:lastSvc.timing[x]","Claim.supportingInfo.timing[x]","","","",0,1,"","","","date {[]} {[]}
Period {[]} {[]}","When it occurred","The date when or period to which this information refers.","","","","","","","","","",,,,,"",,,,"Claim.supportingInfo.timing[x]",0,1,"","ele-1:All FHIR elements must have a @value or children {hasValue() or (children().count() > id.count())}
"
"Claim.supportingInfo:lastSvc.value[x]","Claim.supportingInfo.value[x]","","","",1,1,"Y","","","boolean {[]} {[]}
","Data to be provided","Additional data or information such as resources, documents, images etc. including references to the data or the actual inclusion of the data.","Could be used to provide references to other resources, document. For example could contain a PDF in an Attachment of the Police Report for an Accident.","To convey the data content to be provided when the information is more than a simple code or period.","","","","","","","",,,,,"",,,,"Claim.supportingInfo.value[x]",0,1,"","ele-1:All FHIR elements must have a @value or children {hasValue() or (children().count() > id.count())}
"
"Claim.supportingInfo:lastSvc.reason","Claim.supportingInfo.reason","","","",0,1,"","","","CodeableConcept {[]} {[]}
","Explanation for the information","Provides the reason in the situation where a reason code is required in addition to the content.","For example: the reason for the additional stay, or why a tooth is  missing.","Needed when the supporting information has both a date and amount/value and requires explanation.","","","","","","","",,"example","Reason codes for the missing teeth.","http://hl7.org/fhir/ValueSet/missing-tooth-reason|4.0.1","",,,,"Claim.supportingInfo.reason",0,1,"","ele-1:All FHIR elements must have a @value or children {hasValue() or (children().count() > id.count())}
"
"Claim.supportingInfo:missedVisit","Claim.supportingInfo","missedVisit","Attachments
Exception Codes
Occurrence Codes
Value codes
","",0,1,"Y","","","BackboneElement {[]} {[]}
","訪視或服務時是否未遇到個案，預設為 false。[應填入以下布林值之一：true 未遇到 | false 正常訪視或服務]","應在 valueBoolean 填入 true 或 false。","Often there are multiple jurisdiction specific valuesets which are required.","Typically these information codes are required to support the services rendered or the adjudication of the services rendered.","","","","","","","",,,,,"",,,,"Claim.supportingInfo",0,*,"","ele-1:All FHIR elements must have a @value or children {hasValue() or (children().count() > id.count())}
","Request.supportingInfo"
"Claim.supportingInfo:missedVisit.id","Claim.supportingInfo.id","","","",0,1,"","","","string {[]} {[]}
","Unique id for inter-element referencing","Unique id for the element within a resource (for internal references). This may be any string value that does not contain spaces.","","","","","","","","","",,,,,"",,,,"Element.id",0,1,"","","n/a"
"Claim.supportingInfo:missedVisit.extension","Claim.supportingInfo.extension","","extensions
user content","",0,*,"","","","Extension {[]} {[]}
","Additional content defined by implementations","May be used to represent additional information that is not part of the basic definition of the element. To make the use of extensions safe and manageable, there is a strict set of governance  applied to the definition and use of extensions. Though any implementer can define an extension, there is a set of requirements that SHALL be met as part of the definition of the extension.","There can be no stigma associated with the use of extensions by any application, project, or standard - regardless of the institution or jurisdiction that uses or defines the extensions.  The use of extensions is what allows the FHIR specification to retain a core level of simplicity for everyone.","","","","","","","","",,,,,"",,,,"Element.extension",0,*,"","ele-1:All FHIR elements must have a @value or children {hasValue() or (children().count() > id.count())}
ext-1:Must have either extensions or value[x], not both {extension.exists() != value.exists()}","n/a"
"Claim.supportingInfo:missedVisit.modifierExtension","Claim.supportingInfo.modifierExtension","","extensions
user contentmodifiers","",0,*,"","Y","Y","Extension {[]} {[]}
","Extensions that cannot be ignored even if unrecognized","May be used to represent additional information that is not part of the basic definition of the element and that modifies the understanding of the element in which it is contained and/or the understanding of the containing element's descendants. Usually modifier elements provide negation or qualification. To make the use of extensions safe and manageable, there is a strict set of governance applied to the definition and use of extensions. Though any implementer can define an extension, there is a set of requirements that SHALL be met as part of the definition of the extension. Applications processing a resource are required to check for modifier extensions.

Modifier extensions SHALL NOT change the meaning of any elements on Resource or DomainResource (including cannot change the meaning of modifierExtension itself).","There can be no stigma associated with the use of extensions by any application, project, or standard - regardless of the institution or jurisdiction that uses or defines the extensions.  The use of extensions is what allows the FHIR specification to retain a core level of simplicity for everyone.","Modifier extensions allow for extensions that *cannot* be safely ignored to be clearly distinguished from the vast majority of extensions which can be safely ignored.  This promotes interoperability by eliminating the need for implementers to prohibit the presence of extensions. For further information, see the [definition of modifier extensions](http://hl7.org/fhir/R4/extensibility.html#modifierExtension).","","","","","","","",,,,,"",,,,"BackboneElement.modifierExtension",0,*,"","ele-1:All FHIR elements must have a @value or children {hasValue() or (children().count() > id.count())}
ext-1:Must have either extensions or value[x], not both {extension.exists() != value.exists()}","N/A"
"Claim.supportingInfo:missedVisit.sequence","Claim.supportingInfo.sequence","","","",1,1,"","","","positiveInt {[]} {[]}
","Information instance identifier","A number to uniquely identify supporting information entries.","","Necessary to maintain the order of the supporting information items and provide a mechanism to link to claim details.","","","","","","","",,,,,"",,,,"Claim.supportingInfo.sequence",1,1,"","ele-1:All FHIR elements must have a @value or children {hasValue() or (children().count() > id.count())}
"
"Claim.supportingInfo:missedVisit.category","Claim.supportingInfo.category","","","",1,1,"","","","CodeableConcept {[]} {[]}
","補充資料的類別。[應填入支付審查服務紀錄補充資訊類別代碼]","The general class of the information supplied: information; exception; accident, employment; onset, etc.","This may contain a category for the local bill type codes.","Required to group or associate information items with common characteristics. For example: admission information or prior treatments.","","","","<valueCodeableConcept xmlns=""http://hl7.org/fhir"">
  <coding>
    <system value=""http://ltc-ig.fhir.tw/CodeSystem/cs-tw-ltc-feeaudit-supporting-info""/>
    <code value=""missedVisit""/>
  </coding>
</valueCodeableConcept>","","","",,"extensible","","http://ltc-ig.fhir.tw/ValueSet/vs-tw-ltc-feeaudit-supporting-info","",,,,"Claim.supportingInfo.category",1,1,"","ele-1:All FHIR elements must have a @value or children {hasValue() or (children().count() > id.count())}
"
"Claim.supportingInfo:missedVisit.code","Claim.supportingInfo.code","","","",0,1,"","","","CodeableConcept {[]} {[]}
","補充資料的代碼。[應依資料類別填入對應 Slice 值集的代碼]","System and code pertaining to the specific information regarding special conditions relating to the setting, treatment or patient  for which care is sought.","","Required to identify the kind of additional information.","","","","","","","",,"example","The valuset used for additional information codes.","http://hl7.org/fhir/ValueSet/claim-exception|4.0.1","",,,,"Claim.supportingInfo.code",0,1,"","ele-1:All FHIR elements must have a @value or children {hasValue() or (children().count() > id.count())}
"
"Claim.supportingInfo:missedVisit.timing[x]","Claim.supportingInfo.timing[x]","","","",0,1,"","","","date {[]} {[]}
Period {[]} {[]}","When it occurred","The date when or period to which this information refers.","","","","","","","","","",,,,,"",,,,"Claim.supportingInfo.timing[x]",0,1,"","ele-1:All FHIR elements must have a @value or children {hasValue() or (children().count() > id.count())}
"
"Claim.supportingInfo:missedVisit.value[x]","Claim.supportingInfo.value[x]","","","",1,1,"Y","","","boolean {[]} {[]}
","Data to be provided","Additional data or information such as resources, documents, images etc. including references to the data or the actual inclusion of the data.","Could be used to provide references to other resources, document. For example could contain a PDF in an Attachment of the Police Report for an Accident.","To convey the data content to be provided when the information is more than a simple code or period.","","","","","","","",,,,,"",,,,"Claim.supportingInfo.value[x]",0,1,"","ele-1:All FHIR elements must have a @value or children {hasValue() or (children().count() > id.count())}
"
"Claim.supportingInfo:missedVisit.reason","Claim.supportingInfo.reason","","","",0,1,"","","","CodeableConcept {[]} {[]}
","Explanation for the information","Provides the reason in the situation where a reason code is required in addition to the content.","For example: the reason for the additional stay, or why a tooth is  missing.","Needed when the supporting information has both a date and amount/value and requires explanation.","","","","","","","",,"example","Reason codes for the missing teeth.","http://hl7.org/fhir/ValueSet/missing-tooth-reason|4.0.1","",,,,"Claim.supportingInfo.reason",0,1,"","ele-1:All FHIR elements must have a @value or children {hasValue() or (children().count() > id.count())}
"
"Claim.supportingInfo:applyCovid19","Claim.supportingInfo","applyCovid19","Attachments
Exception Codes
Occurrence Codes
Value codes
","",0,1,"Y","","","BackboneElement {[]} {[]}
","是否陪同接種 COVID-19 疫苗，僅供 BA13、BA13a 申報，預設為 false。[應填入以下布林值之一：true 是 | false 否]","應在 valueBoolean 填入 true 或 false。","Often there are multiple jurisdiction specific valuesets which are required.","Typically these information codes are required to support the services rendered or the adjudication of the services rendered.","","","","","","","",,,,,"",,,,"Claim.supportingInfo",0,*,"","ele-1:All FHIR elements must have a @value or children {hasValue() or (children().count() > id.count())}
","Request.supportingInfo"
"Claim.supportingInfo:applyCovid19.id","Claim.supportingInfo.id","","","",0,1,"","","","string {[]} {[]}
","Unique id for inter-element referencing","Unique id for the element within a resource (for internal references). This may be any string value that does not contain spaces.","","","","","","","","","",,,,,"",,,,"Element.id",0,1,"","","n/a"
"Claim.supportingInfo:applyCovid19.extension","Claim.supportingInfo.extension","","extensions
user content","",0,*,"","","","Extension {[]} {[]}
","Additional content defined by implementations","May be used to represent additional information that is not part of the basic definition of the element. To make the use of extensions safe and manageable, there is a strict set of governance  applied to the definition and use of extensions. Though any implementer can define an extension, there is a set of requirements that SHALL be met as part of the definition of the extension.","There can be no stigma associated with the use of extensions by any application, project, or standard - regardless of the institution or jurisdiction that uses or defines the extensions.  The use of extensions is what allows the FHIR specification to retain a core level of simplicity for everyone.","","","","","","","","",,,,,"",,,,"Element.extension",0,*,"","ele-1:All FHIR elements must have a @value or children {hasValue() or (children().count() > id.count())}
ext-1:Must have either extensions or value[x], not both {extension.exists() != value.exists()}","n/a"
"Claim.supportingInfo:applyCovid19.modifierExtension","Claim.supportingInfo.modifierExtension","","extensions
user contentmodifiers","",0,*,"","Y","Y","Extension {[]} {[]}
","Extensions that cannot be ignored even if unrecognized","May be used to represent additional information that is not part of the basic definition of the element and that modifies the understanding of the element in which it is contained and/or the understanding of the containing element's descendants. Usually modifier elements provide negation or qualification. To make the use of extensions safe and manageable, there is a strict set of governance applied to the definition and use of extensions. Though any implementer can define an extension, there is a set of requirements that SHALL be met as part of the definition of the extension. Applications processing a resource are required to check for modifier extensions.

Modifier extensions SHALL NOT change the meaning of any elements on Resource or DomainResource (including cannot change the meaning of modifierExtension itself).","There can be no stigma associated with the use of extensions by any application, project, or standard - regardless of the institution or jurisdiction that uses or defines the extensions.  The use of extensions is what allows the FHIR specification to retain a core level of simplicity for everyone.","Modifier extensions allow for extensions that *cannot* be safely ignored to be clearly distinguished from the vast majority of extensions which can be safely ignored.  This promotes interoperability by eliminating the need for implementers to prohibit the presence of extensions. For further information, see the [definition of modifier extensions](http://hl7.org/fhir/R4/extensibility.html#modifierExtension).","","","","","","","",,,,,"",,,,"BackboneElement.modifierExtension",0,*,"","ele-1:All FHIR elements must have a @value or children {hasValue() or (children().count() > id.count())}
ext-1:Must have either extensions or value[x], not both {extension.exists() != value.exists()}","N/A"
"Claim.supportingInfo:applyCovid19.sequence","Claim.supportingInfo.sequence","","","",1,1,"","","","positiveInt {[]} {[]}
","Information instance identifier","A number to uniquely identify supporting information entries.","","Necessary to maintain the order of the supporting information items and provide a mechanism to link to claim details.","","","","","","","",,,,,"",,,,"Claim.supportingInfo.sequence",1,1,"","ele-1:All FHIR elements must have a @value or children {hasValue() or (children().count() > id.count())}
"
"Claim.supportingInfo:applyCovid19.category","Claim.supportingInfo.category","","","",1,1,"","","","CodeableConcept {[]} {[]}
","補充資料的類別。[應填入支付審查服務紀錄補充資訊類別代碼]","The general class of the information supplied: information; exception; accident, employment; onset, etc.","This may contain a category for the local bill type codes.","Required to group or associate information items with common characteristics. For example: admission information or prior treatments.","","","","<valueCodeableConcept xmlns=""http://hl7.org/fhir"">
  <coding>
    <system value=""http://ltc-ig.fhir.tw/CodeSystem/cs-tw-ltc-feeaudit-supporting-info""/>
    <code value=""applyCovid19""/>
  </coding>
</valueCodeableConcept>","","","",,"extensible","","http://ltc-ig.fhir.tw/ValueSet/vs-tw-ltc-feeaudit-supporting-info","",,,,"Claim.supportingInfo.category",1,1,"","ele-1:All FHIR elements must have a @value or children {hasValue() or (children().count() > id.count())}
"
"Claim.supportingInfo:applyCovid19.code","Claim.supportingInfo.code","","","",0,1,"","","","CodeableConcept {[]} {[]}
","補充資料的代碼。[應依資料類別填入對應 Slice 值集的代碼]","System and code pertaining to the specific information regarding special conditions relating to the setting, treatment or patient  for which care is sought.","","Required to identify the kind of additional information.","","","","","","","",,"example","The valuset used for additional information codes.","http://hl7.org/fhir/ValueSet/claim-exception|4.0.1","",,,,"Claim.supportingInfo.code",0,1,"","ele-1:All FHIR elements must have a @value or children {hasValue() or (children().count() > id.count())}
"
"Claim.supportingInfo:applyCovid19.timing[x]","Claim.supportingInfo.timing[x]","","","",0,1,"","","","date {[]} {[]}
Period {[]} {[]}","When it occurred","The date when or period to which this information refers.","","","","","","","","","",,,,,"",,,,"Claim.supportingInfo.timing[x]",0,1,"","ele-1:All FHIR elements must have a @value or children {hasValue() or (children().count() > id.count())}
"
"Claim.supportingInfo:applyCovid19.value[x]","Claim.supportingInfo.value[x]","","","",1,1,"Y","","","boolean {[]} {[]}
","Data to be provided","Additional data or information such as resources, documents, images etc. including references to the data or the actual inclusion of the data.","Could be used to provide references to other resources, document. For example could contain a PDF in an Attachment of the Police Report for an Accident.","To convey the data content to be provided when the information is more than a simple code or period.","","","","","","","",,,,,"",,,,"Claim.supportingInfo.value[x]",0,1,"","ele-1:All FHIR elements must have a @value or children {hasValue() or (children().count() > id.count())}
"
"Claim.supportingInfo:applyCovid19.reason","Claim.supportingInfo.reason","","","",0,1,"","","","CodeableConcept {[]} {[]}
","Explanation for the information","Provides the reason in the situation where a reason code is required in addition to the content.","For example: the reason for the additional stay, or why a tooth is  missing.","Needed when the supporting information has both a date and amount/value and requires explanation.","","","","","","","",,"example","Reason codes for the missing teeth.","http://hl7.org/fhir/ValueSet/missing-tooth-reason|4.0.1","",,,,"Claim.supportingInfo.reason",0,1,"","ele-1:All FHIR elements must have a @value or children {hasValue() or (children().count() > id.count())}
"
"Claim.supportingInfo:applyAA03","Claim.supportingInfo","applyAA03","Attachments
Exception Codes
Occurrence Codes
Value codes
","",0,1,"Y","","","BackboneElement {[]} {[]}
","是否申報 AA03，預設為 false。[應填入以下布林值之一：true 是 | false 否]","應在 valueBoolean 填入 true 或 false。","Often there are multiple jurisdiction specific valuesets which are required.","Typically these information codes are required to support the services rendered or the adjudication of the services rendered.","","","","","","","",,,,,"",,,,"Claim.supportingInfo",0,*,"","ele-1:All FHIR elements must have a @value or children {hasValue() or (children().count() > id.count())}
","Request.supportingInfo"
"Claim.supportingInfo:applyAA03.id","Claim.supportingInfo.id","","","",0,1,"","","","string {[]} {[]}
","Unique id for inter-element referencing","Unique id for the element within a resource (for internal references). This may be any string value that does not contain spaces.","","","","","","","","","",,,,,"",,,,"Element.id",0,1,"","","n/a"
"Claim.supportingInfo:applyAA03.extension","Claim.supportingInfo.extension","","extensions
user content","",0,*,"","","","Extension {[]} {[]}
","Additional content defined by implementations","May be used to represent additional information that is not part of the basic definition of the element. To make the use of extensions safe and manageable, there is a strict set of governance  applied to the definition and use of extensions. Though any implementer can define an extension, there is a set of requirements that SHALL be met as part of the definition of the extension.","There can be no stigma associated with the use of extensions by any application, project, or standard - regardless of the institution or jurisdiction that uses or defines the extensions.  The use of extensions is what allows the FHIR specification to retain a core level of simplicity for everyone.","","","","","","","","",,,,,"",,,,"Element.extension",0,*,"","ele-1:All FHIR elements must have a @value or children {hasValue() or (children().count() > id.count())}
ext-1:Must have either extensions or value[x], not both {extension.exists() != value.exists()}","n/a"
"Claim.supportingInfo:applyAA03.modifierExtension","Claim.supportingInfo.modifierExtension","","extensions
user contentmodifiers","",0,*,"","Y","Y","Extension {[]} {[]}
","Extensions that cannot be ignored even if unrecognized","May be used to represent additional information that is not part of the basic definition of the element and that modifies the understanding of the element in which it is contained and/or the understanding of the containing element's descendants. Usually modifier elements provide negation or qualification. To make the use of extensions safe and manageable, there is a strict set of governance applied to the definition and use of extensions. Though any implementer can define an extension, there is a set of requirements that SHALL be met as part of the definition of the extension. Applications processing a resource are required to check for modifier extensions.

Modifier extensions SHALL NOT change the meaning of any elements on Resource or DomainResource (including cannot change the meaning of modifierExtension itself).","There can be no stigma associated with the use of extensions by any application, project, or standard - regardless of the institution or jurisdiction that uses or defines the extensions.  The use of extensions is what allows the FHIR specification to retain a core level of simplicity for everyone.","Modifier extensions allow for extensions that *cannot* be safely ignored to be clearly distinguished from the vast majority of extensions which can be safely ignored.  This promotes interoperability by eliminating the need for implementers to prohibit the presence of extensions. For further information, see the [definition of modifier extensions](http://hl7.org/fhir/R4/extensibility.html#modifierExtension).","","","","","","","",,,,,"",,,,"BackboneElement.modifierExtension",0,*,"","ele-1:All FHIR elements must have a @value or children {hasValue() or (children().count() > id.count())}
ext-1:Must have either extensions or value[x], not both {extension.exists() != value.exists()}","N/A"
"Claim.supportingInfo:applyAA03.sequence","Claim.supportingInfo.sequence","","","",1,1,"","","","positiveInt {[]} {[]}
","Information instance identifier","A number to uniquely identify supporting information entries.","","Necessary to maintain the order of the supporting information items and provide a mechanism to link to claim details.","","","","","","","",,,,,"",,,,"Claim.supportingInfo.sequence",1,1,"","ele-1:All FHIR elements must have a @value or children {hasValue() or (children().count() > id.count())}
"
"Claim.supportingInfo:applyAA03.category","Claim.supportingInfo.category","","","",1,1,"","","","CodeableConcept {[]} {[]}
","補充資料的類別。[應填入支付審查服務紀錄補充資訊類別代碼]","The general class of the information supplied: information; exception; accident, employment; onset, etc.","This may contain a category for the local bill type codes.","Required to group or associate information items with common characteristics. For example: admission information or prior treatments.","","","","<valueCodeableConcept xmlns=""http://hl7.org/fhir"">
  <coding>
    <system value=""http://ltc-ig.fhir.tw/CodeSystem/cs-tw-ltc-feeaudit-supporting-info""/>
    <code value=""applyAA03""/>
  </coding>
</valueCodeableConcept>","","","",,"extensible","","http://ltc-ig.fhir.tw/ValueSet/vs-tw-ltc-feeaudit-supporting-info","",,,,"Claim.supportingInfo.category",1,1,"","ele-1:All FHIR elements must have a @value or children {hasValue() or (children().count() > id.count())}
"
"Claim.supportingInfo:applyAA03.code","Claim.supportingInfo.code","","","",0,1,"","","","CodeableConcept {[]} {[]}
","補充資料的代碼。[應依資料類別填入對應 Slice 值集的代碼]","System and code pertaining to the specific information regarding special conditions relating to the setting, treatment or patient  for which care is sought.","","Required to identify the kind of additional information.","","","","","","","",,"example","The valuset used for additional information codes.","http://hl7.org/fhir/ValueSet/claim-exception|4.0.1","",,,,"Claim.supportingInfo.code",0,1,"","ele-1:All FHIR elements must have a @value or children {hasValue() or (children().count() > id.count())}
"
"Claim.supportingInfo:applyAA03.timing[x]","Claim.supportingInfo.timing[x]","","","",0,1,"","","","date {[]} {[]}
Period {[]} {[]}","When it occurred","The date when or period to which this information refers.","","","","","","","","","",,,,,"",,,,"Claim.supportingInfo.timing[x]",0,1,"","ele-1:All FHIR elements must have a @value or children {hasValue() or (children().count() > id.count())}
"
"Claim.supportingInfo:applyAA03.value[x]","Claim.supportingInfo.value[x]","","","",1,1,"Y","","","boolean {[]} {[]}
","Data to be provided","Additional data or information such as resources, documents, images etc. including references to the data or the actual inclusion of the data.","Could be used to provide references to other resources, document. For example could contain a PDF in an Attachment of the Police Report for an Accident.","To convey the data content to be provided when the information is more than a simple code or period.","","","","","","","",,,,,"",,,,"Claim.supportingInfo.value[x]",0,1,"","ele-1:All FHIR elements must have a @value or children {hasValue() or (children().count() > id.count())}
"
"Claim.supportingInfo:applyAA03.reason","Claim.supportingInfo.reason","","","",0,1,"","","","CodeableConcept {[]} {[]}
","Explanation for the information","Provides the reason in the situation where a reason code is required in addition to the content.","For example: the reason for the additional stay, or why a tooth is  missing.","Needed when the supporting information has both a date and amount/value and requires explanation.","","","","","","","",,"example","Reason codes for the missing teeth.","http://hl7.org/fhir/ValueSet/missing-tooth-reason|4.0.1","",,,,"Claim.supportingInfo.reason",0,1,"","ele-1:All FHIR elements must have a @value or children {hasValue() or (children().count() > id.count())}
"
"Claim.supportingInfo:applyAA09","Claim.supportingInfo","applyAA09","Attachments
Exception Codes
Occurrence Codes
Value codes
","",0,1,"Y","","","BackboneElement {[]} {[]}
","是否申報 AA09，預設為 true。[應填入以下布林值之一：true 是 | false 否]","應在 valueBoolean 填入 true 或 false。","Often there are multiple jurisdiction specific valuesets which are required.","Typically these information codes are required to support the services rendered or the adjudication of the services rendered.","","","","","","","",,,,,"",,,,"Claim.supportingInfo",0,*,"","ele-1:All FHIR elements must have a @value or children {hasValue() or (children().count() > id.count())}
","Request.supportingInfo"
"Claim.supportingInfo:applyAA09.id","Claim.supportingInfo.id","","","",0,1,"","","","string {[]} {[]}
","Unique id for inter-element referencing","Unique id for the element within a resource (for internal references). This may be any string value that does not contain spaces.","","","","","","","","","",,,,,"",,,,"Element.id",0,1,"","","n/a"
"Claim.supportingInfo:applyAA09.extension","Claim.supportingInfo.extension","","extensions
user content","",0,*,"","","","Extension {[]} {[]}
","Additional content defined by implementations","May be used to represent additional information that is not part of the basic definition of the element. To make the use of extensions safe and manageable, there is a strict set of governance  applied to the definition and use of extensions. Though any implementer can define an extension, there is a set of requirements that SHALL be met as part of the definition of the extension.","There can be no stigma associated with the use of extensions by any application, project, or standard - regardless of the institution or jurisdiction that uses or defines the extensions.  The use of extensions is what allows the FHIR specification to retain a core level of simplicity for everyone.","","","","","","","","",,,,,"",,,,"Element.extension",0,*,"","ele-1:All FHIR elements must have a @value or children {hasValue() or (children().count() > id.count())}
ext-1:Must have either extensions or value[x], not both {extension.exists() != value.exists()}","n/a"
"Claim.supportingInfo:applyAA09.modifierExtension","Claim.supportingInfo.modifierExtension","","extensions
user contentmodifiers","",0,*,"","Y","Y","Extension {[]} {[]}
","Extensions that cannot be ignored even if unrecognized","May be used to represent additional information that is not part of the basic definition of the element and that modifies the understanding of the element in which it is contained and/or the understanding of the containing element's descendants. Usually modifier elements provide negation or qualification. To make the use of extensions safe and manageable, there is a strict set of governance applied to the definition and use of extensions. Though any implementer can define an extension, there is a set of requirements that SHALL be met as part of the definition of the extension. Applications processing a resource are required to check for modifier extensions.

Modifier extensions SHALL NOT change the meaning of any elements on Resource or DomainResource (including cannot change the meaning of modifierExtension itself).","There can be no stigma associated with the use of extensions by any application, project, or standard - regardless of the institution or jurisdiction that uses or defines the extensions.  The use of extensions is what allows the FHIR specification to retain a core level of simplicity for everyone.","Modifier extensions allow for extensions that *cannot* be safely ignored to be clearly distinguished from the vast majority of extensions which can be safely ignored.  This promotes interoperability by eliminating the need for implementers to prohibit the presence of extensions. For further information, see the [definition of modifier extensions](http://hl7.org/fhir/R4/extensibility.html#modifierExtension).","","","","","","","",,,,,"",,,,"BackboneElement.modifierExtension",0,*,"","ele-1:All FHIR elements must have a @value or children {hasValue() or (children().count() > id.count())}
ext-1:Must have either extensions or value[x], not both {extension.exists() != value.exists()}","N/A"
"Claim.supportingInfo:applyAA09.sequence","Claim.supportingInfo.sequence","","","",1,1,"","","","positiveInt {[]} {[]}
","Information instance identifier","A number to uniquely identify supporting information entries.","","Necessary to maintain the order of the supporting information items and provide a mechanism to link to claim details.","","","","","","","",,,,,"",,,,"Claim.supportingInfo.sequence",1,1,"","ele-1:All FHIR elements must have a @value or children {hasValue() or (children().count() > id.count())}
"
"Claim.supportingInfo:applyAA09.category","Claim.supportingInfo.category","","","",1,1,"","","","CodeableConcept {[]} {[]}
","補充資料的類別。[應填入支付審查服務紀錄補充資訊類別代碼]","The general class of the information supplied: information; exception; accident, employment; onset, etc.","This may contain a category for the local bill type codes.","Required to group or associate information items with common characteristics. For example: admission information or prior treatments.","","","","<valueCodeableConcept xmlns=""http://hl7.org/fhir"">
  <coding>
    <system value=""http://ltc-ig.fhir.tw/CodeSystem/cs-tw-ltc-feeaudit-supporting-info""/>
    <code value=""applyAA09""/>
  </coding>
</valueCodeableConcept>","","","",,"extensible","","http://ltc-ig.fhir.tw/ValueSet/vs-tw-ltc-feeaudit-supporting-info","",,,,"Claim.supportingInfo.category",1,1,"","ele-1:All FHIR elements must have a @value or children {hasValue() or (children().count() > id.count())}
"
"Claim.supportingInfo:applyAA09.code","Claim.supportingInfo.code","","","",0,1,"","","","CodeableConcept {[]} {[]}
","補充資料的代碼。[應依資料類別填入對應 Slice 值集的代碼]","System and code pertaining to the specific information regarding special conditions relating to the setting, treatment or patient  for which care is sought.","","Required to identify the kind of additional information.","","","","","","","",,"example","The valuset used for additional information codes.","http://hl7.org/fhir/ValueSet/claim-exception|4.0.1","",,,,"Claim.supportingInfo.code",0,1,"","ele-1:All FHIR elements must have a @value or children {hasValue() or (children().count() > id.count())}
"
"Claim.supportingInfo:applyAA09.timing[x]","Claim.supportingInfo.timing[x]","","","",0,1,"","","","date {[]} {[]}
Period {[]} {[]}","When it occurred","The date when or period to which this information refers.","","","","","","","","","",,,,,"",,,,"Claim.supportingInfo.timing[x]",0,1,"","ele-1:All FHIR elements must have a @value or children {hasValue() or (children().count() > id.count())}
"
"Claim.supportingInfo:applyAA09.value[x]","Claim.supportingInfo.value[x]","","","",1,1,"Y","","","boolean {[]} {[]}
","Data to be provided","Additional data or information such as resources, documents, images etc. including references to the data or the actual inclusion of the data.","Could be used to provide references to other resources, document. For example could contain a PDF in an Attachment of the Police Report for an Accident.","To convey the data content to be provided when the information is more than a simple code or period.","","","","","","","",,,,,"",,,,"Claim.supportingInfo.value[x]",0,1,"","ele-1:All FHIR elements must have a @value or children {hasValue() or (children().count() > id.count())}
"
"Claim.supportingInfo:applyAA09.reason","Claim.supportingInfo.reason","","","",0,1,"","","","CodeableConcept {[]} {[]}
","Explanation for the information","Provides the reason in the situation where a reason code is required in addition to the content.","For example: the reason for the additional stay, or why a tooth is  missing.","Needed when the supporting information has both a date and amount/value and requires explanation.","","","","","","","",,"example","Reason codes for the missing teeth.","http://hl7.org/fhir/ValueSet/missing-tooth-reason|4.0.1","",,,,"Claim.supportingInfo.reason",0,1,"","ele-1:All FHIR elements must have a @value or children {hasValue() or (children().count() > id.count())}
"
"Claim.supportingInfo:aa10Status","Claim.supportingInfo","aa10Status","Attachments
Exception Codes
Occurrence Codes
Value codes
","",0,1,"Y","","","BackboneElement {[]} {[]}
","AA10 申報狀態，預設為 0。[應填入以下代碼之一：0 未申報 | 1 申請待確認 | 2 確認為非緊急服務 | 3 確認為緊急服務]","代碼填入 supportingInfo.code。","Often there are multiple jurisdiction specific valuesets which are required.","Typically these information codes are required to support the services rendered or the adjudication of the services rendered.","","","","","","","",,,,,"",,,,"Claim.supportingInfo",0,*,"","ele-1:All FHIR elements must have a @value or children {hasValue() or (children().count() > id.count())}
","Request.supportingInfo"
"Claim.supportingInfo:aa10Status.id","Claim.supportingInfo.id","","","",0,1,"","","","string {[]} {[]}
","Unique id for inter-element referencing","Unique id for the element within a resource (for internal references). This may be any string value that does not contain spaces.","","","","","","","","","",,,,,"",,,,"Element.id",0,1,"","","n/a"
"Claim.supportingInfo:aa10Status.extension","Claim.supportingInfo.extension","","extensions
user content","",0,*,"","","","Extension {[]} {[]}
","Additional content defined by implementations","May be used to represent additional information that is not part of the basic definition of the element. To make the use of extensions safe and manageable, there is a strict set of governance  applied to the definition and use of extensions. Though any implementer can define an extension, there is a set of requirements that SHALL be met as part of the definition of the extension.","There can be no stigma associated with the use of extensions by any application, project, or standard - regardless of the institution or jurisdiction that uses or defines the extensions.  The use of extensions is what allows the FHIR specification to retain a core level of simplicity for everyone.","","","","","","","","",,,,,"",,,,"Element.extension",0,*,"","ele-1:All FHIR elements must have a @value or children {hasValue() or (children().count() > id.count())}
ext-1:Must have either extensions or value[x], not both {extension.exists() != value.exists()}","n/a"
"Claim.supportingInfo:aa10Status.modifierExtension","Claim.supportingInfo.modifierExtension","","extensions
user contentmodifiers","",0,*,"","Y","Y","Extension {[]} {[]}
","Extensions that cannot be ignored even if unrecognized","May be used to represent additional information that is not part of the basic definition of the element and that modifies the understanding of the element in which it is contained and/or the understanding of the containing element's descendants. Usually modifier elements provide negation or qualification. To make the use of extensions safe and manageable, there is a strict set of governance applied to the definition and use of extensions. Though any implementer can define an extension, there is a set of requirements that SHALL be met as part of the definition of the extension. Applications processing a resource are required to check for modifier extensions.

Modifier extensions SHALL NOT change the meaning of any elements on Resource or DomainResource (including cannot change the meaning of modifierExtension itself).","There can be no stigma associated with the use of extensions by any application, project, or standard - regardless of the institution or jurisdiction that uses or defines the extensions.  The use of extensions is what allows the FHIR specification to retain a core level of simplicity for everyone.","Modifier extensions allow for extensions that *cannot* be safely ignored to be clearly distinguished from the vast majority of extensions which can be safely ignored.  This promotes interoperability by eliminating the need for implementers to prohibit the presence of extensions. For further information, see the [definition of modifier extensions](http://hl7.org/fhir/R4/extensibility.html#modifierExtension).","","","","","","","",,,,,"",,,,"BackboneElement.modifierExtension",0,*,"","ele-1:All FHIR elements must have a @value or children {hasValue() or (children().count() > id.count())}
ext-1:Must have either extensions or value[x], not both {extension.exists() != value.exists()}","N/A"
"Claim.supportingInfo:aa10Status.sequence","Claim.supportingInfo.sequence","","","",1,1,"","","","positiveInt {[]} {[]}
","Information instance identifier","A number to uniquely identify supporting information entries.","","Necessary to maintain the order of the supporting information items and provide a mechanism to link to claim details.","","","","","","","",,,,,"",,,,"Claim.supportingInfo.sequence",1,1,"","ele-1:All FHIR elements must have a @value or children {hasValue() or (children().count() > id.count())}
"
"Claim.supportingInfo:aa10Status.category","Claim.supportingInfo.category","","","",1,1,"","","","CodeableConcept {[]} {[]}
","補充資料的類別。[應填入支付審查服務紀錄補充資訊類別代碼]","The general class of the information supplied: information; exception; accident, employment; onset, etc.","This may contain a category for the local bill type codes.","Required to group or associate information items with common characteristics. For example: admission information or prior treatments.","","","","<valueCodeableConcept xmlns=""http://hl7.org/fhir"">
  <coding>
    <system value=""http://ltc-ig.fhir.tw/CodeSystem/cs-tw-ltc-feeaudit-supporting-info""/>
    <code value=""aa10Status""/>
  </coding>
</valueCodeableConcept>","","","",,"extensible","","http://ltc-ig.fhir.tw/ValueSet/vs-tw-ltc-feeaudit-supporting-info","",,,,"Claim.supportingInfo.category",1,1,"","ele-1:All FHIR elements must have a @value or children {hasValue() or (children().count() > id.count())}
"
"Claim.supportingInfo:aa10Status.code","Claim.supportingInfo.code","","","",1,1,"Y","","","CodeableConcept {[]} {[]}
","補充資料的代碼。[應依資料類別填入對應 Slice 值集的代碼]","System and code pertaining to the specific information regarding special conditions relating to the setting, treatment or patient  for which care is sought.","","Required to identify the kind of additional information.","","","","","","","",,"required","","http://ltc-ig.fhir.tw/ValueSet/vs-tw-ltc-feeaudit-aa10-status","",,,,"Claim.supportingInfo.code",0,1,"","ele-1:All FHIR elements must have a @value or children {hasValue() or (children().count() > id.count())}
"
"Claim.supportingInfo:aa10Status.timing[x]","Claim.supportingInfo.timing[x]","","","",0,1,"","","","date {[]} {[]}
Period {[]} {[]}","When it occurred","The date when or period to which this information refers.","","","","","","","","","",,,,,"",,,,"Claim.supportingInfo.timing[x]",0,1,"","ele-1:All FHIR elements must have a @value or children {hasValue() or (children().count() > id.count())}
"
"Claim.supportingInfo:aa10Status.value[x]","Claim.supportingInfo.value[x]","","","",0,0,"","","","boolean {[]} {[]}
string {[]} {[]}Quantity {[]} {[]}Attachment {[]} {[]}Reference {[]} {[CanonicalType[http://hl7.org/fhir/StructureDefinition/Resource|4.0.1]]}","Data to be provided","Additional data or information such as resources, documents, images etc. including references to the data or the actual inclusion of the data.","Could be used to provide references to other resources, document. For example could contain a PDF in an Attachment of the Police Report for an Accident.","To convey the data content to be provided when the information is more than a simple code or period.","","","","","","","",,,,,"",,,,"Claim.supportingInfo.value[x]",0,1,"","ele-1:All FHIR elements must have a @value or children {hasValue() or (children().count() > id.count())}
"
"Claim.supportingInfo:aa10Status.reason","Claim.supportingInfo.reason","","","",0,1,"","","","CodeableConcept {[]} {[]}
","Explanation for the information","Provides the reason in the situation where a reason code is required in addition to the content.","For example: the reason for the additional stay, or why a tooth is  missing.","Needed when the supporting information has both a date and amount/value and requires explanation.","","","","","","","",,"example","Reason codes for the missing teeth.","http://hl7.org/fhir/ValueSet/missing-tooth-reason|4.0.1","",,,,"Claim.supportingInfo.reason",0,1,"","ele-1:All FHIR elements must have a @value or children {hasValue() or (children().count() > id.count())}
"
"Claim.supportingInfo:remark","Claim.supportingInfo","remark","Attachments
Exception Codes
Occurrence Codes
Value codes
","",0,1,"Y","","","BackboneElement {[]} {[]}
","服務紀錄的備註。[應在 valueString 填入最長 4000 個字元的字串]","Additional information codes regarding exceptions, special considerations, the condition, situation, prior or concurrent issues.","Often there are multiple jurisdiction specific valuesets which are required.","Typically these information codes are required to support the services rendered or the adjudication of the services rendered.","","","","","","","",,,,,"",,,,"Claim.supportingInfo",0,*,"","ele-1:All FHIR elements must have a @value or children {hasValue() or (children().count() > id.count())}
","Request.supportingInfo"
"Claim.supportingInfo:remark.id","Claim.supportingInfo.id","","","",0,1,"","","","string {[]} {[]}
","Unique id for inter-element referencing","Unique id for the element within a resource (for internal references). This may be any string value that does not contain spaces.","","","","","","","","","",,,,,"",,,,"Element.id",0,1,"","","n/a"
"Claim.supportingInfo:remark.extension","Claim.supportingInfo.extension","","extensions
user content","",0,*,"","","","Extension {[]} {[]}
","Additional content defined by implementations","May be used to represent additional information that is not part of the basic definition of the element. To make the use of extensions safe and manageable, there is a strict set of governance  applied to the definition and use of extensions. Though any implementer can define an extension, there is a set of requirements that SHALL be met as part of the definition of the extension.","There can be no stigma associated with the use of extensions by any application, project, or standard - regardless of the institution or jurisdiction that uses or defines the extensions.  The use of extensions is what allows the FHIR specification to retain a core level of simplicity for everyone.","","","","","","","","",,,,,"",,,,"Element.extension",0,*,"","ele-1:All FHIR elements must have a @value or children {hasValue() or (children().count() > id.count())}
ext-1:Must have either extensions or value[x], not both {extension.exists() != value.exists()}","n/a"
"Claim.supportingInfo:remark.modifierExtension","Claim.supportingInfo.modifierExtension","","extensions
user contentmodifiers","",0,*,"","Y","Y","Extension {[]} {[]}
","Extensions that cannot be ignored even if unrecognized","May be used to represent additional information that is not part of the basic definition of the element and that modifies the understanding of the element in which it is contained and/or the understanding of the containing element's descendants. Usually modifier elements provide negation or qualification. To make the use of extensions safe and manageable, there is a strict set of governance applied to the definition and use of extensions. Though any implementer can define an extension, there is a set of requirements that SHALL be met as part of the definition of the extension. Applications processing a resource are required to check for modifier extensions.

Modifier extensions SHALL NOT change the meaning of any elements on Resource or DomainResource (including cannot change the meaning of modifierExtension itself).","There can be no stigma associated with the use of extensions by any application, project, or standard - regardless of the institution or jurisdiction that uses or defines the extensions.  The use of extensions is what allows the FHIR specification to retain a core level of simplicity for everyone.","Modifier extensions allow for extensions that *cannot* be safely ignored to be clearly distinguished from the vast majority of extensions which can be safely ignored.  This promotes interoperability by eliminating the need for implementers to prohibit the presence of extensions. For further information, see the [definition of modifier extensions](http://hl7.org/fhir/R4/extensibility.html#modifierExtension).","","","","","","","",,,,,"",,,,"BackboneElement.modifierExtension",0,*,"","ele-1:All FHIR elements must have a @value or children {hasValue() or (children().count() > id.count())}
ext-1:Must have either extensions or value[x], not both {extension.exists() != value.exists()}","N/A"
"Claim.supportingInfo:remark.sequence","Claim.supportingInfo.sequence","","","",1,1,"","","","positiveInt {[]} {[]}
","Information instance identifier","A number to uniquely identify supporting information entries.","","Necessary to maintain the order of the supporting information items and provide a mechanism to link to claim details.","","","","","","","",,,,,"",,,,"Claim.supportingInfo.sequence",1,1,"","ele-1:All FHIR elements must have a @value or children {hasValue() or (children().count() > id.count())}
"
"Claim.supportingInfo:remark.category","Claim.supportingInfo.category","","","",1,1,"","","","CodeableConcept {[]} {[]}
","補充資料的類別。[應填入支付審查服務紀錄補充資訊類別代碼]","The general class of the information supplied: information; exception; accident, employment; onset, etc.","This may contain a category for the local bill type codes.","Required to group or associate information items with common characteristics. For example: admission information or prior treatments.","","","","<valueCodeableConcept xmlns=""http://hl7.org/fhir"">
  <coding>
    <system value=""http://ltc-ig.fhir.tw/CodeSystem/cs-tw-ltc-feeaudit-supporting-info""/>
    <code value=""remark""/>
  </coding>
</valueCodeableConcept>","","","",,"extensible","","http://ltc-ig.fhir.tw/ValueSet/vs-tw-ltc-feeaudit-supporting-info","",,,,"Claim.supportingInfo.category",1,1,"","ele-1:All FHIR elements must have a @value or children {hasValue() or (children().count() > id.count())}
"
"Claim.supportingInfo:remark.code","Claim.supportingInfo.code","","","",0,1,"","","","CodeableConcept {[]} {[]}
","補充資料的代碼。[應依資料類別填入對應 Slice 值集的代碼]","System and code pertaining to the specific information regarding special conditions relating to the setting, treatment or patient  for which care is sought.","","Required to identify the kind of additional information.","","","","","","","",,"example","The valuset used for additional information codes.","http://hl7.org/fhir/ValueSet/claim-exception|4.0.1","",,,,"Claim.supportingInfo.code",0,1,"","ele-1:All FHIR elements must have a @value or children {hasValue() or (children().count() > id.count())}
"
"Claim.supportingInfo:remark.timing[x]","Claim.supportingInfo.timing[x]","","","",0,1,"","","","date {[]} {[]}
Period {[]} {[]}","When it occurred","The date when or period to which this information refers.","","","","","","","","","",,,,,"",,,,"Claim.supportingInfo.timing[x]",0,1,"","ele-1:All FHIR elements must have a @value or children {hasValue() or (children().count() > id.count())}
"
"Claim.supportingInfo:remark.value[x]","Claim.supportingInfo.value[x]","","","",1,1,"Y","","","string {[]} {[]}
","Data to be provided","Additional data or information such as resources, documents, images etc. including references to the data or the actual inclusion of the data.","Could be used to provide references to other resources, document. For example could contain a PDF in an Attachment of the Police Report for an Accident.","To convey the data content to be provided when the information is more than a simple code or period.","","","","","","","",,,,,"",,,,"Claim.supportingInfo.value[x]",0,1,"","ele-1:All FHIR elements must have a @value or children {hasValue() or (children().count() > id.count())}
"
"Claim.supportingInfo:remark.reason","Claim.supportingInfo.reason","","","",0,1,"","","","CodeableConcept {[]} {[]}
","Explanation for the information","Provides the reason in the situation where a reason code is required in addition to the content.","For example: the reason for the additional stay, or why a tooth is  missing.","Needed when the supporting information has both a date and amount/value and requires explanation.","","","","","","","",,"example","Reason codes for the missing teeth.","http://hl7.org/fhir/ValueSet/missing-tooth-reason|4.0.1","",,,,"Claim.supportingInfo.reason",0,1,"","ele-1:All FHIR elements must have a @value or children {hasValue() or (children().count() > id.count())}
"
"Claim.diagnosis","Claim.diagnosis","","","",0,*,"","","","BackboneElement {[]} {[]}
","Pertinent diagnosis information","Information about diagnoses relevant to the claim items.","","Required for the adjudication by provided context for the services and product listed.","","","","","","","",,,,,"",,,,"Claim.diagnosis",0,*,"","ele-1:All FHIR elements must have a @value or children {hasValue() or (children().count() > id.count())}
","Request.reasonReference"
"Claim.diagnosis.id","Claim.diagnosis.id","","","",0,1,"","","","string {[]} {[]}
","Unique id for inter-element referencing","Unique id for the element within a resource (for internal references). This may be any string value that does not contain spaces.","","","","","","","","","",,,,,"",,,,"Element.id",0,1,"","","n/a"
"Claim.diagnosis.extension","Claim.diagnosis.extension","","extensions
user content","",0,*,"","","","Extension {[]} {[]}
","Additional content defined by implementations","May be used to represent additional information that is not part of the basic definition of the element. To make the use of extensions safe and manageable, there is a strict set of governance  applied to the definition and use of extensions. Though any implementer can define an extension, there is a set of requirements that SHALL be met as part of the definition of the extension.","There can be no stigma associated with the use of extensions by any application, project, or standard - regardless of the institution or jurisdiction that uses or defines the extensions.  The use of extensions is what allows the FHIR specification to retain a core level of simplicity for everyone.","","","","","","","","",,,,,"",,,,"Element.extension",0,*,"","ele-1:All FHIR elements must have a @value or children {hasValue() or (children().count() > id.count())}
ext-1:Must have either extensions or value[x], not both {extension.exists() != value.exists()}","n/a"
"Claim.diagnosis.modifierExtension","Claim.diagnosis.modifierExtension","","extensions
user contentmodifiers","",0,*,"","Y","Y","Extension {[]} {[]}
","Extensions that cannot be ignored even if unrecognized","May be used to represent additional information that is not part of the basic definition of the element and that modifies the understanding of the element in which it is contained and/or the understanding of the containing element's descendants. Usually modifier elements provide negation or qualification. To make the use of extensions safe and manageable, there is a strict set of governance applied to the definition and use of extensions. Though any implementer can define an extension, there is a set of requirements that SHALL be met as part of the definition of the extension. Applications processing a resource are required to check for modifier extensions.

Modifier extensions SHALL NOT change the meaning of any elements on Resource or DomainResource (including cannot change the meaning of modifierExtension itself).","There can be no stigma associated with the use of extensions by any application, project, or standard - regardless of the institution or jurisdiction that uses or defines the extensions.  The use of extensions is what allows the FHIR specification to retain a core level of simplicity for everyone.","Modifier extensions allow for extensions that *cannot* be safely ignored to be clearly distinguished from the vast majority of extensions which can be safely ignored.  This promotes interoperability by eliminating the need for implementers to prohibit the presence of extensions. For further information, see the [definition of modifier extensions](http://hl7.org/fhir/R4/extensibility.html#modifierExtension).","","","","","","","",,,,,"",,,,"BackboneElement.modifierExtension",0,*,"","ele-1:All FHIR elements must have a @value or children {hasValue() or (children().count() > id.count())}
ext-1:Must have either extensions or value[x], not both {extension.exists() != value.exists()}","N/A"
"Claim.diagnosis.sequence","Claim.diagnosis.sequence","","","",1,1,"","","","positiveInt {[]} {[]}
","Diagnosis instance identifier","A number to uniquely identify diagnosis entries.","Diagnosis are presented in list order to their expected importance: primary, secondary, etc.","Necessary to maintain the order of the diagnosis items and provide a mechanism to link to claim details.","","","","","","","",,,,,"",,,,"Claim.diagnosis.sequence",1,1,"","ele-1:All FHIR elements must have a @value or children {hasValue() or (children().count() > id.count())}
"
"Claim.diagnosis.diagnosis[x]","Claim.diagnosis.diagnosis[x]","","","",1,1,"","","","CodeableConcept {[]} {[]}
Reference {[]} {[CanonicalType[http://hl7.org/fhir/StructureDefinition/Condition|4.0.1]]}","Nature of illness or problem","The nature of illness or problem in a coded form or as a reference to an external defined Condition.","","Provides health context for the evaluation of the products and/or services.","","","","","","","",,"example","Example ICD10 Diagnostic codes.","http://hl7.org/fhir/ValueSet/icd-10|4.0.1","",,,,"Claim.diagnosis.diagnosis[x]",1,1,"","ele-1:All FHIR elements must have a @value or children {hasValue() or (children().count() > id.count())}
"
"Claim.diagnosis.type","Claim.diagnosis.type","","","",0,*,"","","","CodeableConcept {[]} {[]}
","Timing or nature of the diagnosis","When the condition was observed or the relative ranking.","For example: admitting, primary, secondary, discharge.","Often required to capture a particular diagnosis, for example: primary or discharge.","","","","","","","",,"example","The type of the diagnosis: admitting, principal, discharge.","http://hl7.org/fhir/ValueSet/ex-diagnosistype|4.0.1","",,,,"Claim.diagnosis.type",0,*,"","ele-1:All FHIR elements must have a @value or children {hasValue() or (children().count() > id.count())}
"
"Claim.diagnosis.onAdmission","Claim.diagnosis.onAdmission","","","",0,1,"","","","CodeableConcept {[]} {[]}
","Present on admission","Indication of whether the diagnosis was present on admission to a facility.","","Many systems need to understand for adjudication if the diagnosis was present a time of admission.","","","","","","","",,"example","Present on admission.","http://hl7.org/fhir/ValueSet/ex-diagnosis-on-admission|4.0.1","",,,,"Claim.diagnosis.onAdmission",0,1,"","ele-1:All FHIR elements must have a @value or children {hasValue() or (children().count() > id.count())}
"
"Claim.diagnosis.packageCode","Claim.diagnosis.packageCode","","","",0,1,"","","","CodeableConcept {[]} {[]}
","Package billing code","A package billing code or bundle code used to group products and services to a particular health condition (such as heart attack) which is based on a predetermined grouping code system.","For example DRG (Diagnosis Related Group) or a bundled billing code. A patient may have a diagnosis of a Myocardial Infarction and a DRG for HeartAttack would be assigned. The Claim item (and possible subsequent claims) would refer to the DRG for those line items that were for services related to the heart attack event.","Required to relate the current  diagnosis to a package billing code that is then referenced on the individual claim items which are specific to the health condition covered by the package code.","","","","","","","",,"example","The DRG codes associated with the diagnosis.","http://hl7.org/fhir/ValueSet/ex-diagnosisrelatedgroup|4.0.1","",,,,"Claim.diagnosis.packageCode",0,1,"","ele-1:All FHIR elements must have a @value or children {hasValue() or (children().count() > id.count())}
"
"Claim.procedure","Claim.procedure","","","",0,*,"","","","BackboneElement {[]} {[]}
","Clinical procedures performed","Procedures performed on the patient relevant to the billing items with the claim.","","The specific clinical invention are sometimes required to be provided to justify billing a greater than customary amount for a service.","","","","","","","",,,,,"",,,,"Claim.procedure",0,*,"","ele-1:All FHIR elements must have a @value or children {hasValue() or (children().count() > id.count())}
"
"Claim.procedure.id","Claim.procedure.id","","","",0,1,"","","","string {[]} {[]}
","Unique id for inter-element referencing","Unique id for the element within a resource (for internal references). This may be any string value that does not contain spaces.","","","","","","","","","",,,,,"",,,,"Element.id",0,1,"","","n/a"
"Claim.procedure.extension","Claim.procedure.extension","","extensions
user content","",0,*,"","","","Extension {[]} {[]}
","Additional content defined by implementations","May be used to represent additional information that is not part of the basic definition of the element. To make the use of extensions safe and manageable, there is a strict set of governance  applied to the definition and use of extensions. Though any implementer can define an extension, there is a set of requirements that SHALL be met as part of the definition of the extension.","There can be no stigma associated with the use of extensions by any application, project, or standard - regardless of the institution or jurisdiction that uses or defines the extensions.  The use of extensions is what allows the FHIR specification to retain a core level of simplicity for everyone.","","","","","","","","",,,,,"",,,,"Element.extension",0,*,"","ele-1:All FHIR elements must have a @value or children {hasValue() or (children().count() > id.count())}
ext-1:Must have either extensions or value[x], not both {extension.exists() != value.exists()}","n/a"
"Claim.procedure.modifierExtension","Claim.procedure.modifierExtension","","extensions
user contentmodifiers","",0,*,"","Y","Y","Extension {[]} {[]}
","Extensions that cannot be ignored even if unrecognized","May be used to represent additional information that is not part of the basic definition of the element and that modifies the understanding of the element in which it is contained and/or the understanding of the containing element's descendants. Usually modifier elements provide negation or qualification. To make the use of extensions safe and manageable, there is a strict set of governance applied to the definition and use of extensions. Though any implementer can define an extension, there is a set of requirements that SHALL be met as part of the definition of the extension. Applications processing a resource are required to check for modifier extensions.

Modifier extensions SHALL NOT change the meaning of any elements on Resource or DomainResource (including cannot change the meaning of modifierExtension itself).","There can be no stigma associated with the use of extensions by any application, project, or standard - regardless of the institution or jurisdiction that uses or defines the extensions.  The use of extensions is what allows the FHIR specification to retain a core level of simplicity for everyone.","Modifier extensions allow for extensions that *cannot* be safely ignored to be clearly distinguished from the vast majority of extensions which can be safely ignored.  This promotes interoperability by eliminating the need for implementers to prohibit the presence of extensions. For further information, see the [definition of modifier extensions](http://hl7.org/fhir/R4/extensibility.html#modifierExtension).","","","","","","","",,,,,"",,,,"BackboneElement.modifierExtension",0,*,"","ele-1:All FHIR elements must have a @value or children {hasValue() or (children().count() > id.count())}
ext-1:Must have either extensions or value[x], not both {extension.exists() != value.exists()}","N/A"
"Claim.procedure.sequence","Claim.procedure.sequence","","","",1,1,"","","","positiveInt {[]} {[]}
","Procedure instance identifier","A number to uniquely identify procedure entries.","","Necessary to provide a mechanism to link to claim details.","","","","","","","",,,,,"",,,,"Claim.procedure.sequence",1,1,"","ele-1:All FHIR elements must have a @value or children {hasValue() or (children().count() > id.count())}
"
"Claim.procedure.type","Claim.procedure.type","","","",0,*,"","","","CodeableConcept {[]} {[]}
","Category of Procedure","When the condition was observed or the relative ranking.","For example: primary, secondary.","Often required to capture a particular diagnosis, for example: primary or discharge.","","","","","","","",,"example","Example procedure type codes.","http://hl7.org/fhir/ValueSet/ex-procedure-type|4.0.1","",,,,"Claim.procedure.type",0,*,"","ele-1:All FHIR elements must have a @value or children {hasValue() or (children().count() > id.count())}
"
"Claim.procedure.date","Claim.procedure.date","","","",0,1,"","","","dateTime {[]} {[]}
","When the procedure was performed","Date and optionally time the procedure was performed.","","Required for auditing purposes.","","","","","","","",,,,,"",,,,"Claim.procedure.date",0,1,"","ele-1:All FHIR elements must have a @value or children {hasValue() or (children().count() > id.count())}
"
"Claim.procedure.procedure[x]","Claim.procedure.procedure[x]","","","",1,1,"","","","CodeableConcept {[]} {[]}
Reference {[]} {[CanonicalType[http://hl7.org/fhir/StructureDefinition/Procedure|4.0.1]]}","Specific clinical procedure","The code or reference to a Procedure resource which identifies the clinical intervention performed.","","This identifies the actual clinical procedure.","","","","","","","",,"example","Example ICD10 Procedure codes.","http://hl7.org/fhir/ValueSet/icd-10-procedures|4.0.1","",,,,"Claim.procedure.procedure[x]",1,1,"","ele-1:All FHIR elements must have a @value or children {hasValue() or (children().count() > id.count())}
"
"Claim.procedure.udi","Claim.procedure.udi","","","",0,*,"","","","Reference {[]} {[CanonicalType[http://hl7.org/fhir/StructureDefinition/Device|4.0.1]]}
","Unique device identifier","Unique Device Identifiers associated with this line item.","","The UDI code allows the insurer to obtain device level information on the product supplied.","","","","","","","",,,,,"",,,,"Claim.procedure.udi",0,*,"","ele-1:All FHIR elements must have a @value or children {hasValue() or (children().count() > id.count())}
"
"Claim.insurance","Claim.insurance","","","",1,*,"Y","","Y","BackboneElement {[]} {[]}
","長照給付來源，至少應填寫一筆。","應填寫給付來源的序號，並以 focal 標示本次申報使用的給付來源。coverage 應填入對應 Coverage 的 Reference；如僅提供給付名稱，可在 coverage.display 填入「長期照顧給付及支付基準」。","All insurance coverages for the patient which may be applicable for reimbursement, of the products and services listed in the claim, are typically provided in the claim to allow insurers to confirm the ordering of the insurance coverages relative to local 'coordination of benefit' rules. One coverage (and only one) with 'focal=true' is to be used in the adjudication of this claim. Coverages appearing before the focal Coverage in the list, and where 'Coverage.subrogation=false', should provide a reference to the ClaimResponse containing the adjudication results of the prior claim.","At least one insurer is required for a claim to be a claim.","","","","","","","",,,,,"",,,,"Claim.insurance",1,*,"","ele-1:All FHIR elements must have a @value or children {hasValue() or (children().count() > id.count())}
","Coverage"
"Claim.insurance.id","Claim.insurance.id","","","",0,1,"","","","string {[]} {[]}
","Unique id for inter-element referencing","Unique id for the element within a resource (for internal references). This may be any string value that does not contain spaces.","","","","","","","","","",,,,,"",,,,"Element.id",0,1,"","","n/a"
"Claim.insurance.extension","Claim.insurance.extension","","extensions
user content","",0,*,"","","","Extension {[]} {[]}
","Additional content defined by implementations","May be used to represent additional information that is not part of the basic definition of the element. To make the use of extensions safe and manageable, there is a strict set of governance  applied to the definition and use of extensions. Though any implementer can define an extension, there is a set of requirements that SHALL be met as part of the definition of the extension.","There can be no stigma associated with the use of extensions by any application, project, or standard - regardless of the institution or jurisdiction that uses or defines the extensions.  The use of extensions is what allows the FHIR specification to retain a core level of simplicity for everyone.","","","","","","","","",,,,,"",,,,"Element.extension",0,*,"","ele-1:All FHIR elements must have a @value or children {hasValue() or (children().count() > id.count())}
ext-1:Must have either extensions or value[x], not both {extension.exists() != value.exists()}","n/a"
"Claim.insurance.modifierExtension","Claim.insurance.modifierExtension","","extensions
user contentmodifiers","",0,*,"","Y","Y","Extension {[]} {[]}
","Extensions that cannot be ignored even if unrecognized","May be used to represent additional information that is not part of the basic definition of the element and that modifies the understanding of the element in which it is contained and/or the understanding of the containing element's descendants. Usually modifier elements provide negation or qualification. To make the use of extensions safe and manageable, there is a strict set of governance applied to the definition and use of extensions. Though any implementer can define an extension, there is a set of requirements that SHALL be met as part of the definition of the extension. Applications processing a resource are required to check for modifier extensions.

Modifier extensions SHALL NOT change the meaning of any elements on Resource or DomainResource (including cannot change the meaning of modifierExtension itself).","There can be no stigma associated with the use of extensions by any application, project, or standard - regardless of the institution or jurisdiction that uses or defines the extensions.  The use of extensions is what allows the FHIR specification to retain a core level of simplicity for everyone.","Modifier extensions allow for extensions that *cannot* be safely ignored to be clearly distinguished from the vast majority of extensions which can be safely ignored.  This promotes interoperability by eliminating the need for implementers to prohibit the presence of extensions. For further information, see the [definition of modifier extensions](http://hl7.org/fhir/R4/extensibility.html#modifierExtension).","","","","","","","",,,,,"",,,,"BackboneElement.modifierExtension",0,*,"","ele-1:All FHIR elements must have a @value or children {hasValue() or (children().count() > id.count())}
ext-1:Must have either extensions or value[x], not both {extension.exists() != value.exists()}","N/A"
"Claim.insurance.sequence","Claim.insurance.sequence","","","",1,1,"","","Y","positiveInt {[]} {[]}
","Insurance instance identifier","A number to uniquely identify insurance entries and provide a sequence of coverages to convey coordination of benefit order.","","To maintain order of the coverages.","","","","","","","",,,,,"",,,,"Claim.insurance.sequence",1,1,"","ele-1:All FHIR elements must have a @value or children {hasValue() or (children().count() > id.count())}
"
"Claim.insurance.focal","Claim.insurance.focal","","","",1,1,"","","Y","boolean {[]} {[]}
","Coverage to be used for adjudication","A flag to indicate that this Coverage is to be used for adjudication of this claim when set to true.","A patient may (will) have multiple insurance policies which provide reimbursement for healthcare services and products. For example a person may also be covered by their spouse's policy and both appear in the list (and may be from the same insurer). This flag will be set to true for only one of the listed policies and that policy will be used for adjudicating this claim. Other claims would be created to request adjudication against the other listed policies.","To identify which coverage in the list is being used to adjudicate this claim.","","","","","","","",,,,,"",,,,"Claim.insurance.focal",1,1,"","ele-1:All FHIR elements must have a @value or children {hasValue() or (children().count() > id.count())}
"
"Claim.insurance.identifier","Claim.insurance.identifier","","","",0,1,"","","","Identifier {[]} {[]}
","Pre-assigned Claim number","The business identifier to be used when the claim is sent for adjudication against this insurance policy.","Only required in jurisdictions where insurers, rather than the provider, are required to send claims to  insurers that appear after them in the list. This element is not required when 'subrogation=true'.","This will be the claim number should it be necessary to create this claim in the future. This is provided so that payors may forward claims to other payors in the Coordination of Benefit for adjudication rather than the provider being required to initiate each adjudication.","","","","","","","",,,,,"",,,,"Claim.insurance.identifier",0,1,"","ele-1:All FHIR elements must have a @value or children {hasValue() or (children().count() > id.count())}
","Request.identifier","FiveWs.identifier"
"Claim.insurance.coverage","Claim.insurance.coverage","","","",1,1,"","","Y","Reference {[]} {[CanonicalType[http://hl7.org/fhir/StructureDefinition/Coverage|4.0.1]]}
","Insurance information","Reference to the insurance card level information contained in the Coverage resource. The coverage issuing insurer will use these details to locate the patient's actual coverage within the insurer's information system.","","Required to allow the adjudicator to locate the correct policy and history within their information system.","","","","","","","",,,,,"",,,,"Claim.insurance.coverage",1,1,"","ele-1:All FHIR elements must have a @value or children {hasValue() or (children().count() > id.count())}
"
"Claim.insurance.businessArrangement","Claim.insurance.businessArrangement","","","",0,1,"","","","string {[]} {[]}
","Additional provider contract number","A business agreement number established between the provider and the insurer for special business processing purposes.","","Providers may have multiple business arrangements with a given insurer and must supply the specific contract number for adjudication.","","","","","","","",,,,,"",,,,"Claim.insurance.businessArrangement",0,1,"","ele-1:All FHIR elements must have a @value or children {hasValue() or (children().count() > id.count())}
"
"Claim.insurance.preAuthRef","Claim.insurance.preAuthRef","","","",0,*,"","","","string {[]} {[]}
","Prior authorization reference number","Reference numbers previously provided by the insurer to the provider to be quoted on subsequent claims containing services or products related to the prior authorization.","This value is an alphanumeric string that may be provided over the phone, via text, via paper, or within a ClaimResponse resource and is not a FHIR Identifier.","Providers must quote previously issued authorization reference numbers in order to obtain adjudication as previously advised on the Preauthorization.","","","","","","","",,,,,"",,,,"Claim.insurance.preAuthRef",0,*,"","ele-1:All FHIR elements must have a @value or children {hasValue() or (children().count() > id.count())}
"
"Claim.insurance.claimResponse","Claim.insurance.claimResponse","","","",0,1,"","","","Reference {[]} {[CanonicalType[http://hl7.org/fhir/StructureDefinition/ClaimResponse|4.0.1]]}
","Adjudication results","The result of the adjudication of the line items for the Coverage specified in this insurance.","Must not be specified when 'focal=true' for this insurance.","An insurer need the adjudication results from prior insurers to determine the outstanding balance remaining by item for the items in the curent claim.","","","","","","","",,,,,"",,,,"Claim.insurance.claimResponse",0,1,"","ele-1:All FHIR elements must have a @value or children {hasValue() or (children().count() > id.count())}
"
"Claim.accident","Claim.accident","","","",0,1,"","","","BackboneElement {[]} {[]}
","Details of the event","Details of an accident which resulted in injuries which required the products and services listed in the claim.","","When healthcare products and services are accident related, benefits may be payable under accident provisions of policies, such as automotive, etc before they are payable under normal health insurance.","","","","","","","",,,,,"",,,,"Claim.accident",0,1,"","ele-1:All FHIR elements must have a @value or children {hasValue() or (children().count() > id.count())}
"
"Claim.accident.id","Claim.accident.id","","","",0,1,"","","","string {[]} {[]}
","Unique id for inter-element referencing","Unique id for the element within a resource (for internal references). This may be any string value that does not contain spaces.","","","","","","","","","",,,,,"",,,,"Element.id",0,1,"","","n/a"
"Claim.accident.extension","Claim.accident.extension","","extensions
user content","",0,*,"","","","Extension {[]} {[]}
","Additional content defined by implementations","May be used to represent additional information that is not part of the basic definition of the element. To make the use of extensions safe and manageable, there is a strict set of governance  applied to the definition and use of extensions. Though any implementer can define an extension, there is a set of requirements that SHALL be met as part of the definition of the extension.","There can be no stigma associated with the use of extensions by any application, project, or standard - regardless of the institution or jurisdiction that uses or defines the extensions.  The use of extensions is what allows the FHIR specification to retain a core level of simplicity for everyone.","","","","","","","","",,,,,"",,,,"Element.extension",0,*,"","ele-1:All FHIR elements must have a @value or children {hasValue() or (children().count() > id.count())}
ext-1:Must have either extensions or value[x], not both {extension.exists() != value.exists()}","n/a"
"Claim.accident.modifierExtension","Claim.accident.modifierExtension","","extensions
user contentmodifiers","",0,*,"","Y","Y","Extension {[]} {[]}
","Extensions that cannot be ignored even if unrecognized","May be used to represent additional information that is not part of the basic definition of the element and that modifies the understanding of the element in which it is contained and/or the understanding of the containing element's descendants. Usually modifier elements provide negation or qualification. To make the use of extensions safe and manageable, there is a strict set of governance applied to the definition and use of extensions. Though any implementer can define an extension, there is a set of requirements that SHALL be met as part of the definition of the extension. Applications processing a resource are required to check for modifier extensions.

Modifier extensions SHALL NOT change the meaning of any elements on Resource or DomainResource (including cannot change the meaning of modifierExtension itself).","There can be no stigma associated with the use of extensions by any application, project, or standard - regardless of the institution or jurisdiction that uses or defines the extensions.  The use of extensions is what allows the FHIR specification to retain a core level of simplicity for everyone.","Modifier extensions allow for extensions that *cannot* be safely ignored to be clearly distinguished from the vast majority of extensions which can be safely ignored.  This promotes interoperability by eliminating the need for implementers to prohibit the presence of extensions. For further information, see the [definition of modifier extensions](http://hl7.org/fhir/R4/extensibility.html#modifierExtension).","","","","","","","",,,,,"",,,,"BackboneElement.modifierExtension",0,*,"","ele-1:All FHIR elements must have a @value or children {hasValue() or (children().count() > id.count())}
ext-1:Must have either extensions or value[x], not both {extension.exists() != value.exists()}","N/A"
"Claim.accident.date","Claim.accident.date","","","",1,1,"","","","date {[]} {[]}
","When the incident occurred","Date of an accident event  related to the products and services contained in the claim.","The date of the accident has to precede the dates of the products and services but within a reasonable timeframe.","Required for audit purposes and adjudication.","","","","","","","",,,,,"",,,,"Claim.accident.date",1,1,"","ele-1:All FHIR elements must have a @value or children {hasValue() or (children().count() > id.count())}
"
"Claim.accident.type","Claim.accident.type","","","",0,1,"","","","CodeableConcept {[]} {[]}
","The nature of the accident","The type or context of the accident event for the purposes of selection of potential insurance coverages and determination of coordination between insurers.","","Coverage may be dependant on the type of accident.","","","","","","","",,"extensible","Type of accident: work place, auto, etc.","http://terminology.hl7.org/ValueSet/v3-ActIncidentCode","",,,,"Claim.accident.type",0,1,"","ele-1:All FHIR elements must have a @value or children {hasValue() or (children().count() > id.count())}
"
"Claim.accident.location[x]","Claim.accident.location[x]","","","",0,1,"","","","Address {[]} {[]}
Reference {[]} {[CanonicalType[http://hl7.org/fhir/StructureDefinition/Location|4.0.1]]}","Where the event occurred","The physical location of the accident event.","","Required for audit purposes and determination of applicable insurance liability.","","","","","","","",,,,,"",,,,"Claim.accident.location[x]",0,1,"","ele-1:All FHIR elements must have a @value or children {hasValue() or (children().count() > id.count())}
"
"Claim.item","Claim.item","","","",1,1,"Y","","","BackboneElement {[]} {[]}
","個案服務紀錄的內容，每筆服務紀錄應填寫一筆服務明細。","A claim line. Either a simple  product or service or a 'group' of details which can each be a simple items or groups of sub-details.","","The items to be processed for adjudication.","","","","","","","",,,,,"",,,,"Claim.item",0,*,"","ele-1:All FHIR elements must have a @value or children {hasValue() or (children().count() > id.count())}
"
"Claim.item.id","Claim.item.id","","","",0,1,"","","","string {[]} {[]}
","Unique id for inter-element referencing","Unique id for the element within a resource (for internal references). This may be any string value that does not contain spaces.","","","","","","","","","",,,,,"",,,,"Element.id",0,1,"","","n/a"
"Claim.item.extension","Claim.item.extension","","extensions
user content","",0,*,"","","","Extension {[]} {[]}
","Additional content defined by implementations","May be used to represent additional information that is not part of the basic definition of the element. To make the use of extensions safe and manageable, there is a strict set of governance  applied to the definition and use of extensions. Though any implementer can define an extension, there is a set of requirements that SHALL be met as part of the definition of the extension.","There can be no stigma associated with the use of extensions by any application, project, or standard - regardless of the institution or jurisdiction that uses or defines the extensions.  The use of extensions is what allows the FHIR specification to retain a core level of simplicity for everyone.","","","","","","","","",,,,,"",,,,"Element.extension",0,*,"","ele-1:All FHIR elements must have a @value or children {hasValue() or (children().count() > id.count())}
ext-1:Must have either extensions or value[x], not both {extension.exists() != value.exists()}","n/a"
"Claim.item.modifierExtension","Claim.item.modifierExtension","","extensions
user contentmodifiers","",0,*,"","Y","Y","Extension {[]} {[]}
","Extensions that cannot be ignored even if unrecognized","May be used to represent additional information that is not part of the basic definition of the element and that modifies the understanding of the element in which it is contained and/or the understanding of the containing element's descendants. Usually modifier elements provide negation or qualification. To make the use of extensions safe and manageable, there is a strict set of governance applied to the definition and use of extensions. Though any implementer can define an extension, there is a set of requirements that SHALL be met as part of the definition of the extension. Applications processing a resource are required to check for modifier extensions.

Modifier extensions SHALL NOT change the meaning of any elements on Resource or DomainResource (including cannot change the meaning of modifierExtension itself).","There can be no stigma associated with the use of extensions by any application, project, or standard - regardless of the institution or jurisdiction that uses or defines the extensions.  The use of extensions is what allows the FHIR specification to retain a core level of simplicity for everyone.","Modifier extensions allow for extensions that *cannot* be safely ignored to be clearly distinguished from the vast majority of extensions which can be safely ignored.  This promotes interoperability by eliminating the need for implementers to prohibit the presence of extensions. For further information, see the [definition of modifier extensions](http://hl7.org/fhir/R4/extensibility.html#modifierExtension).","","","","","","","",,,,,"",,,,"BackboneElement.modifierExtension",0,*,"","ele-1:All FHIR elements must have a @value or children {hasValue() or (children().count() > id.count())}
ext-1:Must have either extensions or value[x], not both {extension.exists() != value.exists()}","N/A"
"Claim.item.sequence","Claim.item.sequence","","","",1,1,"","","","positiveInt {[]} {[]}
","服務明細的序號。[應填入 1]","A number to uniquely identify item entries.","","Necessary to provide a mechanism to link to items from within the claim and within the adjudication details of the ClaimResponse.","","","","","","","",,,,,"",,,,"Claim.item.sequence",1,1,"","ele-1:All FHIR elements must have a @value or children {hasValue() or (children().count() > id.count())}
"
"Claim.item.careTeamSequence","Claim.item.careTeamSequence","","","",0,*,"","","","positiveInt {[]} {[]}
","Applicable careTeam members","CareTeam members related to this service or product.","","Need to identify the individuals and their roles in the provision of the product or service.","","","","","","","",,,,,"",,,,"Claim.item.careTeamSequence",0,*,"","ele-1:All FHIR elements must have a @value or children {hasValue() or (children().count() > id.count())}
"
"Claim.item.diagnosisSequence","Claim.item.diagnosisSequence","","","",0,*,"","","","positiveInt {[]} {[]}
","Applicable diagnoses","Diagnosis applicable for this service or product.","","Need to related the product or service to the associated diagnoses.","","","","","","","",,,,,"",,,,"Claim.item.diagnosisSequence",0,*,"","ele-1:All FHIR elements must have a @value or children {hasValue() or (children().count() > id.count())}
"
"Claim.item.procedureSequence","Claim.item.procedureSequence","","","",0,*,"","","","positiveInt {[]} {[]}
","Applicable procedures","Procedures applicable for this service or product.","","Need to provide any listed specific procedures to support the product or service being claimed.","","","","","","","",,,,,"",,,,"Claim.item.procedureSequence",0,*,"","ele-1:All FHIR elements must have a @value or children {hasValue() or (children().count() > id.count())}
"
"Claim.item.informationSequence","Claim.item.informationSequence","","","",0,*,"","","","positiveInt {[]} {[]}
","Applicable exception and supporting information","Exceptions, special conditions and supporting information applicable for this service or product.","","Need to reference the supporting information items that relate directly to this product or service.","","","","","","","",,,,,"",,,,"Claim.item.informationSequence",0,*,"","ele-1:All FHIR elements must have a @value or children {hasValue() or (children().count() > id.count())}
"
"Claim.item.revenue","Claim.item.revenue","","","",0,1,"","","","CodeableConcept {[]} {[]}
","Revenue or cost center code","The type of revenue or cost center providing the product and/or service.","","Needed in the processing of institutional claims.","","","","","","","",,"example","Codes for the revenue or cost centers supplying the service and/or products.","http://hl7.org/fhir/ValueSet/ex-revenue-center|4.0.1","",,,,"Claim.item.revenue",0,1,"","ele-1:All FHIR elements must have a @value or children {hasValue() or (children().count() > id.count())}
"
"Claim.item.category","Claim.item.category","","","",0,1,"Y","","","CodeableConcept {[]} {[]}
","服務類別。[應填入以下代碼之一：1 補助 | 2 自費]","Code to identify the general type of benefits under which products and services are provided.","Examples include Medical Care, Periodontics, Renal Dialysis, Vision Coverage.","Needed in the processing of institutional claims as this allows the insurer to determine whether a facial X-Ray is for dental, orthopedic, or facial surgery purposes.","","","","","","","",,"required","","http://ltc-ig.fhir.tw/ValueSet/vs-tw-ltc-feeaudit-fee-type","",,,,"Claim.item.category",0,1,"","ele-1:All FHIR elements must have a @value or children {hasValue() or (children().count() > id.count())}
"
"Claim.item.productOrService","Claim.item.productOrService","","Drug Code
Bill CodeService Code","",1,1,"Y","","","CodeableConcept {[]} {[]}
","照顧組合代碼，如為 A 單位個案管理服務，則填入 AA00。[應填入最長 10 個字元的代碼]","應在 coding 填入長照照顧組合值集的代碼。A 單位個案管理服務應填入 AA00，並續填服務項目、服務對象與服務內容。","If this is an actual service or product line, i.e. not a Group, then use code to indicate the Professional Service or Product supplied (e.g. CTP, HCPCS, USCLS, ICD10, NCPDP, DIN, RxNorm, ACHI, CCI). If a grouping item then use a group code to indicate the type of thing being grouped e.g. 'glasses' or 'compound'.","Necessary to state what was provided or done.","","","","","","","",,"extensible","","http://ltc-ig.fhir.tw/ValueSet/vs-tw-ltc-service-item","",,,,"Claim.item.productOrService",1,1,"","ele-1:All FHIR elements must have a @value or children {hasValue() or (children().count() > id.count())}
"
"Claim.item.modifier","Claim.item.modifier","","","",0,*,"","","","CodeableConcept {[]} {[]}
","Product or service billing modifiers","Item typification or modifiers codes to convey additional context for the product or service.","For example in Oral whether the treatment is cosmetic or associated with TMJ, or for Medical whether the treatment was outside the clinic or outside of office hours.","To support inclusion of the item for adjudication or to charge an elevated fee.","","","","","","","",,"example","Item type or modifiers codes, eg for Oral whether the treatment is cosmetic or associated with TMJ, or an appliance was lost or stolen.","http://hl7.org/fhir/ValueSet/claim-modifiers|4.0.1","",,,,"Claim.item.modifier",0,*,"","ele-1:All FHIR elements must have a @value or children {hasValue() or (children().count() > id.count())}
"
"Claim.item.programCode","Claim.item.programCode","","","",0,*,"","","","CodeableConcept {[]} {[]}
","Program the product or service is provided under","Identifies the program under which this may be recovered.","For example: Neonatal program, child dental program or drug users recovery program.","Commonly used in in the identification of publicly provided program focused on population segments or disease classifications.","","","","","","","",,"example","Program specific reason codes.","http://hl7.org/fhir/ValueSet/ex-program-code|4.0.1","",,,,"Claim.item.programCode",0,*,"","ele-1:All FHIR elements must have a @value or children {hasValue() or (children().count() > id.count())}
"
"Claim.item.serviced[x]","Claim.item.serviced[x]","","","",1,1,"Y","","","Period {[]} {[]}
","服務的開始與結束時間。[應填入 Period]","start 填入服務開始的日期與時間，end 填入服務結束的日期與時間。時間採 24 小時制並包含時區，例如 2026-09-17T09:30:00+08:00。跨日服務應填寫實際結束日期。","","Needed to determine whether the  service or product was provided during the term of the insurance coverage.","","","","","","","",,,,,"",,,,"Claim.item.serviced[x]",0,1,"","ele-1:All FHIR elements must have a @value or children {hasValue() or (children().count() > id.count())}
","FiveWs.done[x]"
"Claim.item.location[x]","Claim.item.location[x]","","","",0,1,"","","","Reference {[]} {[CanonicalType[http://ltc-ig.fhir.tw/StructureDefinition/LTCLocationFeeAuditPlace]]}
","服務地點。[應填入對應 Location 的 Reference]","申報 BD03、DA01 時，可參照接送的目的地。完整的出發地與目的地資料，應分別填寫於 supportingInfo 的 addrFrom、addrTo Slice。","","The location can alter whether the item was acceptable for insurance purposes or impact the determination of the benefit amount.","","","","","","","",,,,,"",,,,"Claim.item.location[x]",0,1,"","ele-1:All FHIR elements must have a @value or children {hasValue() or (children().count() > id.count())}
","FiveWs.where[x]"
"Claim.item.quantity","Claim.item.quantity","","","",0,1,"Y","","","Quantity {[CanonicalType[http://hl7.org/fhir/StructureDefinition/SimpleQuantity|4.0.1]]} {[]}
","申報數量，申報各類服務時皆應填寫。[應填入 Quantity，value 為服務數量]","The number of repetitions of a service or product.","","Required when the product or service code does not convey the quantity provided.","","","","","","","",,,,,"",,,,"Claim.item.quantity",0,1,"","ele-1:All FHIR elements must have a @value or children {hasValue() or (children().count() > id.count())}
"
"Claim.item.unitPrice","Claim.item.unitPrice","","","",0,1,"Y","","","Money {[]} {[]}
","服務單價，申報 BD03、DA01 時必填，其餘服務可選填。[應填入 Money，幣別為 TWD]","If the item is not a group then this is the fee for the product or service, otherwise this is the total of the fees for the details of the group.","","The amount charged to the patient by the provider for a single unit.","","","","","","","",,,,,"",,,,"Claim.item.unitPrice",0,1,"","ele-1:All FHIR elements must have a @value or children {hasValue() or (children().count() > id.count())}
"
"Claim.item.factor","Claim.item.factor","","","",0,1,"","","","decimal {[]} {[]}
","Price scaling factor","A real number that represents a multiplier used in determining the overall value of services delivered and/or goods received. The concept of a Factor allows for a discount or surcharge multiplier to be applied to a monetary amount.","To show a 10% senior's discount, the value entered is: 0.90 (1.00 - 0.10).","When discounts are provided to a patient (example: Senior's discount) then this must be documented for adjudication.","","","","","","","",,,,,"",,,,"Claim.item.factor",0,1,"","ele-1:All FHIR elements must have a @value or children {hasValue() or (children().count() > id.count())}
"
"Claim.item.net","Claim.item.net","","","",0,1,"Y","","","Money {[]} {[]}
","服務明細的小計金額，為單價乘以數量。[應填入 Money，幣別為 TWD]","The quantity times the unit price for an additional service or product or charge.","For example, the formula: quantity * unitPrice * factor  = net. Quantity and factor are assumed to be 1 if not supplied.","Provides the total amount claimed  for the group (if a grouper) or the line item.","","","","","","","",,,,,"",,,,"Claim.item.net",0,1,"","ele-1:All FHIR elements must have a @value or children {hasValue() or (children().count() > id.count())}
"
"Claim.item.udi","Claim.item.udi","","","",0,*,"","","","Reference {[]} {[CanonicalType[http://hl7.org/fhir/StructureDefinition/Device|4.0.1]]}
","Unique device identifier","Unique Device Identifiers associated with this line item.","","The UDI code allows the insurer to obtain device level information on the product supplied.","","","","","","","",,,,,"",,,,"Claim.item.udi",0,*,"","ele-1:All FHIR elements must have a @value or children {hasValue() or (children().count() > id.count())}
"
"Claim.item.bodySite","Claim.item.bodySite","","","",0,1,"","","","CodeableConcept {[]} {[]}
","Anatomical location","Physical service site on the patient (limb, tooth, etc.).","For example: Providing a tooth code, allows an insurer to identify a provider performing a filling on a tooth that was previously removed.","Allows insurer to validate specific procedures.","","","","","","","",,"example","The code for the teeth, quadrant, sextant and arch.","http://hl7.org/fhir/ValueSet/tooth|4.0.1","",,,,"Claim.item.bodySite",0,1,"","ele-1:All FHIR elements must have a @value or children {hasValue() or (children().count() > id.count())}
"
"Claim.item.subSite","Claim.item.subSite","","","",0,*,"","","","CodeableConcept {[]} {[]}
","Anatomical sub-location","A region or surface of the bodySite, e.g. limb region or tooth surface(s).","","Allows insurer to validate specific procedures.","","","","","","","",,"example","The code for the tooth surface and surface combinations.","http://hl7.org/fhir/ValueSet/surface|4.0.1","",,,,"Claim.item.subSite",0,*,"","ele-1:All FHIR elements must have a @value or children {hasValue() or (children().count() > id.count())}
"
"Claim.item.encounter","Claim.item.encounter","","","",0,*,"","","","Reference {[]} {[CanonicalType[http://hl7.org/fhir/StructureDefinition/Encounter|4.0.1]]}
","Encounters related to this billed item","The Encounters during which this Claim was created or to which the creation of this record is tightly associated.","This will typically be the encounter the event occurred within, but some activities may be initiated prior to or after the official completion of an encounter but still be tied to the context of the encounter.","Used in some jurisdictions to link clinical events to claim items.","","","","","","","",,,,,"",,,,"Claim.item.encounter",0,*,"","ele-1:All FHIR elements must have a @value or children {hasValue() or (children().count() > id.count())}
","Request.context"
"Claim.item.detail","Claim.item.detail","","","",0,*,"","","","BackboneElement {[]} {[]}
","Product or service provided","A claim detail line. Either a simple (a product or service) or a 'group' of sub-details which are simple items.","","The items to be processed for adjudication.","","","","","","","",,,,,"",,,,"Claim.item.detail",0,*,"","ele-1:All FHIR elements must have a @value or children {hasValue() or (children().count() > id.count())}
"
"Claim.item.detail.id","Claim.item.detail.id","","","",0,1,"","","","string {[]} {[]}
","Unique id for inter-element referencing","Unique id for the element within a resource (for internal references). This may be any string value that does not contain spaces.","","","","","","","","","",,,,,"",,,,"Element.id",0,1,"","","n/a"
"Claim.item.detail.extension","Claim.item.detail.extension","","extensions
user content","",0,*,"","","","Extension {[]} {[]}
","Additional content defined by implementations","May be used to represent additional information that is not part of the basic definition of the element. To make the use of extensions safe and manageable, there is a strict set of governance  applied to the definition and use of extensions. Though any implementer can define an extension, there is a set of requirements that SHALL be met as part of the definition of the extension.","There can be no stigma associated with the use of extensions by any application, project, or standard - regardless of the institution or jurisdiction that uses or defines the extensions.  The use of extensions is what allows the FHIR specification to retain a core level of simplicity for everyone.","","","","","","","","",,,,,"",,,,"Element.extension",0,*,"","ele-1:All FHIR elements must have a @value or children {hasValue() or (children().count() > id.count())}
ext-1:Must have either extensions or value[x], not both {extension.exists() != value.exists()}","n/a"
"Claim.item.detail.modifierExtension","Claim.item.detail.modifierExtension","","extensions
user contentmodifiers","",0,*,"","Y","Y","Extension {[]} {[]}
","Extensions that cannot be ignored even if unrecognized","May be used to represent additional information that is not part of the basic definition of the element and that modifies the understanding of the element in which it is contained and/or the understanding of the containing element's descendants. Usually modifier elements provide negation or qualification. To make the use of extensions safe and manageable, there is a strict set of governance applied to the definition and use of extensions. Though any implementer can define an extension, there is a set of requirements that SHALL be met as part of the definition of the extension. Applications processing a resource are required to check for modifier extensions.

Modifier extensions SHALL NOT change the meaning of any elements on Resource or DomainResource (including cannot change the meaning of modifierExtension itself).","There can be no stigma associated with the use of extensions by any application, project, or standard - regardless of the institution or jurisdiction that uses or defines the extensions.  The use of extensions is what allows the FHIR specification to retain a core level of simplicity for everyone.","Modifier extensions allow for extensions that *cannot* be safely ignored to be clearly distinguished from the vast majority of extensions which can be safely ignored.  This promotes interoperability by eliminating the need for implementers to prohibit the presence of extensions. For further information, see the [definition of modifier extensions](http://hl7.org/fhir/R4/extensibility.html#modifierExtension).","","","","","","","",,,,,"",,,,"BackboneElement.modifierExtension",0,*,"","ele-1:All FHIR elements must have a @value or children {hasValue() or (children().count() > id.count())}
ext-1:Must have either extensions or value[x], not both {extension.exists() != value.exists()}","N/A"
"Claim.item.detail.sequence","Claim.item.detail.sequence","","","",1,1,"","","","positiveInt {[]} {[]}
","Item instance identifier","A number to uniquely identify item entries.","","Necessary to provide a mechanism to link to items from within the claim and within the adjudication details of the ClaimResponse.","","","","","","","",,,,,"",,,,"Claim.item.detail.sequence",1,1,"","ele-1:All FHIR elements must have a @value or children {hasValue() or (children().count() > id.count())}
"
"Claim.item.detail.revenue","Claim.item.detail.revenue","","","",0,1,"","","","CodeableConcept {[]} {[]}
","Revenue or cost center code","The type of revenue or cost center providing the product and/or service.","","Needed in the processing of institutional claims.","","","","","","","",,"example","Codes for the revenue or cost centers supplying the service and/or products.","http://hl7.org/fhir/ValueSet/ex-revenue-center|4.0.1","",,,,"Claim.item.detail.revenue",0,1,"","ele-1:All FHIR elements must have a @value or children {hasValue() or (children().count() > id.count())}
"
"Claim.item.detail.category","Claim.item.detail.category","","","",0,1,"","","","CodeableConcept {[]} {[]}
","Benefit classification","Code to identify the general type of benefits under which products and services are provided.","Examples include Medical Care, Periodontics, Renal Dialysis, Vision Coverage.","Needed in the processing of institutional claims as this allows the insurer to determine whether a facial X-Ray is for dental, orthopedic, or facial surgery purposes.","","","","","","","",,"example","Benefit categories such as: oral-basic, major, glasses.","http://hl7.org/fhir/ValueSet/ex-benefitcategory|4.0.1","",,,,"Claim.item.detail.category",0,1,"","ele-1:All FHIR elements must have a @value or children {hasValue() or (children().count() > id.count())}
"
"Claim.item.detail.productOrService","Claim.item.detail.productOrService","","Drug Code
Bill CodeService Code","",1,1,"","","","CodeableConcept {[]} {[]}
","Billing, service, product, or drug code","When the value is a group code then this item collects a set of related claim details, otherwise this contains the product, service, drug or other billing code for the item.","If this is an actual service or product line, i.e. not a Group, then use code to indicate the Professional Service or Product supplied (e.g. CTP, HCPCS, USCLS, ICD10, NCPDP, DIN, RxNorm, ACHI, CCI). If a grouping item then use a group code to indicate the type of thing being grouped e.g. 'glasses' or 'compound'.","Necessary to state what was provided or done.","","","","","","","",,"example","Allowable service and product codes.","http://hl7.org/fhir/ValueSet/service-uscls|4.0.1","",,,,"Claim.item.detail.productOrService",1,1,"","ele-1:All FHIR elements must have a @value or children {hasValue() or (children().count() > id.count())}
"
"Claim.item.detail.modifier","Claim.item.detail.modifier","","","",0,*,"","","","CodeableConcept {[]} {[]}
","Service/Product billing modifiers","Item typification or modifiers codes to convey additional context for the product or service.","For example in Oral whether the treatment is cosmetic or associated with TMJ, or for Medical whether the treatment was outside the clinic or out of office hours.","To support inclusion of the item for adjudication or to charge an elevated fee.","","","","","","","",,"example","Item type or modifiers codes, eg for Oral whether the treatment is cosmetic or associated with TMJ, or an appliance was lost or stolen.","http://hl7.org/fhir/ValueSet/claim-modifiers|4.0.1","",,,,"Claim.item.detail.modifier",0,*,"","ele-1:All FHIR elements must have a @value or children {hasValue() or (children().count() > id.count())}
"
"Claim.item.detail.programCode","Claim.item.detail.programCode","","","",0,*,"","","","CodeableConcept {[]} {[]}
","Program the product or service is provided under","Identifies the program under which this may be recovered.","For example: Neonatal program, child dental program or drug users recovery program.","Commonly used in in the identification of publicly provided program focused on population segments or disease classifications.","","","","","","","",,"example","Program specific reason codes.","http://hl7.org/fhir/ValueSet/ex-program-code|4.0.1","",,,,"Claim.item.detail.programCode",0,*,"","ele-1:All FHIR elements must have a @value or children {hasValue() or (children().count() > id.count())}
"
"Claim.item.detail.quantity","Claim.item.detail.quantity","","","",0,1,"","","","Quantity {[CanonicalType[http://hl7.org/fhir/StructureDefinition/SimpleQuantity|4.0.1]]} {[]}
","Count of products or services","The number of repetitions of a service or product.","","Required when the product or service code does not convey the quantity provided.","","","","","","","",,,,,"",,,,"Claim.item.detail.quantity",0,1,"","ele-1:All FHIR elements must have a @value or children {hasValue() or (children().count() > id.count())}
"
"Claim.item.detail.unitPrice","Claim.item.detail.unitPrice","","","",0,1,"","","","Money {[]} {[]}
","Fee, charge or cost per item","If the item is not a group then this is the fee for the product or service, otherwise this is the total of the fees for the details of the group.","","The amount charged to the patient by the provider for a single unit.","","","","","","","",,,,,"",,,,"Claim.item.detail.unitPrice",0,1,"","ele-1:All FHIR elements must have a @value or children {hasValue() or (children().count() > id.count())}
"
"Claim.item.detail.factor","Claim.item.detail.factor","","","",0,1,"","","","decimal {[]} {[]}
","Price scaling factor","A real number that represents a multiplier used in determining the overall value of services delivered and/or goods received. The concept of a Factor allows for a discount or surcharge multiplier to be applied to a monetary amount.","To show a 10% senior's discount, the value entered is: 0.90 (1.00 - 0.10).","When discounts are provided to a patient (example: Senior's discount) then this must be documented for adjudication.","","","","","","","",,,,,"",,,,"Claim.item.detail.factor",0,1,"","ele-1:All FHIR elements must have a @value or children {hasValue() or (children().count() > id.count())}
"
"Claim.item.detail.net","Claim.item.detail.net","","","",0,1,"","","","Money {[]} {[]}
","Total item cost","The quantity times the unit price for an additional service or product or charge.","For example, the formula: quantity * unitPrice * factor  = net. Quantity and factor are assumed to be 1 if not supplied.","Provides the total amount claimed  for the group (if a grouper) or the line item.","","","","","","","",,,,,"",,,,"Claim.item.detail.net",0,1,"","ele-1:All FHIR elements must have a @value or children {hasValue() or (children().count() > id.count())}
"
"Claim.item.detail.udi","Claim.item.detail.udi","","","",0,*,"","","","Reference {[]} {[CanonicalType[http://hl7.org/fhir/StructureDefinition/Device|4.0.1]]}
","Unique device identifier","Unique Device Identifiers associated with this line item.","","The UDI code allows the insurer to obtain device level information on the product supplied.","","","","","","","",,,,,"",,,,"Claim.item.detail.udi",0,*,"","ele-1:All FHIR elements must have a @value or children {hasValue() or (children().count() > id.count())}
"
"Claim.item.detail.subDetail","Claim.item.detail.subDetail","","","",0,*,"","","","BackboneElement {[]} {[]}
","Product or service provided","A claim detail line. Either a simple (a product or service) or a 'group' of sub-details which are simple items.","","The items to be processed for adjudication.","","","","","","","",,,,,"",,,,"Claim.item.detail.subDetail",0,*,"","ele-1:All FHIR elements must have a @value or children {hasValue() or (children().count() > id.count())}
"
"Claim.item.detail.subDetail.id","Claim.item.detail.subDetail.id","","","",0,1,"","","","string {[]} {[]}
","Unique id for inter-element referencing","Unique id for the element within a resource (for internal references). This may be any string value that does not contain spaces.","","","","","","","","","",,,,,"",,,,"Element.id",0,1,"","","n/a"
"Claim.item.detail.subDetail.extension","Claim.item.detail.subDetail.extension","","extensions
user content","",0,*,"","","","Extension {[]} {[]}
","Additional content defined by implementations","May be used to represent additional information that is not part of the basic definition of the element. To make the use of extensions safe and manageable, there is a strict set of governance  applied to the definition and use of extensions. Though any implementer can define an extension, there is a set of requirements that SHALL be met as part of the definition of the extension.","There can be no stigma associated with the use of extensions by any application, project, or standard - regardless of the institution or jurisdiction that uses or defines the extensions.  The use of extensions is what allows the FHIR specification to retain a core level of simplicity for everyone.","","","","","","","","",,,,,"",,,,"Element.extension",0,*,"","ele-1:All FHIR elements must have a @value or children {hasValue() or (children().count() > id.count())}
ext-1:Must have either extensions or value[x], not both {extension.exists() != value.exists()}","n/a"
"Claim.item.detail.subDetail.modifierExtension","Claim.item.detail.subDetail.modifierExtension","","extensions
user contentmodifiers","",0,*,"","Y","Y","Extension {[]} {[]}
","Extensions that cannot be ignored even if unrecognized","May be used to represent additional information that is not part of the basic definition of the element and that modifies the understanding of the element in which it is contained and/or the understanding of the containing element's descendants. Usually modifier elements provide negation or qualification. To make the use of extensions safe and manageable, there is a strict set of governance applied to the definition and use of extensions. Though any implementer can define an extension, there is a set of requirements that SHALL be met as part of the definition of the extension. Applications processing a resource are required to check for modifier extensions.

Modifier extensions SHALL NOT change the meaning of any elements on Resource or DomainResource (including cannot change the meaning of modifierExtension itself).","There can be no stigma associated with the use of extensions by any application, project, or standard - regardless of the institution or jurisdiction that uses or defines the extensions.  The use of extensions is what allows the FHIR specification to retain a core level of simplicity for everyone.","Modifier extensions allow for extensions that *cannot* be safely ignored to be clearly distinguished from the vast majority of extensions which can be safely ignored.  This promotes interoperability by eliminating the need for implementers to prohibit the presence of extensions. For further information, see the [definition of modifier extensions](http://hl7.org/fhir/R4/extensibility.html#modifierExtension).","","","","","","","",,,,,"",,,,"BackboneElement.modifierExtension",0,*,"","ele-1:All FHIR elements must have a @value or children {hasValue() or (children().count() > id.count())}
ext-1:Must have either extensions or value[x], not both {extension.exists() != value.exists()}","N/A"
"Claim.item.detail.subDetail.sequence","Claim.item.detail.subDetail.sequence","","","",1,1,"","","","positiveInt {[]} {[]}
","Item instance identifier","A number to uniquely identify item entries.","","Necessary to provide a mechanism to link to items from within the claim and within the adjudication details of the ClaimResponse.","","","","","","","",,,,,"",,,,"Claim.item.detail.subDetail.sequence",1,1,"","ele-1:All FHIR elements must have a @value or children {hasValue() or (children().count() > id.count())}
"
"Claim.item.detail.subDetail.revenue","Claim.item.detail.subDetail.revenue","","","",0,1,"","","","CodeableConcept {[]} {[]}
","Revenue or cost center code","The type of revenue or cost center providing the product and/or service.","","Needed in the processing of institutional claims.","","","","","","","",,"example","Codes for the revenue or cost centers supplying the service and/or products.","http://hl7.org/fhir/ValueSet/ex-revenue-center|4.0.1","",,,,"Claim.item.detail.subDetail.revenue",0,1,"","ele-1:All FHIR elements must have a @value or children {hasValue() or (children().count() > id.count())}
"
"Claim.item.detail.subDetail.category","Claim.item.detail.subDetail.category","","","",0,1,"","","","CodeableConcept {[]} {[]}
","Benefit classification","Code to identify the general type of benefits under which products and services are provided.","Examples include Medical Care, Periodontics, Renal Dialysis, Vision Coverage.","Needed in the processing of institutional claims as this allows the insurer to determine whether a facial X-Ray is for dental, orthopedic, or facial surgery purposes.","","","","","","","",,"example","Benefit categories such as: oral-basic, major, glasses.","http://hl7.org/fhir/ValueSet/ex-benefitcategory|4.0.1","",,,,"Claim.item.detail.subDetail.category",0,1,"","ele-1:All FHIR elements must have a @value or children {hasValue() or (children().count() > id.count())}
"
"Claim.item.detail.subDetail.productOrService","Claim.item.detail.subDetail.productOrService","","","",1,1,"","","","CodeableConcept {[]} {[]}
","Billing, service, product, or drug code","When the value is a group code then this item collects a set of related claim details, otherwise this contains the product, service, drug or other billing code for the item.","If this is an actual service or product line, i.e. not a Group, then use code to indicate the Professional Service or Product supplied (e.g. CTP, HCPCS, USCLS, ICD10, NCPDP, DIN, RxNorm, ACHI, CCI). If a grouping item then use a group code to indicate the type of thing being grouped e.g. 'glasses' or 'compound'.","Necessary to state what was provided or done.","","","","","","","",,"example","Allowable service and product codes.","http://hl7.org/fhir/ValueSet/service-uscls|4.0.1","",,,,"Claim.item.detail.subDetail.productOrService",1,1,"","ele-1:All FHIR elements must have a @value or children {hasValue() or (children().count() > id.count())}
"
"Claim.item.detail.subDetail.modifier","Claim.item.detail.subDetail.modifier","","","",0,*,"","","","CodeableConcept {[]} {[]}
","Service/Product billing modifiers","Item typification or modifiers codes to convey additional context for the product or service.","For example in Oral whether the treatment is cosmetic or associated with TMJ, or for Medical whether the treatment was outside the clinic or out of office hours.","To support inclusion of the item for adjudication or to charge an elevated fee.","","","","","","","",,"example","Item type or modifiers codes, eg for Oral whether the treatment is cosmetic or associated with TMJ, or an appliance was lost or stolen.","http://hl7.org/fhir/ValueSet/claim-modifiers|4.0.1","",,,,"Claim.item.detail.subDetail.modifier",0,*,"","ele-1:All FHIR elements must have a @value or children {hasValue() or (children().count() > id.count())}
"
"Claim.item.detail.subDetail.programCode","Claim.item.detail.subDetail.programCode","","","",0,*,"","","","CodeableConcept {[]} {[]}
","Program the product or service is provided under","Identifies the program under which this may be recovered.","For example: Neonatal program, child dental program or drug users recovery program.","Commonly used in in the identification of publicly provided program focused on population segments or disease classifications.","","","","","","","",,"example","Program specific reason codes.","http://hl7.org/fhir/ValueSet/ex-program-code|4.0.1","",,,,"Claim.item.detail.subDetail.programCode",0,*,"","ele-1:All FHIR elements must have a @value or children {hasValue() or (children().count() > id.count())}
"
"Claim.item.detail.subDetail.quantity","Claim.item.detail.subDetail.quantity","","","",0,1,"","","","Quantity {[CanonicalType[http://hl7.org/fhir/StructureDefinition/SimpleQuantity|4.0.1]]} {[]}
","Count of products or services","The number of repetitions of a service or product.","","Required when the product or service code does not convey the quantity provided.","","","","","","","",,,,,"",,,,"Claim.item.detail.subDetail.quantity",0,1,"","ele-1:All FHIR elements must have a @value or children {hasValue() or (children().count() > id.count())}
"
"Claim.item.detail.subDetail.unitPrice","Claim.item.detail.subDetail.unitPrice","","","",0,1,"","","","Money {[]} {[]}
","Fee, charge or cost per item","If the item is not a group then this is the fee for the product or service, otherwise this is the total of the fees for the details of the group.","","The amount charged to the patient by the provider for a single unit.","","","","","","","",,,,,"",,,,"Claim.item.detail.subDetail.unitPrice",0,1,"","ele-1:All FHIR elements must have a @value or children {hasValue() or (children().count() > id.count())}
"
"Claim.item.detail.subDetail.factor","Claim.item.detail.subDetail.factor","","","",0,1,"","","","decimal {[]} {[]}
","Price scaling factor","A real number that represents a multiplier used in determining the overall value of services delivered and/or goods received. The concept of a Factor allows for a discount or surcharge multiplier to be applied to a monetary amount.","To show a 10% senior's discount, the value entered is: 0.90 (1.00 - 0.10).","When discounts are provided to a patient (example: Senior's discount) then this must be documented for adjudication.","","","","","","","",,,,,"",,,,"Claim.item.detail.subDetail.factor",0,1,"","ele-1:All FHIR elements must have a @value or children {hasValue() or (children().count() > id.count())}
"
"Claim.item.detail.subDetail.net","Claim.item.detail.subDetail.net","","","",0,1,"","","","Money {[]} {[]}
","Total item cost","The quantity times the unit price for an additional service or product or charge.","For example, the formula: quantity * unitPrice * factor  = net. Quantity and factor are assumed to be 1 if not supplied.","Provides the total amount claimed  for the group (if a grouper) or the line item.","","","","","","","",,,,,"",,,,"Claim.item.detail.subDetail.net",0,1,"","ele-1:All FHIR elements must have a @value or children {hasValue() or (children().count() > id.count())}
"
"Claim.item.detail.subDetail.udi","Claim.item.detail.subDetail.udi","","","",0,*,"","","","Reference {[]} {[CanonicalType[http://hl7.org/fhir/StructureDefinition/Device|4.0.1]]}
","Unique device identifier","Unique Device Identifiers associated with this line item.","","The UDI code allows the insurer to obtain device level information on the product supplied.","","","","","","","",,,,,"",,,,"Claim.item.detail.subDetail.udi",0,*,"","ele-1:All FHIR elements must have a @value or children {hasValue() or (children().count() > id.count())}
"
"Claim.total","Claim.total","","","",0,1,"Y","","","Money {[]} {[]}
","本筆服務紀錄的申報金額。[應填入 Money，幣別為 TWD]","The total value of the all the items in the claim.","","Used for  control total purposes.","","","","","","","",,,,,"",,,,"Claim.total",0,1,"","ele-1:All FHIR elements must have a @value or children {hasValue() or (children().count() > id.count())}
"
