"Id","Path","Slice Name","Alias(s)","Label","Min","Max","Must Support?","Is Modifier?","Is Summary?","Type(s)","Short","Definition","Comments","Requirements","Default Value","Meaning When Missing","Fixed Value","Pattern","Example","Minimum Value","Maximum Value","Maximum Length","Binding Strength","Binding Description","Binding Value Set","Code","Slicing Discriminator","Slicing Description","Slicing Ordered","Slicing Rules","Base Path","Base Min","Base Max","Condition(s)","Constraint(s)","Mapping: 在宅急症資料集與 FHIR 資源對照","Mapping: RIM Mapping"
"HAHCareDataset","HAHCareDataset","","","",0,*,"","","","null {[]} {[]}
","在宅急症－照護資料集","依在宅急症系統盤點建立的資料交換模型，涵蓋正式收案、訪視、照護、檢驗、給藥與轉銜。新增的臨床結構不代表來源系統已實作；來源差異見專用對照表。","","","","","","","","","",,,,,"",,,,"Element",0,*,"ele-1
","ele-1:All FHIR elements must have a @value or children {hasValue() or (children().count() > id.count())}
","n/a"
"HAHCareDataset.id","HAHCareDataset.id","","","",0,1,"","","","string {[]} {[]}
","Unique id for inter-element referencing","Unique id for the element within a resource (for internal references). This may be any string value that does not contain spaces.","","","","","","","","","",,,,,"",,,,"Element.id",0,1,"","","n/a"
"HAHCareDataset.extension","HAHCareDataset.extension","","extensions
user content","",0,*,"","","","Extension {[]} {[]}
","Additional content defined by implementations","May be used to represent additional information that is not part of the basic definition of the element. To make the use of extensions safe and manageable, there is a strict set of governance  applied to the definition and use of extensions. Though any implementer can define an extension, there is a set of requirements that SHALL be met as part of the definition of the extension.","There can be no stigma associated with the use of extensions by any application, project, or standard - regardless of the institution or jurisdiction that uses or defines the extensions.  The use of extensions is what allows the FHIR specification to retain a core level of simplicity for everyone.","","","","","","","","",,,,,"","value:url}
","Extensions are always sliced by (at least) url",,"open","Element.extension",0,*,"","ele-1:All FHIR elements must have a @value or children {hasValue() or (children().count() > id.count())}
ext-1:Must have either extensions or value[x], not both {extension.exists() != value.exists()}","n/a"
"HAHCareDataset.patient","HAHCareDataset.patient","","","",1,1,"","","","BackboneElement {[]} {[]}
","個案","個案。[以下欄位為此項資料的內嵌元素。]","","","","","","","","","",,,,,"",,,,"HAHCareDataset.patient",1,1,"","ele-1:All FHIR elements must have a @value or children {hasValue() or (children().count() > id.count())}
","HAHPatient"
"HAHCareDataset.patient.id","HAHCareDataset.patient.id","","","",0,1,"","","","string {[]} {[]}
","Unique id for inter-element referencing","Unique id for the element within a resource (for internal references). This may be any string value that does not contain spaces.","","","","","","","","","",,,,,"",,,,"Element.id",0,1,"","","n/a"
"HAHCareDataset.patient.extension","HAHCareDataset.patient.extension","","extensions
user content","",0,*,"","","","Extension {[]} {[]}
","Additional content defined by implementations","May be used to represent additional information that is not part of the basic definition of the element. To make the use of extensions safe and manageable, there is a strict set of governance  applied to the definition and use of extensions. Though any implementer can define an extension, there is a set of requirements that SHALL be met as part of the definition of the extension.","There can be no stigma associated with the use of extensions by any application, project, or standard - regardless of the institution or jurisdiction that uses or defines the extensions.  The use of extensions is what allows the FHIR specification to retain a core level of simplicity for everyone.","","","","","","","","",,,,,"","value:url}
","Extensions are always sliced by (at least) url",,"open","Element.extension",0,*,"","ele-1:All FHIR elements must have a @value or children {hasValue() or (children().count() > id.count())}
ext-1:Must have either extensions or value[x], not both {extension.exists() != value.exists()}","n/a"
"HAHCareDataset.patient.modifierExtension","HAHCareDataset.patient.modifierExtension","","extensions
user contentmodifiers","",0,*,"","Y","Y","Extension {[]} {[]}
","Extensions that cannot be ignored even if unrecognized","May be used to represent additional information that is not part of the basic definition of the element and that modifies the understanding of the element in which it is contained and/or the understanding of the containing element's descendants. Usually modifier elements provide negation or qualification. To make the use of extensions safe and manageable, there is a strict set of governance applied to the definition and use of extensions. Though any implementer can define an extension, there is a set of requirements that SHALL be met as part of the definition of the extension. Applications processing a resource are required to check for modifier extensions.

Modifier extensions SHALL NOT change the meaning of any elements on Resource or DomainResource (including cannot change the meaning of modifierExtension itself).","There can be no stigma associated with the use of extensions by any application, project, or standard - regardless of the institution or jurisdiction that uses or defines the extensions.  The use of extensions is what allows the FHIR specification to retain a core level of simplicity for everyone.","Modifier extensions allow for extensions that *cannot* be safely ignored to be clearly distinguished from the vast majority of extensions which can be safely ignored.  This promotes interoperability by eliminating the need for implementers to prohibit the presence of extensions. For further information, see the [definition of modifier extensions](http://hl7.org/fhir/R4/extensibility.html#modifierExtension).","","","","","","","",,,,,"",,,,"BackboneElement.modifierExtension",0,*,"","ele-1:All FHIR elements must have a @value or children {hasValue() or (children().count() > id.count())}
ext-1:Must have either extensions or value[x], not both {extension.exists() != value.exists()}","N/A"
"HAHCareDataset.patient.identifier","HAHCareDataset.patient.identifier","","","",1,*,"","","","Identifier {[]} {[]}
","個案識別碼","個案識別碼。[填入識別碼系統與值；至少包含機構給予的個案識別碼。]","","","","","","","","","",,,,,"",,,,"HAHCareDataset.patient.identifier",1,*,"","","Patient.identifier"
"HAHCareDataset.patient.name","HAHCareDataset.patient.name","","","",1,2,"","","","HumanName {[]} {[]}
","姓名","姓名。[填入完整姓名；可另以 family 與 given 記錄姓和名。]","","","","","","","","","",,,,,"",,,,"HAHCareDataset.patient.name",1,2,"","","Patient.name"
"HAHCareDataset.patient.birthDate","HAHCareDataset.patient.birthDate","","","",1,1,"","","","date {[]} {[]}
","出生日期","出生日期。[以 YYYY-MM-DD 格式填寫日期。]","","","","","","","","","",,,,,"",,,,"HAHCareDataset.patient.birthDate",1,1,"","","Patient.birthDate"
"HAHCareDataset.patient.gender","HAHCareDataset.patient.gender","","","",0,1,"","","","code {[]} {[]}
","性別","性別。[填入所綁定值集允許的代碼。]","","","","","","","","","",,"required","","http://hl7.org/fhir/ValueSet/administrative-gender","",,,,"HAHCareDataset.patient.gender",0,1,"","","Patient.gender"
"HAHCareDataset.patient.address","HAHCareDataset.patient.address","","","",1,2,"","","","Address {[]} {[]}
","居住地址","居住地址。[填入完整地址，可另記錄縣市、行政區及郵遞區號。]","","","","","","","","","",,,,,"",,,,"HAHCareDataset.patient.address",1,2,"","","Patient.address"
"HAHCareDataset.patient.telecom","HAHCareDataset.patient.telecom","","","",1,*,"","","","ContactPoint {[]} {[]}
","聯絡方式","聯絡方式。[填入聯絡種類 system 與實際號碼或地址 value。]","","","","","","","","","",,,,,"",,,,"HAHCareDataset.patient.telecom",1,*,"","","Patient.telecom"
"HAHCareDataset.patient.contact","HAHCareDataset.patient.contact","","","",1,*,"","","","BackboneElement {[]} {[]}
","緊急聯絡人","緊急聯絡人。[以下欄位為此項資料的內嵌元素。]","","","","","","","","","",,,,,"",,,,"HAHCareDataset.patient.contact",1,*,"","ele-1:All FHIR elements must have a @value or children {hasValue() or (children().count() > id.count())}
","Patient.contact"
"HAHCareDataset.patient.contact.id","HAHCareDataset.patient.contact.id","","","",0,1,"","","","string {[]} {[]}
","Unique id for inter-element referencing","Unique id for the element within a resource (for internal references). This may be any string value that does not contain spaces.","","","","","","","","","",,,,,"",,,,"Element.id",0,1,"","","n/a"
"HAHCareDataset.patient.contact.extension","HAHCareDataset.patient.contact.extension","","extensions
user content","",0,*,"","","","Extension {[]} {[]}
","Additional content defined by implementations","May be used to represent additional information that is not part of the basic definition of the element. To make the use of extensions safe and manageable, there is a strict set of governance  applied to the definition and use of extensions. Though any implementer can define an extension, there is a set of requirements that SHALL be met as part of the definition of the extension.","There can be no stigma associated with the use of extensions by any application, project, or standard - regardless of the institution or jurisdiction that uses or defines the extensions.  The use of extensions is what allows the FHIR specification to retain a core level of simplicity for everyone.","","","","","","","","",,,,,"","value:url}
","Extensions are always sliced by (at least) url",,"open","Element.extension",0,*,"","ele-1:All FHIR elements must have a @value or children {hasValue() or (children().count() > id.count())}
ext-1:Must have either extensions or value[x], not both {extension.exists() != value.exists()}","n/a"
"HAHCareDataset.patient.contact.modifierExtension","HAHCareDataset.patient.contact.modifierExtension","","extensions
user contentmodifiers","",0,*,"","Y","Y","Extension {[]} {[]}
","Extensions that cannot be ignored even if unrecognized","May be used to represent additional information that is not part of the basic definition of the element and that modifies the understanding of the element in which it is contained and/or the understanding of the containing element's descendants. Usually modifier elements provide negation or qualification. To make the use of extensions safe and manageable, there is a strict set of governance applied to the definition and use of extensions. Though any implementer can define an extension, there is a set of requirements that SHALL be met as part of the definition of the extension. Applications processing a resource are required to check for modifier extensions.

Modifier extensions SHALL NOT change the meaning of any elements on Resource or DomainResource (including cannot change the meaning of modifierExtension itself).","There can be no stigma associated with the use of extensions by any application, project, or standard - regardless of the institution or jurisdiction that uses or defines the extensions.  The use of extensions is what allows the FHIR specification to retain a core level of simplicity for everyone.","Modifier extensions allow for extensions that *cannot* be safely ignored to be clearly distinguished from the vast majority of extensions which can be safely ignored.  This promotes interoperability by eliminating the need for implementers to prohibit the presence of extensions. For further information, see the [definition of modifier extensions](http://hl7.org/fhir/R4/extensibility.html#modifierExtension).","","","","","","","",,,,,"",,,,"BackboneElement.modifierExtension",0,*,"","ele-1:All FHIR elements must have a @value or children {hasValue() or (children().count() > id.count())}
ext-1:Must have either extensions or value[x], not both {extension.exists() != value.exists()}","N/A"
"HAHCareDataset.patient.contact.name","HAHCareDataset.patient.contact.name","","","",1,1,"","","","HumanName {[]} {[]}
","聯絡人姓名","聯絡人姓名。[填入完整姓名；可另以 family 與 given 記錄姓和名。]","","","","","","","","","",,,,,"",,,,"HAHCareDataset.patient.contact.name",1,1,"","","Patient.contact.name"
"HAHCareDataset.patient.contact.relationship","HAHCareDataset.patient.contact.relationship","","","",1,1,"","","","CodeableConcept {[]} {[]}
","與個案關係","與個案關係。[已知代碼時填 coding.system 及 coding.code，可用 text 補充說明。]","","","","","","","","","",,,,,"",,,,"HAHCareDataset.patient.contact.relationship",1,1,"","","Patient.contact.relationship"
"HAHCareDataset.patient.contact.telecom","HAHCareDataset.patient.contact.telecom","","","",1,*,"","","","ContactPoint {[]} {[]}
","聯絡人電話","聯絡人電話。[填入聯絡種類 system 與實際號碼或地址 value。]","","","","","","","","","",,,,,"",,,,"HAHCareDataset.patient.contact.telecom",1,*,"","","Patient.contact.telecom"
"HAHCareDataset.patient.caregiver","HAHCareDataset.patient.caregiver","","","",0,*,"","","","Reference {[]} {[CanonicalType[http://ltc-ig.fhir.tw/StructureDefinition/LTCRelatedPerson]]}
","主要照顧者","主要照顧者。[應填入對應的 LTCRelatedPerson Reference。]","","","","","","","","","",,,,,"",,,,"HAHCareDataset.patient.caregiver",0,*,"","","RelatedPerson.patient"
"HAHCareDataset.patient.deceased","HAHCareDataset.patient.deceased","","","",0,1,"","","","dateTime {[]} {[]}
","死亡時間","死亡時間。[填入已確認的死亡時間；不從結案狀態推定。]","","","","","","","","","",,,,,"",,,,"HAHCareDataset.patient.deceased",0,1,"","","Patient.deceasedDateTime"
"HAHCareDataset.intake","HAHCareDataset.intake","","","",0,1,"","","","BackboneElement {[]} {[]}
","收案評估","收案評估。[以下欄位為此項資料的內嵌元素。]","","","","","","","","","",,,,,"",,,,"HAHCareDataset.intake",0,1,"","ele-1:All FHIR elements must have a @value or children {hasValue() or (children().count() > id.count())}
","HAHAssessmentResponse"
"HAHCareDataset.intake.id","HAHCareDataset.intake.id","","","",0,1,"","","","string {[]} {[]}
","Unique id for inter-element referencing","Unique id for the element within a resource (for internal references). This may be any string value that does not contain spaces.","","","","","","","","","",,,,,"",,,,"Element.id",0,1,"","","n/a"
"HAHCareDataset.intake.extension","HAHCareDataset.intake.extension","","extensions
user content","",0,*,"","","","Extension {[]} {[]}
","Additional content defined by implementations","May be used to represent additional information that is not part of the basic definition of the element. To make the use of extensions safe and manageable, there is a strict set of governance  applied to the definition and use of extensions. Though any implementer can define an extension, there is a set of requirements that SHALL be met as part of the definition of the extension.","There can be no stigma associated with the use of extensions by any application, project, or standard - regardless of the institution or jurisdiction that uses or defines the extensions.  The use of extensions is what allows the FHIR specification to retain a core level of simplicity for everyone.","","","","","","","","",,,,,"","value:url}
","Extensions are always sliced by (at least) url",,"open","Element.extension",0,*,"","ele-1:All FHIR elements must have a @value or children {hasValue() or (children().count() > id.count())}
ext-1:Must have either extensions or value[x], not both {extension.exists() != value.exists()}","n/a"
"HAHCareDataset.intake.modifierExtension","HAHCareDataset.intake.modifierExtension","","extensions
user contentmodifiers","",0,*,"","Y","Y","Extension {[]} {[]}
","Extensions that cannot be ignored even if unrecognized","May be used to represent additional information that is not part of the basic definition of the element and that modifies the understanding of the element in which it is contained and/or the understanding of the containing element's descendants. Usually modifier elements provide negation or qualification. To make the use of extensions safe and manageable, there is a strict set of governance applied to the definition and use of extensions. Though any implementer can define an extension, there is a set of requirements that SHALL be met as part of the definition of the extension. Applications processing a resource are required to check for modifier extensions.

Modifier extensions SHALL NOT change the meaning of any elements on Resource or DomainResource (including cannot change the meaning of modifierExtension itself).","There can be no stigma associated with the use of extensions by any application, project, or standard - regardless of the institution or jurisdiction that uses or defines the extensions.  The use of extensions is what allows the FHIR specification to retain a core level of simplicity for everyone.","Modifier extensions allow for extensions that *cannot* be safely ignored to be clearly distinguished from the vast majority of extensions which can be safely ignored.  This promotes interoperability by eliminating the need for implementers to prohibit the presence of extensions. For further information, see the [definition of modifier extensions](http://hl7.org/fhir/R4/extensibility.html#modifierExtension).","","","","","","","",,,,,"",,,,"BackboneElement.modifierExtension",0,*,"","ele-1:All FHIR elements must have a @value or children {hasValue() or (children().count() > id.count())}
ext-1:Must have either extensions or value[x], not both {extension.exists() != value.exists()}","N/A"
"HAHCareDataset.intake.criteria","HAHCareDataset.intake.criteria","","","",1,1,"","","","string {[]} {[]}
","計畫名稱與版本","計畫名稱與版本。[填入本次評估適用的照護計畫名稱及版本。]","","","","","","","","","",,,,,"",,,,"HAHCareDataset.intake.criteria",1,1,"","","QuestionnaireResponse.item[criteria]"
"HAHCareDataset.intake.homeSafety","HAHCareDataset.intake.homeSafety","","","",1,1,"","","","string {[]} {[]}
","環境與設備可行性","環境與設備可行性。[描述供電、通訊、設備及居家環境是否可支援預定照護。]","","","","","","","","","",,,,,"",,,,"HAHCareDataset.intake.homeSafety",1,1,"","","QuestionnaireResponse.item[homeSafety]"
"HAHCareDataset.intake.caregiverSupport","HAHCareDataset.intake.caregiverSupport","","","",1,1,"","","","string {[]} {[]}
","照顧者支援能力","照顧者支援能力。[描述照顧者可提供的協助及尚需補足的能力。]","","","","","","","","","",,,,,"",,,,"HAHCareDataset.intake.caregiverSupport",1,1,"","","QuestionnaireResponse.item[caregiverSupport]"
"HAHCareDataset.intake.decision","HAHCareDataset.intake.decision","","","",1,1,"","","","Coding {[]} {[]}
","收案建議","收案建議。[填入代碼系統 system 與代碼 code。]","","","","","","","","","",,"required","","http://ltc-ig.fhir.tw/ValueSet/hah-eligibility","",,,,"HAHCareDataset.intake.decision",1,1,"","","QuestionnaireResponse.item[decision]"
"HAHCareDataset.intake.reason","HAHCareDataset.intake.reason","","","",0,1,"","","","string {[]} {[]}
","評估原因","評估原因。[評估為 pending 或 ineligible 時填入原因。]","","","","","","","","","",,,,,"",,,,"HAHCareDataset.intake.reason",0,1,"","","QuestionnaireResponse.item[reason]"
"HAHCareDataset.intake.assessor","HAHCareDataset.intake.assessor","","","",1,1,"","","","Reference {[]} {[CanonicalType[http://ltc-ig.fhir.tw/StructureDefinition/LTCPractitionerRole], CanonicalType[http://ltc-ig.fhir.tw/StructureDefinition/LTCPractitioner]]}
","評估人員","評估人員。[應填入對應的 LTCPractitionerRole／LTCPractitioner Reference。]","","","","","","","","","",,,,,"",,,,"HAHCareDataset.intake.assessor",1,1,"","","QuestionnaireResponse.author"
"HAHCareDataset.intake.date","HAHCareDataset.intake.date","","","",1,1,"","","","dateTime {[]} {[]}
","評估時間","評估時間。[填入實際時間；包含時分時須提供時區。]","","","","","","","","","",,,,,"",,,,"HAHCareDataset.intake.date",1,1,"","","QuestionnaireResponse.authored"
"HAHCareDataset.episode","HAHCareDataset.episode","","","",1,1,"","","","BackboneElement {[]} {[]}
","一次收案療程","一次收案療程。[以下欄位為此項資料的內嵌元素。]","","","","","","","","","",,,,,"",,,,"HAHCareDataset.episode",1,1,"","ele-1:All FHIR elements must have a @value or children {hasValue() or (children().count() > id.count())}
","HAHEpisodeOfCare"
"HAHCareDataset.episode.id","HAHCareDataset.episode.id","","","",0,1,"","","","string {[]} {[]}
","Unique id for inter-element referencing","Unique id for the element within a resource (for internal references). This may be any string value that does not contain spaces.","","","","","","","","","",,,,,"",,,,"Element.id",0,1,"","","n/a"
"HAHCareDataset.episode.extension","HAHCareDataset.episode.extension","","extensions
user content","",0,*,"","","","Extension {[]} {[]}
","Additional content defined by implementations","May be used to represent additional information that is not part of the basic definition of the element. To make the use of extensions safe and manageable, there is a strict set of governance  applied to the definition and use of extensions. Though any implementer can define an extension, there is a set of requirements that SHALL be met as part of the definition of the extension.","There can be no stigma associated with the use of extensions by any application, project, or standard - regardless of the institution or jurisdiction that uses or defines the extensions.  The use of extensions is what allows the FHIR specification to retain a core level of simplicity for everyone.","","","","","","","","",,,,,"","value:url}
","Extensions are always sliced by (at least) url",,"open","Element.extension",0,*,"","ele-1:All FHIR elements must have a @value or children {hasValue() or (children().count() > id.count())}
ext-1:Must have either extensions or value[x], not both {extension.exists() != value.exists()}","n/a"
"HAHCareDataset.episode.modifierExtension","HAHCareDataset.episode.modifierExtension","","extensions
user contentmodifiers","",0,*,"","Y","Y","Extension {[]} {[]}
","Extensions that cannot be ignored even if unrecognized","May be used to represent additional information that is not part of the basic definition of the element and that modifies the understanding of the element in which it is contained and/or the understanding of the containing element's descendants. Usually modifier elements provide negation or qualification. To make the use of extensions safe and manageable, there is a strict set of governance applied to the definition and use of extensions. Though any implementer can define an extension, there is a set of requirements that SHALL be met as part of the definition of the extension. Applications processing a resource are required to check for modifier extensions.

Modifier extensions SHALL NOT change the meaning of any elements on Resource or DomainResource (including cannot change the meaning of modifierExtension itself).","There can be no stigma associated with the use of extensions by any application, project, or standard - regardless of the institution or jurisdiction that uses or defines the extensions.  The use of extensions is what allows the FHIR specification to retain a core level of simplicity for everyone.","Modifier extensions allow for extensions that *cannot* be safely ignored to be clearly distinguished from the vast majority of extensions which can be safely ignored.  This promotes interoperability by eliminating the need for implementers to prohibit the presence of extensions. For further information, see the [definition of modifier extensions](http://hl7.org/fhir/R4/extensibility.html#modifierExtension).","","","","","","","",,,,,"",,,,"BackboneElement.modifierExtension",0,*,"","ele-1:All FHIR elements must have a @value or children {hasValue() or (children().count() > id.count())}
ext-1:Must have either extensions or value[x], not both {extension.exists() != value.exists()}","N/A"
"HAHCareDataset.episode.identifier","HAHCareDataset.episode.identifier","","","",1,*,"","","","Identifier {[]} {[]}
","療程識別碼","療程識別碼。[每次收案使用獨立識別碼，包含發碼系統與值。]","","","","","","","","","",,,,,"",,,,"HAHCareDataset.episode.identifier",1,*,"","","EpisodeOfCare.identifier"
"HAHCareDataset.episode.status","HAHCareDataset.episode.status","","","",1,1,"","","","code {[]} {[]}
","療程狀態","療程狀態。[填入所綁定值集允許的代碼。]","","","","","","","","","",,"required","","http://hl7.org/fhir/ValueSet/episode-of-care-status","",,,,"HAHCareDataset.episode.status",1,1,"","","EpisodeOfCare.status"
"HAHCareDataset.episode.period","HAHCareDataset.episode.period","","","",1,1,"","","","Period {[]} {[]}
","實際照護期間","實際照護期間。[填入收案開始時間；完成療程時另填實際結束時間。]","","","","","","","","","",,,,,"",,,,"HAHCareDataset.episode.period",1,1,"","","EpisodeOfCare.period"
"HAHCareDataset.episode.organization","HAHCareDataset.episode.organization","","","",1,1,"","","","Reference {[]} {[CanonicalType[http://ltc-ig.fhir.tw/StructureDefinition/Organization-twltc]]}
","負責機構","負責機構。[應填入對應的 LTCOrganization Reference。]","","","","","","","","","",,,,,"",,,,"HAHCareDataset.episode.organization",1,1,"","","EpisodeOfCare.managingOrganization"
"HAHCareDataset.episode.diagnosis","HAHCareDataset.episode.diagnosis","","","",0,*,"","","","Reference {[]} {[CanonicalType[http://ltc-ig.fhir.tw/StructureDefinition/HAHCondition]]}
","收案診斷","收案診斷。[應填入對應的 HAHCondition Reference。]","","","","","","","","","",,,,,"",,,,"HAHCareDataset.episode.diagnosis",0,*,"","","EpisodeOfCare.diagnosis.condition"
"HAHCareDataset.episode.team","HAHCareDataset.episode.team","","","",0,*,"","","","Reference {[]} {[CanonicalType[http://ltc-ig.fhir.tw/StructureDefinition/HAHCareTeam]]}
","照護團隊","照護團隊。[應填入對應的 HAHCareTeam Reference。]","","","","","","","","","",,,,,"",,,,"HAHCareDataset.episode.team",0,*,"","","EpisodeOfCare.team"
"HAHCareDataset.episode.referral","HAHCareDataset.episode.referral","","","",0,*,"","","","Reference {[]} {[CanonicalType[http://ltc-ig.fhir.tw/StructureDefinition/HAHServiceRequest]]}
","收案轉介","收案轉介。[應填入對應的 HAHServiceRequest Reference。]","","","","","","","","","",,,,,"",,,,"HAHCareDataset.episode.referral",0,*,"","","EpisodeOfCare.referralRequest"
"HAHCareDataset.episode.outcome","HAHCareDataset.episode.outcome","","","",0,1,"","","","CodeableConcept {[]} {[]}
","結束原因","結束原因。[完成療程時填寫；其他原因另填 text 說明。]","","","","","","","","","",,"required","","http://ltc-ig.fhir.tw/ValueSet/hah-outcome","",,,,"HAHCareDataset.episode.outcome",0,1,"","","EpisodeOfCare.extension[outcome]"
"HAHCareDataset.encounter","HAHCareDataset.encounter","","","",1,*,"","","","BackboneElement {[]} {[]}
","整段照護或單次訪視","整段照護或單次訪視。[以下欄位為此項資料的內嵌元素。]","","","","","","","","","",,,,,"",,,,"HAHCareDataset.encounter",1,*,"","ele-1:All FHIR elements must have a @value or children {hasValue() or (children().count() > id.count())}
","HAHEncounter"
"HAHCareDataset.encounter.id","HAHCareDataset.encounter.id","","","",0,1,"","","","string {[]} {[]}
","Unique id for inter-element referencing","Unique id for the element within a resource (for internal references). This may be any string value that does not contain spaces.","","","","","","","","","",,,,,"",,,,"Element.id",0,1,"","","n/a"
"HAHCareDataset.encounter.extension","HAHCareDataset.encounter.extension","","extensions
user content","",0,*,"","","","Extension {[]} {[]}
","Additional content defined by implementations","May be used to represent additional information that is not part of the basic definition of the element. To make the use of extensions safe and manageable, there is a strict set of governance  applied to the definition and use of extensions. Though any implementer can define an extension, there is a set of requirements that SHALL be met as part of the definition of the extension.","There can be no stigma associated with the use of extensions by any application, project, or standard - regardless of the institution or jurisdiction that uses or defines the extensions.  The use of extensions is what allows the FHIR specification to retain a core level of simplicity for everyone.","","","","","","","","",,,,,"","value:url}
","Extensions are always sliced by (at least) url",,"open","Element.extension",0,*,"","ele-1:All FHIR elements must have a @value or children {hasValue() or (children().count() > id.count())}
ext-1:Must have either extensions or value[x], not both {extension.exists() != value.exists()}","n/a"
"HAHCareDataset.encounter.modifierExtension","HAHCareDataset.encounter.modifierExtension","","extensions
user contentmodifiers","",0,*,"","Y","Y","Extension {[]} {[]}
","Extensions that cannot be ignored even if unrecognized","May be used to represent additional information that is not part of the basic definition of the element and that modifies the understanding of the element in which it is contained and/or the understanding of the containing element's descendants. Usually modifier elements provide negation or qualification. To make the use of extensions safe and manageable, there is a strict set of governance applied to the definition and use of extensions. Though any implementer can define an extension, there is a set of requirements that SHALL be met as part of the definition of the extension. Applications processing a resource are required to check for modifier extensions.

Modifier extensions SHALL NOT change the meaning of any elements on Resource or DomainResource (including cannot change the meaning of modifierExtension itself).","There can be no stigma associated with the use of extensions by any application, project, or standard - regardless of the institution or jurisdiction that uses or defines the extensions.  The use of extensions is what allows the FHIR specification to retain a core level of simplicity for everyone.","Modifier extensions allow for extensions that *cannot* be safely ignored to be clearly distinguished from the vast majority of extensions which can be safely ignored.  This promotes interoperability by eliminating the need for implementers to prohibit the presence of extensions. For further information, see the [definition of modifier extensions](http://hl7.org/fhir/R4/extensibility.html#modifierExtension).","","","","","","","",,,,,"",,,,"BackboneElement.modifierExtension",0,*,"","ele-1:All FHIR elements must have a @value or children {hasValue() or (children().count() > id.count())}
ext-1:Must have either extensions or value[x], not both {extension.exists() != value.exists()}","N/A"
"HAHCareDataset.encounter.identifier","HAHCareDataset.encounter.identifier","","","",0,*,"","","","Identifier {[]} {[]}
","就診識別碼","就診識別碼。[填入識別系統 system 與識別值 value。]","","","","","","","","","",,,,,"",,,,"HAHCareDataset.encounter.identifier",0,*,"","","Encounter.identifier"
"HAHCareDataset.encounter.status","HAHCareDataset.encounter.status","","","",1,1,"","","","code {[]} {[]}
","就診狀態","就診狀態。[填入所綁定值集允許的代碼。]","","","","","","","","","",,"required","","http://hl7.org/fhir/ValueSet/encounter-status","",,,,"HAHCareDataset.encounter.status",1,1,"","","Encounter.status"
"HAHCareDataset.encounter.class","HAHCareDataset.encounter.class","","","",1,1,"","","","Coding {[]} {[]}
","照護分類","照護分類。[整段照護填 IMP、實地訪視填 HH、遠距評估填 VR，使用 v3-ActCode。]","","","","","","","","","",,,,,"",,,,"HAHCareDataset.encounter.class",1,1,"","","Encounter.class"
"HAHCareDataset.encounter.period","HAHCareDataset.encounter.period","","","",1,1,"","","","Period {[]} {[]}
","實際服務起訖","實際服務起訖。[使用 start、end 填入起訖時間；尚未結束時不預填實際結束時間。]","","","","","","","","","",,,,,"",,,,"HAHCareDataset.encounter.period",1,1,"","","Encounter.period"
"HAHCareDataset.encounter.parent","HAHCareDataset.encounter.parent","","","",0,1,"","","","Reference {[]} {[CanonicalType[http://ltc-ig.fhir.tw/StructureDefinition/HAHAdmissionEncounter]]}
","所屬整段照護","所屬整段照護。[單次訪視應參照本次整段照護的 Encounter。]","","","","","","","","","",,,,,"",,,,"HAHCareDataset.encounter.parent",0,1,"","","Encounter.partOf"
"HAHCareDataset.encounter.mode","HAHCareDataset.encounter.mode","","","",0,1,"","","","code {[]} {[]}
","訪視方式","訪視方式。[單次訪視填入 in-person、video 或 telephone。]","","","","","","","","","",,"required","","http://ltc-ig.fhir.tw/ValueSet/hah-visit-mode","",,,,"HAHCareDataset.encounter.mode",0,1,"","","Encounter.extension[mode]"
"HAHCareDataset.encounter.participant","HAHCareDataset.encounter.participant","","","",1,*,"","","","Reference {[]} {[CanonicalType[http://ltc-ig.fhir.tw/StructureDefinition/LTCPractitioner], CanonicalType[http://ltc-ig.fhir.tw/StructureDefinition/LTCPractitionerRole]]}
","照護人員","照護人員。[應填入對應的 LTCPractitioner／LTCPractitionerRole Reference。]","","","","","","","","","",,,,,"",,,,"HAHCareDataset.encounter.participant",1,*,"","","Encounter.participant.individual"
"HAHCareDataset.encounter.organization","HAHCareDataset.encounter.organization","","","",1,1,"","","","Reference {[]} {[CanonicalType[http://ltc-ig.fhir.tw/StructureDefinition/Organization-twltc]]}
","服務機構","服務機構。[應填入對應的 LTCOrganization Reference。]","","","","","","","","","",,,,,"",,,,"HAHCareDataset.encounter.organization",1,1,"","","Encounter.serviceProvider"
"HAHCareDataset.encounter.location","HAHCareDataset.encounter.location","","","",0,*,"","","","Reference {[]} {[CanonicalType[http://hl7.org/fhir/StructureDefinition/Location]]}
","照護地點","照護地點。[應填入對應的 Location Reference。]","","","","","","","","","",,,,,"",,,,"HAHCareDataset.encounter.location",0,*,"","","Encounter.location.location"
"HAHCareDataset.encounter.disposition","HAHCareDataset.encounter.disposition","","","",0,1,"","","","CodeableConcept {[]} {[]}
","出院或轉出處置","出院或轉出處置。[已知代碼時填 coding.system 及 coding.code，可用 text 補充說明。]","","","","","","","","","",,,,,"",,,,"HAHCareDataset.encounter.disposition",0,1,"","","Encounter.hospitalization.dischargeDisposition"
"HAHCareDataset.encounter.destination","HAHCareDataset.encounter.destination","","","",0,1,"","","","Reference {[]} {[CanonicalType[http://hl7.org/fhir/StructureDefinition/Organization], CanonicalType[http://hl7.org/fhir/StructureDefinition/Location]]}
","接續照護地點","接續照護地點。[應填入對應的 Organization／Location Reference。]","","","","","","","","","",,,,,"",,,,"HAHCareDataset.encounter.destination",0,1,"","","Encounter.hospitalization.destination"
"HAHCareDataset.problem","HAHCareDataset.problem","","","",0,*,"","","","BackboneElement {[]} {[]}
","診斷與照護問題","診斷與照護問題。[以下欄位為此項資料的內嵌元素。]","","","","","","","","","",,,,,"",,,,"HAHCareDataset.problem",0,*,"","ele-1:All FHIR elements must have a @value or children {hasValue() or (children().count() > id.count())}
","HAHCondition"
"HAHCareDataset.problem.id","HAHCareDataset.problem.id","","","",0,1,"","","","string {[]} {[]}
","Unique id for inter-element referencing","Unique id for the element within a resource (for internal references). This may be any string value that does not contain spaces.","","","","","","","","","",,,,,"",,,,"Element.id",0,1,"","","n/a"
"HAHCareDataset.problem.extension","HAHCareDataset.problem.extension","","extensions
user content","",0,*,"","","","Extension {[]} {[]}
","Additional content defined by implementations","May be used to represent additional information that is not part of the basic definition of the element. To make the use of extensions safe and manageable, there is a strict set of governance  applied to the definition and use of extensions. Though any implementer can define an extension, there is a set of requirements that SHALL be met as part of the definition of the extension.","There can be no stigma associated with the use of extensions by any application, project, or standard - regardless of the institution or jurisdiction that uses or defines the extensions.  The use of extensions is what allows the FHIR specification to retain a core level of simplicity for everyone.","","","","","","","","",,,,,"","value:url}
","Extensions are always sliced by (at least) url",,"open","Element.extension",0,*,"","ele-1:All FHIR elements must have a @value or children {hasValue() or (children().count() > id.count())}
ext-1:Must have either extensions or value[x], not both {extension.exists() != value.exists()}","n/a"
"HAHCareDataset.problem.modifierExtension","HAHCareDataset.problem.modifierExtension","","extensions
user contentmodifiers","",0,*,"","Y","Y","Extension {[]} {[]}
","Extensions that cannot be ignored even if unrecognized","May be used to represent additional information that is not part of the basic definition of the element and that modifies the understanding of the element in which it is contained and/or the understanding of the containing element's descendants. Usually modifier elements provide negation or qualification. To make the use of extensions safe and manageable, there is a strict set of governance applied to the definition and use of extensions. Though any implementer can define an extension, there is a set of requirements that SHALL be met as part of the definition of the extension. Applications processing a resource are required to check for modifier extensions.

Modifier extensions SHALL NOT change the meaning of any elements on Resource or DomainResource (including cannot change the meaning of modifierExtension itself).","There can be no stigma associated with the use of extensions by any application, project, or standard - regardless of the institution or jurisdiction that uses or defines the extensions.  The use of extensions is what allows the FHIR specification to retain a core level of simplicity for everyone.","Modifier extensions allow for extensions that *cannot* be safely ignored to be clearly distinguished from the vast majority of extensions which can be safely ignored.  This promotes interoperability by eliminating the need for implementers to prohibit the presence of extensions. For further information, see the [definition of modifier extensions](http://hl7.org/fhir/R4/extensibility.html#modifierExtension).","","","","","","","",,,,,"",,,,"BackboneElement.modifierExtension",0,*,"","ele-1:All FHIR elements must have a @value or children {hasValue() or (children().count() > id.count())}
ext-1:Must have either extensions or value[x], not both {extension.exists() != value.exists()}","N/A"
"HAHCareDataset.problem.code","HAHCareDataset.problem.code","","","",1,1,"","","","CodeableConcept {[]} {[]}
","診斷或問題","診斷或問題。[已知代碼時填 coding.system 及 coding.code，可用 text 補充說明。]","","","","","","","","","",,,,,"",,,,"HAHCareDataset.problem.code",1,1,"","","Condition.code"
"HAHCareDataset.problem.category","HAHCareDataset.problem.category","","","",1,1,"","","","CodeableConcept {[]} {[]}
","診斷或問題分類","診斷或問題分類。[已知代碼時填 coding.system 及 coding.code，可用 text 補充說明。]","","","","","","","","","",,,,,"",,,,"HAHCareDataset.problem.category",1,1,"","","Condition.category"
"HAHCareDataset.problem.onset","HAHCareDataset.problem.onset","","","",0,1,"","","","dateTime {[]} {[]}
","發病時間","發病時間。[填入實際時間；包含時分時須提供時區。]","","","","","","","","","",,,,,"",,,,"HAHCareDataset.problem.onset",0,1,"","","Condition.onsetDateTime"
"HAHCareDataset.problem.clinicalStatus","HAHCareDataset.problem.clinicalStatus","","","",0,1,"","","","CodeableConcept {[]} {[]}
","病情狀態","病情狀態。[已知代碼時填 coding.system 及 coding.code，可用 text 補充說明。]","","","","","","","","","",,,,,"",,,,"HAHCareDataset.problem.clinicalStatus",0,1,"","","Condition.clinicalStatus"
"HAHCareDataset.problem.verification","HAHCareDataset.problem.verification","","","",0,1,"","","","CodeableConcept {[]} {[]}
","確認狀態","確認狀態。[已知代碼時填 coding.system 及 coding.code，可用 text 補充說明。]","","","","","","","","","",,,,,"",,,,"HAHCareDataset.problem.verification",0,1,"","","Condition.verificationStatus"
"HAHCareDataset.problem.encounter","HAHCareDataset.problem.encounter","","","",1,1,"","","","Reference {[]} {[CanonicalType[http://ltc-ig.fhir.tw/StructureDefinition/HAHEncounter]]}
","對應就診","對應就診。[應填入對應的 HAHEncounter Reference。]","","","","","","","","","",,,,,"",,,,"HAHCareDataset.problem.encounter",1,1,"","","Condition.encounter"
"HAHCareDataset.team","HAHCareDataset.team","","","",0,*,"","","","BackboneElement {[]} {[]}
","團隊成員","團隊成員。[以下欄位為此項資料的內嵌元素。]","","","","","","","","","",,,,,"",,,,"HAHCareDataset.team",0,*,"","ele-1:All FHIR elements must have a @value or children {hasValue() or (children().count() > id.count())}
","HAHCareTeam"
"HAHCareDataset.team.id","HAHCareDataset.team.id","","","",0,1,"","","","string {[]} {[]}
","Unique id for inter-element referencing","Unique id for the element within a resource (for internal references). This may be any string value that does not contain spaces.","","","","","","","","","",,,,,"",,,,"Element.id",0,1,"","","n/a"
"HAHCareDataset.team.extension","HAHCareDataset.team.extension","","extensions
user content","",0,*,"","","","Extension {[]} {[]}
","Additional content defined by implementations","May be used to represent additional information that is not part of the basic definition of the element. To make the use of extensions safe and manageable, there is a strict set of governance  applied to the definition and use of extensions. Though any implementer can define an extension, there is a set of requirements that SHALL be met as part of the definition of the extension.","There can be no stigma associated with the use of extensions by any application, project, or standard - regardless of the institution or jurisdiction that uses or defines the extensions.  The use of extensions is what allows the FHIR specification to retain a core level of simplicity for everyone.","","","","","","","","",,,,,"","value:url}
","Extensions are always sliced by (at least) url",,"open","Element.extension",0,*,"","ele-1:All FHIR elements must have a @value or children {hasValue() or (children().count() > id.count())}
ext-1:Must have either extensions or value[x], not both {extension.exists() != value.exists()}","n/a"
"HAHCareDataset.team.modifierExtension","HAHCareDataset.team.modifierExtension","","extensions
user contentmodifiers","",0,*,"","Y","Y","Extension {[]} {[]}
","Extensions that cannot be ignored even if unrecognized","May be used to represent additional information that is not part of the basic definition of the element and that modifies the understanding of the element in which it is contained and/or the understanding of the containing element's descendants. Usually modifier elements provide negation or qualification. To make the use of extensions safe and manageable, there is a strict set of governance applied to the definition and use of extensions. Though any implementer can define an extension, there is a set of requirements that SHALL be met as part of the definition of the extension. Applications processing a resource are required to check for modifier extensions.

Modifier extensions SHALL NOT change the meaning of any elements on Resource or DomainResource (including cannot change the meaning of modifierExtension itself).","There can be no stigma associated with the use of extensions by any application, project, or standard - regardless of the institution or jurisdiction that uses or defines the extensions.  The use of extensions is what allows the FHIR specification to retain a core level of simplicity for everyone.","Modifier extensions allow for extensions that *cannot* be safely ignored to be clearly distinguished from the vast majority of extensions which can be safely ignored.  This promotes interoperability by eliminating the need for implementers to prohibit the presence of extensions. For further information, see the [definition of modifier extensions](http://hl7.org/fhir/R4/extensibility.html#modifierExtension).","","","","","","","",,,,,"",,,,"BackboneElement.modifierExtension",0,*,"","ele-1:All FHIR elements must have a @value or children {hasValue() or (children().count() > id.count())}
ext-1:Must have either extensions or value[x], not both {extension.exists() != value.exists()}","N/A"
"HAHCareDataset.team.member","HAHCareDataset.team.member","","","",1,1,"","","","Reference {[]} {[CanonicalType[http://hl7.org/fhir/StructureDefinition/Practitioner], CanonicalType[http://hl7.org/fhir/StructureDefinition/PractitionerRole], CanonicalType[http://hl7.org/fhir/StructureDefinition/Organization], CanonicalType[http://hl7.org/fhir/StructureDefinition/RelatedPerson]]}
","人員或機構","人員或機構。[應填入對應的 Practitioner／PractitionerRole／Organization／RelatedPerson Reference。]","","","","","","","","","",,,,,"",,,,"HAHCareDataset.team.member",1,1,"","","CareTeam.participant.member"
"HAHCareDataset.team.role","HAHCareDataset.team.role","","","",1,1,"","","","CodeableConcept {[]} {[]}
","成員角色","成員角色。[已知代碼時填 coding.system 及 coding.code，可用 text 補充說明。]","","","","","","","","","",,,,,"",,,,"HAHCareDataset.team.role",1,1,"","","CareTeam.participant.role"
"HAHCareDataset.team.period","HAHCareDataset.team.period","","","",0,1,"","","","Period {[]} {[]}
","責任期間","責任期間。[使用 start、end 填入起訖時間；尚未結束時不預填實際結束時間。]","","","","","","","","","",,,,,"",,,,"HAHCareDataset.team.period",0,1,"","","CareTeam.participant.period"
"HAHCareDataset.plan","HAHCareDataset.plan","","","",0,*,"","","","BackboneElement {[]} {[]}
","照護計畫","照護計畫。[以下欄位為此項資料的內嵌元素。]","","","","","","","","","",,,,,"",,,,"HAHCareDataset.plan",0,*,"","ele-1:All FHIR elements must have a @value or children {hasValue() or (children().count() > id.count())}
","HAHCarePlan"
"HAHCareDataset.plan.id","HAHCareDataset.plan.id","","","",0,1,"","","","string {[]} {[]}
","Unique id for inter-element referencing","Unique id for the element within a resource (for internal references). This may be any string value that does not contain spaces.","","","","","","","","","",,,,,"",,,,"Element.id",0,1,"","","n/a"
"HAHCareDataset.plan.extension","HAHCareDataset.plan.extension","","extensions
user content","",0,*,"","","","Extension {[]} {[]}
","Additional content defined by implementations","May be used to represent additional information that is not part of the basic definition of the element. To make the use of extensions safe and manageable, there is a strict set of governance  applied to the definition and use of extensions. Though any implementer can define an extension, there is a set of requirements that SHALL be met as part of the definition of the extension.","There can be no stigma associated with the use of extensions by any application, project, or standard - regardless of the institution or jurisdiction that uses or defines the extensions.  The use of extensions is what allows the FHIR specification to retain a core level of simplicity for everyone.","","","","","","","","",,,,,"","value:url}
","Extensions are always sliced by (at least) url",,"open","Element.extension",0,*,"","ele-1:All FHIR elements must have a @value or children {hasValue() or (children().count() > id.count())}
ext-1:Must have either extensions or value[x], not both {extension.exists() != value.exists()}","n/a"
"HAHCareDataset.plan.modifierExtension","HAHCareDataset.plan.modifierExtension","","extensions
user contentmodifiers","",0,*,"","Y","Y","Extension {[]} {[]}
","Extensions that cannot be ignored even if unrecognized","May be used to represent additional information that is not part of the basic definition of the element and that modifies the understanding of the element in which it is contained and/or the understanding of the containing element's descendants. Usually modifier elements provide negation or qualification. To make the use of extensions safe and manageable, there is a strict set of governance applied to the definition and use of extensions. Though any implementer can define an extension, there is a set of requirements that SHALL be met as part of the definition of the extension. Applications processing a resource are required to check for modifier extensions.

Modifier extensions SHALL NOT change the meaning of any elements on Resource or DomainResource (including cannot change the meaning of modifierExtension itself).","There can be no stigma associated with the use of extensions by any application, project, or standard - regardless of the institution or jurisdiction that uses or defines the extensions.  The use of extensions is what allows the FHIR specification to retain a core level of simplicity for everyone.","Modifier extensions allow for extensions that *cannot* be safely ignored to be clearly distinguished from the vast majority of extensions which can be safely ignored.  This promotes interoperability by eliminating the need for implementers to prohibit the presence of extensions. For further information, see the [definition of modifier extensions](http://hl7.org/fhir/R4/extensibility.html#modifierExtension).","","","","","","","",,,,,"",,,,"BackboneElement.modifierExtension",0,*,"","ele-1:All FHIR elements must have a @value or children {hasValue() or (children().count() > id.count())}
ext-1:Must have either extensions or value[x], not both {extension.exists() != value.exists()}","N/A"
"HAHCareDataset.plan.status","HAHCareDataset.plan.status","","","",1,1,"","","","code {[]} {[]}
","計畫狀態","計畫狀態。[填入所綁定值集允許的代碼。]","","","","","","","","","",,,,,"",,,,"HAHCareDataset.plan.status",1,1,"","","CarePlan.status"
"HAHCareDataset.plan.period","HAHCareDataset.plan.period","","","",0,1,"","","","Period {[]} {[]}
","計畫期間","計畫期間。[使用 start、end 填入起訖時間；尚未結束時不預填實際結束時間。]","","","","","","","","","",,,,,"",,,,"HAHCareDataset.plan.period",0,1,"","","CarePlan.period"
"HAHCareDataset.plan.problem","HAHCareDataset.plan.problem","","","",0,*,"","","","Reference {[]} {[CanonicalType[http://ltc-ig.fhir.tw/StructureDefinition/HAHCondition]]}
","處理的問題","處理的問題。[應填入對應的 HAHCondition Reference。]","","","","","","","","","",,,,,"",,,,"HAHCareDataset.plan.problem",0,*,"","","CarePlan.addresses"
"HAHCareDataset.plan.goal","HAHCareDataset.plan.goal","","","",0,*,"","","","Reference {[]} {[CanonicalType[http://ltc-ig.fhir.tw/StructureDefinition/HAHGoal]]}
","預期目標","預期目標。[應填入對應的 HAHGoal Reference。]","","","","","","","","","",,,,,"",,,,"HAHCareDataset.plan.goal",0,*,"","","CarePlan.goal"
"HAHCareDataset.plan.activity","HAHCareDataset.plan.activity","","","",1,*,"","","","Reference {[]} {[CanonicalType[http://ltc-ig.fhir.tw/StructureDefinition/HAHServiceRequest], CanonicalType[http://ltc-ig.fhir.tw/StructureDefinition/HAHMedicationRequest]]}
","預定服務或處方","預定服務或處方。[應填入對應的 HAHServiceRequest／HAHMedicationRequest Reference。]","","","","","","","","","",,,,,"",,,,"HAHCareDataset.plan.activity",1,*,"","","CarePlan.activity.reference；也可用 detail"
"HAHCareDataset.goal","HAHCareDataset.goal","","","",0,*,"","","","BackboneElement {[]} {[]}
","照護目標","照護目標。[以下欄位為此項資料的內嵌元素。]","","","","","","","","","",,,,,"",,,,"HAHCareDataset.goal",0,*,"","ele-1:All FHIR elements must have a @value or children {hasValue() or (children().count() > id.count())}
","HAHGoal"
"HAHCareDataset.goal.id","HAHCareDataset.goal.id","","","",0,1,"","","","string {[]} {[]}
","Unique id for inter-element referencing","Unique id for the element within a resource (for internal references). This may be any string value that does not contain spaces.","","","","","","","","","",,,,,"",,,,"Element.id",0,1,"","","n/a"
"HAHCareDataset.goal.extension","HAHCareDataset.goal.extension","","extensions
user content","",0,*,"","","","Extension {[]} {[]}
","Additional content defined by implementations","May be used to represent additional information that is not part of the basic definition of the element. To make the use of extensions safe and manageable, there is a strict set of governance  applied to the definition and use of extensions. Though any implementer can define an extension, there is a set of requirements that SHALL be met as part of the definition of the extension.","There can be no stigma associated with the use of extensions by any application, project, or standard - regardless of the institution or jurisdiction that uses or defines the extensions.  The use of extensions is what allows the FHIR specification to retain a core level of simplicity for everyone.","","","","","","","","",,,,,"","value:url}
","Extensions are always sliced by (at least) url",,"open","Element.extension",0,*,"","ele-1:All FHIR elements must have a @value or children {hasValue() or (children().count() > id.count())}
ext-1:Must have either extensions or value[x], not both {extension.exists() != value.exists()}","n/a"
"HAHCareDataset.goal.modifierExtension","HAHCareDataset.goal.modifierExtension","","extensions
user contentmodifiers","",0,*,"","Y","Y","Extension {[]} {[]}
","Extensions that cannot be ignored even if unrecognized","May be used to represent additional information that is not part of the basic definition of the element and that modifies the understanding of the element in which it is contained and/or the understanding of the containing element's descendants. Usually modifier elements provide negation or qualification. To make the use of extensions safe and manageable, there is a strict set of governance applied to the definition and use of extensions. Though any implementer can define an extension, there is a set of requirements that SHALL be met as part of the definition of the extension. Applications processing a resource are required to check for modifier extensions.

Modifier extensions SHALL NOT change the meaning of any elements on Resource or DomainResource (including cannot change the meaning of modifierExtension itself).","There can be no stigma associated with the use of extensions by any application, project, or standard - regardless of the institution or jurisdiction that uses or defines the extensions.  The use of extensions is what allows the FHIR specification to retain a core level of simplicity for everyone.","Modifier extensions allow for extensions that *cannot* be safely ignored to be clearly distinguished from the vast majority of extensions which can be safely ignored.  This promotes interoperability by eliminating the need for implementers to prohibit the presence of extensions. For further information, see the [definition of modifier extensions](http://hl7.org/fhir/R4/extensibility.html#modifierExtension).","","","","","","","",,,,,"",,,,"BackboneElement.modifierExtension",0,*,"","ele-1:All FHIR elements must have a @value or children {hasValue() or (children().count() > id.count())}
ext-1:Must have either extensions or value[x], not both {extension.exists() != value.exists()}","N/A"
"HAHCareDataset.goal.description","HAHCareDataset.goal.description","","","",1,1,"","","","CodeableConcept {[]} {[]}
","預期結果","預期結果。[描述個案預期達成的結果，不填入疾病或問題清單。]","","","","","","","","","",,,,,"",,,,"HAHCareDataset.goal.description",1,1,"","","Goal.description"
"HAHCareDataset.goal.status","HAHCareDataset.goal.status","","","",1,1,"","","","code {[]} {[]}
","目標狀態","目標狀態。[填入所綁定值集允許的代碼。]","","","","","","","","","",,"required","","http://hl7.org/fhir/ValueSet/goal-status","",,,,"HAHCareDataset.goal.status",1,1,"","","Goal.lifecycleStatus"
"HAHCareDataset.goal.due","HAHCareDataset.goal.due","","","",1,1,"","","","date {[]} {[]}
","預期達到日期","預期達到日期。[填入預期達成目標的日期，使用 YYYY-MM-DD 格式。]","","","","","","","","","",,,,,"",,,,"HAHCareDataset.goal.due",1,1,"","","Goal.target.dueDate"
"HAHCareDataset.goal.result","HAHCareDataset.goal.result","","","",0,*,"","","","Reference {[]} {[CanonicalType[http://hl7.org/fhir/StructureDefinition/Observation]]}
","評值結果","評值結果。[應填入對應的 Observation Reference。]","","","","","","","","","",,,,,"",,,,"HAHCareDataset.goal.result",0,*,"","","Goal.outcomeReference"
"HAHCareDataset.request","HAHCareDataset.request","","","",0,*,"","","","BackboneElement {[]} {[]}
","服務請求","服務請求。[以下欄位為此項資料的內嵌元素。]","","","","","","","","","",,,,,"",,,,"HAHCareDataset.request",0,*,"","ele-1:All FHIR elements must have a @value or children {hasValue() or (children().count() > id.count())}
","HAHServiceRequest"
"HAHCareDataset.request.id","HAHCareDataset.request.id","","","",0,1,"","","","string {[]} {[]}
","Unique id for inter-element referencing","Unique id for the element within a resource (for internal references). This may be any string value that does not contain spaces.","","","","","","","","","",,,,,"",,,,"Element.id",0,1,"","","n/a"
"HAHCareDataset.request.extension","HAHCareDataset.request.extension","","extensions
user content","",0,*,"","","","Extension {[]} {[]}
","Additional content defined by implementations","May be used to represent additional information that is not part of the basic definition of the element. To make the use of extensions safe and manageable, there is a strict set of governance  applied to the definition and use of extensions. Though any implementer can define an extension, there is a set of requirements that SHALL be met as part of the definition of the extension.","There can be no stigma associated with the use of extensions by any application, project, or standard - regardless of the institution or jurisdiction that uses or defines the extensions.  The use of extensions is what allows the FHIR specification to retain a core level of simplicity for everyone.","","","","","","","","",,,,,"","value:url}
","Extensions are always sliced by (at least) url",,"open","Element.extension",0,*,"","ele-1:All FHIR elements must have a @value or children {hasValue() or (children().count() > id.count())}
ext-1:Must have either extensions or value[x], not both {extension.exists() != value.exists()}","n/a"
"HAHCareDataset.request.modifierExtension","HAHCareDataset.request.modifierExtension","","extensions
user contentmodifiers","",0,*,"","Y","Y","Extension {[]} {[]}
","Extensions that cannot be ignored even if unrecognized","May be used to represent additional information that is not part of the basic definition of the element and that modifies the understanding of the element in which it is contained and/or the understanding of the containing element's descendants. Usually modifier elements provide negation or qualification. To make the use of extensions safe and manageable, there is a strict set of governance applied to the definition and use of extensions. Though any implementer can define an extension, there is a set of requirements that SHALL be met as part of the definition of the extension. Applications processing a resource are required to check for modifier extensions.

Modifier extensions SHALL NOT change the meaning of any elements on Resource or DomainResource (including cannot change the meaning of modifierExtension itself).","There can be no stigma associated with the use of extensions by any application, project, or standard - regardless of the institution or jurisdiction that uses or defines the extensions.  The use of extensions is what allows the FHIR specification to retain a core level of simplicity for everyone.","Modifier extensions allow for extensions that *cannot* be safely ignored to be clearly distinguished from the vast majority of extensions which can be safely ignored.  This promotes interoperability by eliminating the need for implementers to prohibit the presence of extensions. For further information, see the [definition of modifier extensions](http://hl7.org/fhir/R4/extensibility.html#modifierExtension).","","","","","","","",,,,,"",,,,"BackboneElement.modifierExtension",0,*,"","ele-1:All FHIR elements must have a @value or children {hasValue() or (children().count() > id.count())}
ext-1:Must have either extensions or value[x], not both {extension.exists() != value.exists()}","N/A"
"HAHCareDataset.request.code","HAHCareDataset.request.code","","","",1,1,"","","","CodeableConcept {[]} {[]}
","服務項目","服務項目。[已知代碼時填 coding.system 及 coding.code，可用 text 補充說明。]","","","","","","","","","",,,,,"",,,,"HAHCareDataset.request.code",1,1,"","","ServiceRequest.code"
"HAHCareDataset.request.category","HAHCareDataset.request.category","","","",1,*,"","","","CodeableConcept {[]} {[]}
","服務分類","服務分類。[已知代碼時填 coding.system 及 coding.code，可用 text 補充說明。]","","","","","","","","","",,,,,"",,,,"HAHCareDataset.request.category",1,*,"","","ServiceRequest.category"
"HAHCareDataset.request.status","HAHCareDataset.request.status","","","",1,1,"","","","code {[]} {[]}
","請求狀態","請求狀態。[填入所綁定值集允許的代碼。]","","","","","","","","","",,"required","","http://hl7.org/fhir/ValueSet/request-status","",,,,"HAHCareDataset.request.status",1,1,"","","ServiceRequest.status"
"HAHCareDataset.request.intent","HAHCareDataset.request.intent","","","",1,1,"","","","code {[]} {[]}
","請求意圖","請求意圖。[填入所綁定值集允許的代碼。]","","","","","","","","","",,"required","","http://hl7.org/fhir/ValueSet/request-intent","",,,,"HAHCareDataset.request.intent",1,1,"","","ServiceRequest.intent"
"HAHCareDataset.request.requester","HAHCareDataset.request.requester","","","",1,1,"","","","Reference {[]} {[CanonicalType[http://hl7.org/fhir/StructureDefinition/Practitioner], CanonicalType[http://hl7.org/fhir/StructureDefinition/PractitionerRole], CanonicalType[http://hl7.org/fhir/StructureDefinition/Organization]]}
","開立者","開立者。[應填入對應的 Practitioner／PractitionerRole／Organization Reference。]","","","","","","","","","",,,,,"",,,,"HAHCareDataset.request.requester",1,1,"","","ServiceRequest.requester"
"HAHCareDataset.request.performer","HAHCareDataset.request.performer","","","",0,*,"","","","Reference {[]} {[CanonicalType[http://hl7.org/fhir/StructureDefinition/Practitioner], CanonicalType[http://hl7.org/fhir/StructureDefinition/PractitionerRole], CanonicalType[http://hl7.org/fhir/StructureDefinition/Organization]]}
","執行對象","執行對象。[應填入對應的 Practitioner／PractitionerRole／Organization Reference。]","","","","","","","","","",,,,,"",,,,"HAHCareDataset.request.performer",0,*,"","","ServiceRequest.performer"
"HAHCareDataset.request.occurrence","HAHCareDataset.request.occurrence","","","",0,1,"","","","Period {[]} {[]}
","預定服務期間","預定服務期間。[使用 start、end 填入起訖時間；尚未結束時不預填實際結束時間。]","","","","","","","","","",,,,,"",,,,"HAHCareDataset.request.occurrence",0,1,"","","ServiceRequest.occurrencePeriod"
"HAHCareDataset.observation","HAHCareDataset.observation","","","",0,*,"","","","BackboneElement {[]} {[]}
","生命徵象與檢驗","生命徵象與檢驗。[以下欄位為此項資料的內嵌元素。]","","","","","","","","","",,,,,"",,,,"HAHCareDataset.observation",0,*,"","ele-1:All FHIR elements must have a @value or children {hasValue() or (children().count() > id.count())}
","既有量測 Profiles、HAHObservationLab"
"HAHCareDataset.observation.id","HAHCareDataset.observation.id","","","",0,1,"","","","string {[]} {[]}
","Unique id for inter-element referencing","Unique id for the element within a resource (for internal references). This may be any string value that does not contain spaces.","","","","","","","","","",,,,,"",,,,"Element.id",0,1,"","","n/a"
"HAHCareDataset.observation.extension","HAHCareDataset.observation.extension","","extensions
user content","",0,*,"","","","Extension {[]} {[]}
","Additional content defined by implementations","May be used to represent additional information that is not part of the basic definition of the element. To make the use of extensions safe and manageable, there is a strict set of governance  applied to the definition and use of extensions. Though any implementer can define an extension, there is a set of requirements that SHALL be met as part of the definition of the extension.","There can be no stigma associated with the use of extensions by any application, project, or standard - regardless of the institution or jurisdiction that uses or defines the extensions.  The use of extensions is what allows the FHIR specification to retain a core level of simplicity for everyone.","","","","","","","","",,,,,"","value:url}
","Extensions are always sliced by (at least) url",,"open","Element.extension",0,*,"","ele-1:All FHIR elements must have a @value or children {hasValue() or (children().count() > id.count())}
ext-1:Must have either extensions or value[x], not both {extension.exists() != value.exists()}","n/a"
"HAHCareDataset.observation.modifierExtension","HAHCareDataset.observation.modifierExtension","","extensions
user contentmodifiers","",0,*,"","Y","Y","Extension {[]} {[]}
","Extensions that cannot be ignored even if unrecognized","May be used to represent additional information that is not part of the basic definition of the element and that modifies the understanding of the element in which it is contained and/or the understanding of the containing element's descendants. Usually modifier elements provide negation or qualification. To make the use of extensions safe and manageable, there is a strict set of governance applied to the definition and use of extensions. Though any implementer can define an extension, there is a set of requirements that SHALL be met as part of the definition of the extension. Applications processing a resource are required to check for modifier extensions.

Modifier extensions SHALL NOT change the meaning of any elements on Resource or DomainResource (including cannot change the meaning of modifierExtension itself).","There can be no stigma associated with the use of extensions by any application, project, or standard - regardless of the institution or jurisdiction that uses or defines the extensions.  The use of extensions is what allows the FHIR specification to retain a core level of simplicity for everyone.","Modifier extensions allow for extensions that *cannot* be safely ignored to be clearly distinguished from the vast majority of extensions which can be safely ignored.  This promotes interoperability by eliminating the need for implementers to prohibit the presence of extensions. For further information, see the [definition of modifier extensions](http://hl7.org/fhir/R4/extensibility.html#modifierExtension).","","","","","","","",,,,,"",,,,"BackboneElement.modifierExtension",0,*,"","ele-1:All FHIR elements must have a @value or children {hasValue() or (children().count() > id.count())}
ext-1:Must have either extensions or value[x], not both {extension.exists() != value.exists()}","N/A"
"HAHCareDataset.observation.code","HAHCareDataset.observation.code","","","",1,1,"","","","CodeableConcept {[]} {[]}
","量測或檢驗項目","量測或檢驗項目。[已知代碼時填 coding.system 及 coding.code，可用 text 補充說明。]","","","","","","","","","",,,,,"",,,,"HAHCareDataset.observation.code",1,1,"","","Observation.code"
"HAHCareDataset.observation.status","HAHCareDataset.observation.status","","","",1,1,"","","","code {[]} {[]}
","結果狀態","結果狀態。[填入所綁定值集允許的代碼。]","","","","","","","","","",,"required","","http://hl7.org/fhir/ValueSet/observation-status","",,,,"HAHCareDataset.observation.status",1,1,"","","Observation.status"
"HAHCareDataset.observation.time","HAHCareDataset.observation.time","","","",1,1,"","","","dateTime {[]} {[]}
","量測或採檢時間","量測或採檢時間。[填入實際時間；包含時分時須提供時區。]","","","","","","","","","",,,,,"",,,,"HAHCareDataset.observation.time",1,1,"","","Observation.effectiveDateTime"
"HAHCareDataset.observation.value","HAHCareDataset.observation.value","","","",0,1,"","","","Quantity {[]} {[]}
","數值與單位","數值與單位。[填入實際量測數值、UCUM 系統與單位代碼。]","","","","","","","","","",,,,,"",,,,"HAHCareDataset.observation.value",0,1,"","","Observation.valueQuantity"
"HAHCareDataset.observation.textValue","HAHCareDataset.observation.textValue","","","",0,1,"","","","string {[]} {[]}
","文字結果","文字結果。[使用文字結果時填寫；不得與數值結果同時填入。]","","","","","","","","","",,,,,"",,,,"HAHCareDataset.observation.textValue",0,1,"","","Observation.valueString"
"HAHCareDataset.observation.absentReason","HAHCareDataset.observation.absentReason","","","",0,1,"","","","CodeableConcept {[]} {[]}
","缺值原因","缺值原因。[缺少結果時說明原因，不以零值取代。]","","","","","","","","","",,,,,"",,,,"HAHCareDataset.observation.absentReason",0,1,"","","Observation.dataAbsentReason"
"HAHCareDataset.observation.component","HAHCareDataset.observation.component","","","",0,*,"","","","BackboneElement {[]} {[]}
","同次量測組成值","同次量測組成值。[血壓等複合量測分別填入各組成結果；單項檢驗不用此欄位。]","","","","","","","","","",,,,,"",,,,"HAHCareDataset.observation.component",0,*,"","ele-1:All FHIR elements must have a @value or children {hasValue() or (children().count() > id.count())}
","Observation.component"
"HAHCareDataset.observation.component.id","HAHCareDataset.observation.component.id","","","",0,1,"","","","string {[]} {[]}
","Unique id for inter-element referencing","Unique id for the element within a resource (for internal references). This may be any string value that does not contain spaces.","","","","","","","","","",,,,,"",,,,"Element.id",0,1,"","","n/a"
"HAHCareDataset.observation.component.extension","HAHCareDataset.observation.component.extension","","extensions
user content","",0,*,"","","","Extension {[]} {[]}
","Additional content defined by implementations","May be used to represent additional information that is not part of the basic definition of the element. To make the use of extensions safe and manageable, there is a strict set of governance  applied to the definition and use of extensions. Though any implementer can define an extension, there is a set of requirements that SHALL be met as part of the definition of the extension.","There can be no stigma associated with the use of extensions by any application, project, or standard - regardless of the institution or jurisdiction that uses or defines the extensions.  The use of extensions is what allows the FHIR specification to retain a core level of simplicity for everyone.","","","","","","","","",,,,,"","value:url}
","Extensions are always sliced by (at least) url",,"open","Element.extension",0,*,"","ele-1:All FHIR elements must have a @value or children {hasValue() or (children().count() > id.count())}
ext-1:Must have either extensions or value[x], not both {extension.exists() != value.exists()}","n/a"
"HAHCareDataset.observation.component.modifierExtension","HAHCareDataset.observation.component.modifierExtension","","extensions
user contentmodifiers","",0,*,"","Y","Y","Extension {[]} {[]}
","Extensions that cannot be ignored even if unrecognized","May be used to represent additional information that is not part of the basic definition of the element and that modifies the understanding of the element in which it is contained and/or the understanding of the containing element's descendants. Usually modifier elements provide negation or qualification. To make the use of extensions safe and manageable, there is a strict set of governance applied to the definition and use of extensions. Though any implementer can define an extension, there is a set of requirements that SHALL be met as part of the definition of the extension. Applications processing a resource are required to check for modifier extensions.

Modifier extensions SHALL NOT change the meaning of any elements on Resource or DomainResource (including cannot change the meaning of modifierExtension itself).","There can be no stigma associated with the use of extensions by any application, project, or standard - regardless of the institution or jurisdiction that uses or defines the extensions.  The use of extensions is what allows the FHIR specification to retain a core level of simplicity for everyone.","Modifier extensions allow for extensions that *cannot* be safely ignored to be clearly distinguished from the vast majority of extensions which can be safely ignored.  This promotes interoperability by eliminating the need for implementers to prohibit the presence of extensions. For further information, see the [definition of modifier extensions](http://hl7.org/fhir/R4/extensibility.html#modifierExtension).","","","","","","","",,,,,"",,,,"BackboneElement.modifierExtension",0,*,"","ele-1:All FHIR elements must have a @value or children {hasValue() or (children().count() > id.count())}
ext-1:Must have either extensions or value[x], not both {extension.exists() != value.exists()}","N/A"
"HAHCareDataset.observation.component.code","HAHCareDataset.observation.component.code","","","",1,1,"","","","CodeableConcept {[]} {[]}
","組成項目","組成項目。[已知代碼時填 coding.system 及 coding.code，可用 text 補充說明。]","","","","","","","","","",,,,,"",,,,"HAHCareDataset.observation.component.code",1,1,"","","Observation.component.code"
"HAHCareDataset.observation.component.value","HAHCareDataset.observation.component.value","","","",1,1,"","","","Quantity {[]} {[]}
","組成數值","組成數值。[填入數值、單位及單位代碼系統。]","","","","","","","","","",,,,,"",,,,"HAHCareDataset.observation.component.value",1,1,"","","Observation.component.valueQuantity"
"HAHCareDataset.observation.device","HAHCareDataset.observation.device","","","",0,1,"","","","Reference {[]} {[CanonicalType[http://ltc-ig.fhir.tw/StructureDefinition/HAHDevice]]}
","量測設備","量測設備。[應填入對應的 HAHDevice Reference。]","","","","","","","","","",,,,,"",,,,"HAHCareDataset.observation.device",0,1,"","","Observation.device"
"HAHCareDataset.observation.encounter","HAHCareDataset.observation.encounter","","","",0,1,"","","","Reference {[]} {[CanonicalType[http://ltc-ig.fhir.tw/StructureDefinition/HAHEncounter]]}
","量測對應就診","量測對應就診。[應填入對應的 HAHEncounter Reference。]","","","","","","","","","",,,,,"",,,,"HAHCareDataset.observation.encounter",0,1,"","","Observation.encounter"
"HAHCareDataset.observation.specimen","HAHCareDataset.observation.specimen","","","",0,1,"","","","Reference {[]} {[CanonicalType[http://hl7.org/fhir/StructureDefinition/Specimen]]}
","檢體","檢體。[應填入對應的 Specimen Reference。]","","","","","","","","","",,,,,"",,,,"HAHCareDataset.observation.specimen",0,1,"","","Observation.specimen"
"HAHCareDataset.observation.referenceRange","HAHCareDataset.observation.referenceRange","","","",0,*,"","","","Range {[]} {[]}
","參考區間","參考區間。[依此欄位型態填入實際資料。]","","","","","","","","","",,,,,"",,,,"HAHCareDataset.observation.referenceRange",0,*,"","","Observation.referenceRange.low/high"
"HAHCareDataset.report","HAHCareDataset.report","","","",0,*,"","","","BackboneElement {[]} {[]}
","檢驗報告","檢驗報告。[以下欄位為此項資料的內嵌元素。]","","","","","","","","","",,,,,"",,,,"HAHCareDataset.report",0,*,"","ele-1:All FHIR elements must have a @value or children {hasValue() or (children().count() > id.count())}
","HAHDiagnosticReport"
"HAHCareDataset.report.id","HAHCareDataset.report.id","","","",0,1,"","","","string {[]} {[]}
","Unique id for inter-element referencing","Unique id for the element within a resource (for internal references). This may be any string value that does not contain spaces.","","","","","","","","","",,,,,"",,,,"Element.id",0,1,"","","n/a"
"HAHCareDataset.report.extension","HAHCareDataset.report.extension","","extensions
user content","",0,*,"","","","Extension {[]} {[]}
","Additional content defined by implementations","May be used to represent additional information that is not part of the basic definition of the element. To make the use of extensions safe and manageable, there is a strict set of governance  applied to the definition and use of extensions. Though any implementer can define an extension, there is a set of requirements that SHALL be met as part of the definition of the extension.","There can be no stigma associated with the use of extensions by any application, project, or standard - regardless of the institution or jurisdiction that uses or defines the extensions.  The use of extensions is what allows the FHIR specification to retain a core level of simplicity for everyone.","","","","","","","","",,,,,"","value:url}
","Extensions are always sliced by (at least) url",,"open","Element.extension",0,*,"","ele-1:All FHIR elements must have a @value or children {hasValue() or (children().count() > id.count())}
ext-1:Must have either extensions or value[x], not both {extension.exists() != value.exists()}","n/a"
"HAHCareDataset.report.modifierExtension","HAHCareDataset.report.modifierExtension","","extensions
user contentmodifiers","",0,*,"","Y","Y","Extension {[]} {[]}
","Extensions that cannot be ignored even if unrecognized","May be used to represent additional information that is not part of the basic definition of the element and that modifies the understanding of the element in which it is contained and/or the understanding of the containing element's descendants. Usually modifier elements provide negation or qualification. To make the use of extensions safe and manageable, there is a strict set of governance applied to the definition and use of extensions. Though any implementer can define an extension, there is a set of requirements that SHALL be met as part of the definition of the extension. Applications processing a resource are required to check for modifier extensions.

Modifier extensions SHALL NOT change the meaning of any elements on Resource or DomainResource (including cannot change the meaning of modifierExtension itself).","There can be no stigma associated with the use of extensions by any application, project, or standard - regardless of the institution or jurisdiction that uses or defines the extensions.  The use of extensions is what allows the FHIR specification to retain a core level of simplicity for everyone.","Modifier extensions allow for extensions that *cannot* be safely ignored to be clearly distinguished from the vast majority of extensions which can be safely ignored.  This promotes interoperability by eliminating the need for implementers to prohibit the presence of extensions. For further information, see the [definition of modifier extensions](http://hl7.org/fhir/R4/extensibility.html#modifierExtension).","","","","","","","",,,,,"",,,,"BackboneElement.modifierExtension",0,*,"","ele-1:All FHIR elements must have a @value or children {hasValue() or (children().count() > id.count())}
ext-1:Must have either extensions or value[x], not both {extension.exists() != value.exists()}","N/A"
"HAHCareDataset.report.identifier","HAHCareDataset.report.identifier","","","",0,*,"","","","Identifier {[]} {[]}
","報告識別碼","報告識別碼。[填入識別系統 system 與識別值 value。]","","","","","","","","","",,,,,"",,,,"HAHCareDataset.report.identifier",0,*,"","","DiagnosticReport.identifier"
"HAHCareDataset.report.code","HAHCareDataset.report.code","","","",1,1,"","","","CodeableConcept {[]} {[]}
","報告種類","報告種類。[已知代碼時填 coding.system 及 coding.code，可用 text 補充說明。]","","","","","","","","","",,,,,"",,,,"HAHCareDataset.report.code",1,1,"","","DiagnosticReport.code"
"HAHCareDataset.report.status","HAHCareDataset.report.status","","","",1,1,"","","","code {[]} {[]}
","報告狀態","報告狀態。[填入所綁定值集允許的代碼。]","","","","","","","","","",,"required","","http://hl7.org/fhir/ValueSet/diagnostic-report-status","",,,,"HAHCareDataset.report.status",1,1,"","","DiagnosticReport.status"
"HAHCareDataset.report.result","HAHCareDataset.report.result","","","",1,*,"","","","Reference {[]} {[CanonicalType[http://ltc-ig.fhir.tw/StructureDefinition/HAHObservationLab]]}
","單項結果","單項結果。[應填入對應的 HAHObservationLab Reference。]","","","","","","","","","",,,,,"",,,,"HAHCareDataset.report.result",1,*,"","","DiagnosticReport.result"
"HAHCareDataset.report.specimen","HAHCareDataset.report.specimen","","","",0,*,"","","","Reference {[]} {[CanonicalType[http://hl7.org/fhir/StructureDefinition/Specimen]]}
","檢體","檢體。[應填入對應的 Specimen Reference。]","","","","","","","","","",,,,,"",,,,"HAHCareDataset.report.specimen",0,*,"","","DiagnosticReport.specimen"
"HAHCareDataset.report.issued","HAHCareDataset.report.issued","","","",1,1,"","","","instant {[]} {[]}
","報告發布時間","報告發布時間。[依此欄位型態填入實際資料。]","","","","","","","","","",,,,,"",,,,"HAHCareDataset.report.issued",1,1,"","","DiagnosticReport.issued"
"HAHCareDataset.medicationOrder","HAHCareDataset.medicationOrder","","","",0,*,"","","","BackboneElement {[]} {[]}
","給藥處方","給藥處方。[以下欄位為此項資料的內嵌元素。]","","","","","","","","","",,,,,"",,,,"HAHCareDataset.medicationOrder",0,*,"","ele-1:All FHIR elements must have a @value or children {hasValue() or (children().count() > id.count())}
","HAHMedicationRequest"
"HAHCareDataset.medicationOrder.id","HAHCareDataset.medicationOrder.id","","","",0,1,"","","","string {[]} {[]}
","Unique id for inter-element referencing","Unique id for the element within a resource (for internal references). This may be any string value that does not contain spaces.","","","","","","","","","",,,,,"",,,,"Element.id",0,1,"","","n/a"
"HAHCareDataset.medicationOrder.extension","HAHCareDataset.medicationOrder.extension","","extensions
user content","",0,*,"","","","Extension {[]} {[]}
","Additional content defined by implementations","May be used to represent additional information that is not part of the basic definition of the element. To make the use of extensions safe and manageable, there is a strict set of governance  applied to the definition and use of extensions. Though any implementer can define an extension, there is a set of requirements that SHALL be met as part of the definition of the extension.","There can be no stigma associated with the use of extensions by any application, project, or standard - regardless of the institution or jurisdiction that uses or defines the extensions.  The use of extensions is what allows the FHIR specification to retain a core level of simplicity for everyone.","","","","","","","","",,,,,"","value:url}
","Extensions are always sliced by (at least) url",,"open","Element.extension",0,*,"","ele-1:All FHIR elements must have a @value or children {hasValue() or (children().count() > id.count())}
ext-1:Must have either extensions or value[x], not both {extension.exists() != value.exists()}","n/a"
"HAHCareDataset.medicationOrder.modifierExtension","HAHCareDataset.medicationOrder.modifierExtension","","extensions
user contentmodifiers","",0,*,"","Y","Y","Extension {[]} {[]}
","Extensions that cannot be ignored even if unrecognized","May be used to represent additional information that is not part of the basic definition of the element and that modifies the understanding of the element in which it is contained and/or the understanding of the containing element's descendants. Usually modifier elements provide negation or qualification. To make the use of extensions safe and manageable, there is a strict set of governance applied to the definition and use of extensions. Though any implementer can define an extension, there is a set of requirements that SHALL be met as part of the definition of the extension. Applications processing a resource are required to check for modifier extensions.

Modifier extensions SHALL NOT change the meaning of any elements on Resource or DomainResource (including cannot change the meaning of modifierExtension itself).","There can be no stigma associated with the use of extensions by any application, project, or standard - regardless of the institution or jurisdiction that uses or defines the extensions.  The use of extensions is what allows the FHIR specification to retain a core level of simplicity for everyone.","Modifier extensions allow for extensions that *cannot* be safely ignored to be clearly distinguished from the vast majority of extensions which can be safely ignored.  This promotes interoperability by eliminating the need for implementers to prohibit the presence of extensions. For further information, see the [definition of modifier extensions](http://hl7.org/fhir/R4/extensibility.html#modifierExtension).","","","","","","","",,,,,"",,,,"BackboneElement.modifierExtension",0,*,"","ele-1:All FHIR elements must have a @value or children {hasValue() or (children().count() > id.count())}
ext-1:Must have either extensions or value[x], not both {extension.exists() != value.exists()}","N/A"
"HAHCareDataset.medicationOrder.medication","HAHCareDataset.medicationOrder.medication","","","",1,1,"","","","CodeableConcept {[]} {[]}
","藥品","藥品。[已知代碼時填 coding.system 及 coding.code，可用 text 補充說明。]","","","","","","","","","",,,,,"",,,,"HAHCareDataset.medicationOrder.medication",1,1,"","","MedicationRequest.medicationCodeableConcept 或 medicationReference"
"HAHCareDataset.medicationOrder.status","HAHCareDataset.medicationOrder.status","","","",1,1,"","","","code {[]} {[]}
","處方狀態","處方狀態。[填入所綁定值集允許的代碼。]","","","","","","","","","",,"required","","http://hl7.org/fhir/ValueSet/medicationrequest-status","",,,,"HAHCareDataset.medicationOrder.status",1,1,"","","MedicationRequest.status"
"HAHCareDataset.medicationOrder.intent","HAHCareDataset.medicationOrder.intent","","","",1,1,"","","","code {[]} {[]}
","處方意圖","處方意圖。[填入所綁定值集允許的代碼。]","","","","","","","","","",,"required","","http://hl7.org/fhir/ValueSet/medicationrequest-intent","",,,,"HAHCareDataset.medicationOrder.intent",1,1,"","","MedicationRequest.intent"
"HAHCareDataset.medicationOrder.dosage","HAHCareDataset.medicationOrder.dosage","","","",1,*,"","","","Dosage {[]} {[]}
","劑量頻率與途徑","劑量頻率與途徑。[填入用法文字；已知的頻率、途徑、劑量及速率應分別填入 Dosage 子欄位。]","","","","","","","","","",,,,,"",,,,"HAHCareDataset.medicationOrder.dosage",1,*,"","","MedicationRequest.dosageInstruction"
"HAHCareDataset.medicationOrder.requester","HAHCareDataset.medicationOrder.requester","","","",1,1,"","","","Reference {[]} {[CanonicalType[http://hl7.org/fhir/StructureDefinition/Practitioner], CanonicalType[http://hl7.org/fhir/StructureDefinition/PractitionerRole]]}
","開立者","開立者。[應填入對應的 Practitioner／PractitionerRole Reference。]","","","","","","","","","",,,,,"",,,,"HAHCareDataset.medicationOrder.requester",1,1,"","","MedicationRequest.requester"
"HAHCareDataset.administration","HAHCareDataset.administration","","","",0,*,"","","","BackboneElement {[]} {[]}
","實際給藥","實際給藥。[以下欄位為此項資料的內嵌元素。]","","","","","","","","","",,,,,"",,,,"HAHCareDataset.administration",0,*,"","ele-1:All FHIR elements must have a @value or children {hasValue() or (children().count() > id.count())}
","HAHMedicationAdministration"
"HAHCareDataset.administration.id","HAHCareDataset.administration.id","","","",0,1,"","","","string {[]} {[]}
","Unique id for inter-element referencing","Unique id for the element within a resource (for internal references). This may be any string value that does not contain spaces.","","","","","","","","","",,,,,"",,,,"Element.id",0,1,"","","n/a"
"HAHCareDataset.administration.extension","HAHCareDataset.administration.extension","","extensions
user content","",0,*,"","","","Extension {[]} {[]}
","Additional content defined by implementations","May be used to represent additional information that is not part of the basic definition of the element. To make the use of extensions safe and manageable, there is a strict set of governance  applied to the definition and use of extensions. Though any implementer can define an extension, there is a set of requirements that SHALL be met as part of the definition of the extension.","There can be no stigma associated with the use of extensions by any application, project, or standard - regardless of the institution or jurisdiction that uses or defines the extensions.  The use of extensions is what allows the FHIR specification to retain a core level of simplicity for everyone.","","","","","","","","",,,,,"","value:url}
","Extensions are always sliced by (at least) url",,"open","Element.extension",0,*,"","ele-1:All FHIR elements must have a @value or children {hasValue() or (children().count() > id.count())}
ext-1:Must have either extensions or value[x], not both {extension.exists() != value.exists()}","n/a"
"HAHCareDataset.administration.modifierExtension","HAHCareDataset.administration.modifierExtension","","extensions
user contentmodifiers","",0,*,"","Y","Y","Extension {[]} {[]}
","Extensions that cannot be ignored even if unrecognized","May be used to represent additional information that is not part of the basic definition of the element and that modifies the understanding of the element in which it is contained and/or the understanding of the containing element's descendants. Usually modifier elements provide negation or qualification. To make the use of extensions safe and manageable, there is a strict set of governance applied to the definition and use of extensions. Though any implementer can define an extension, there is a set of requirements that SHALL be met as part of the definition of the extension. Applications processing a resource are required to check for modifier extensions.

Modifier extensions SHALL NOT change the meaning of any elements on Resource or DomainResource (including cannot change the meaning of modifierExtension itself).","There can be no stigma associated with the use of extensions by any application, project, or standard - regardless of the institution or jurisdiction that uses or defines the extensions.  The use of extensions is what allows the FHIR specification to retain a core level of simplicity for everyone.","Modifier extensions allow for extensions that *cannot* be safely ignored to be clearly distinguished from the vast majority of extensions which can be safely ignored.  This promotes interoperability by eliminating the need for implementers to prohibit the presence of extensions. For further information, see the [definition of modifier extensions](http://hl7.org/fhir/R4/extensibility.html#modifierExtension).","","","","","","","",,,,,"",,,,"BackboneElement.modifierExtension",0,*,"","ele-1:All FHIR elements must have a @value or children {hasValue() or (children().count() > id.count())}
ext-1:Must have either extensions or value[x], not both {extension.exists() != value.exists()}","N/A"
"HAHCareDataset.administration.request","HAHCareDataset.administration.request","","","",1,1,"","","","Reference {[]} {[CanonicalType[http://ltc-ig.fhir.tw/StructureDefinition/HAHMedicationRequest]]}
","對應處方","對應處方。[應填入對應的 HAHMedicationRequest Reference。]","","","","","","","","","",,,,,"",,,,"HAHCareDataset.administration.request",1,1,"","","MedicationAdministration.request"
"HAHCareDataset.administration.status","HAHCareDataset.administration.status","","","",1,1,"","","","code {[]} {[]}
","給藥狀態","給藥狀態。[填入所綁定值集允許的代碼。]","","","","","","","","","",,"required","","http://hl7.org/fhir/ValueSet/medication-admin-status","",,,,"HAHCareDataset.administration.status",1,1,"","","MedicationAdministration.status"
"HAHCareDataset.administration.reason","HAHCareDataset.administration.reason","","","",0,*,"","","","CodeableConcept {[]} {[]}
","未給藥或停止原因","未給藥或停止原因。[未給藥或停止時填入原因。]","","","","","","","","","",,,,,"",,,,"HAHCareDataset.administration.reason",0,*,"","","MedicationAdministration.statusReason"
"HAHCareDataset.administration.time","HAHCareDataset.administration.time","","","",0,1,"","","","dateTime {[]} {[]}
","單次給藥時間","單次給藥時間。[單次給藥填實際時間；持續輸注改填期間。]","","","","","","","","","",,,,,"",,,,"HAHCareDataset.administration.time",0,1,"","","MedicationAdministration.effectiveDateTime"
"HAHCareDataset.administration.period","HAHCareDataset.administration.period","","","",0,1,"","","","Period {[]} {[]}
","輸注期間","輸注期間。[持續輸注填實際起訖期間，不能用排程代替。]","","","","","","","","","",,,,,"",,,,"HAHCareDataset.administration.period",0,1,"","","MedicationAdministration.effectivePeriod"
"HAHCareDataset.administration.dose","HAHCareDataset.administration.dose","","","",0,1,"","","","Quantity {[]} {[]}
","給藥劑量","給藥劑量。[填實際劑量及單位；尚未給藥時不強填零值。]","","","","","","","","","",,,,,"",,,,"HAHCareDataset.administration.dose",0,1,"","","MedicationAdministration.dosage.dose"
"HAHCareDataset.administration.rate","HAHCareDataset.administration.rate","","","",0,1,"","","","Quantity {[]} {[]}
","給藥速率","給藥速率。[填輸注速率與單位，例如 mL/h；不代表處方建議。]","","","","","","","","","",,,,,"",,,,"HAHCareDataset.administration.rate",0,1,"","","MedicationAdministration.dosage.rateQuantity"
"HAHCareDataset.administration.route","HAHCareDataset.administration.route","","","",0,1,"","","","CodeableConcept {[]} {[]}
","給藥途徑","給藥途徑。[已知代碼時填 coding.system 及 coding.code，可用 text 補充說明。]","","","","","","","","","",,,,,"",,,,"HAHCareDataset.administration.route",0,1,"","","MedicationAdministration.dosage.route"
"HAHCareDataset.assessment","HAHCareDataset.assessment","","","",0,*,"","","","BackboneElement {[]} {[]}
","臨床評估","臨床評估。[以下欄位為此項資料的內嵌元素。]","","","","","","","","","",,,,,"",,,,"HAHCareDataset.assessment",0,*,"","ele-1:All FHIR elements must have a @value or children {hasValue() or (children().count() > id.count())}
","HAHClinicalImpression"
"HAHCareDataset.assessment.id","HAHCareDataset.assessment.id","","","",0,1,"","","","string {[]} {[]}
","Unique id for inter-element referencing","Unique id for the element within a resource (for internal references). This may be any string value that does not contain spaces.","","","","","","","","","",,,,,"",,,,"Element.id",0,1,"","","n/a"
"HAHCareDataset.assessment.extension","HAHCareDataset.assessment.extension","","extensions
user content","",0,*,"","","","Extension {[]} {[]}
","Additional content defined by implementations","May be used to represent additional information that is not part of the basic definition of the element. To make the use of extensions safe and manageable, there is a strict set of governance  applied to the definition and use of extensions. Though any implementer can define an extension, there is a set of requirements that SHALL be met as part of the definition of the extension.","There can be no stigma associated with the use of extensions by any application, project, or standard - regardless of the institution or jurisdiction that uses or defines the extensions.  The use of extensions is what allows the FHIR specification to retain a core level of simplicity for everyone.","","","","","","","","",,,,,"","value:url}
","Extensions are always sliced by (at least) url",,"open","Element.extension",0,*,"","ele-1:All FHIR elements must have a @value or children {hasValue() or (children().count() > id.count())}
ext-1:Must have either extensions or value[x], not both {extension.exists() != value.exists()}","n/a"
"HAHCareDataset.assessment.modifierExtension","HAHCareDataset.assessment.modifierExtension","","extensions
user contentmodifiers","",0,*,"","Y","Y","Extension {[]} {[]}
","Extensions that cannot be ignored even if unrecognized","May be used to represent additional information that is not part of the basic definition of the element and that modifies the understanding of the element in which it is contained and/or the understanding of the containing element's descendants. Usually modifier elements provide negation or qualification. To make the use of extensions safe and manageable, there is a strict set of governance applied to the definition and use of extensions. Though any implementer can define an extension, there is a set of requirements that SHALL be met as part of the definition of the extension. Applications processing a resource are required to check for modifier extensions.

Modifier extensions SHALL NOT change the meaning of any elements on Resource or DomainResource (including cannot change the meaning of modifierExtension itself).","There can be no stigma associated with the use of extensions by any application, project, or standard - regardless of the institution or jurisdiction that uses or defines the extensions.  The use of extensions is what allows the FHIR specification to retain a core level of simplicity for everyone.","Modifier extensions allow for extensions that *cannot* be safely ignored to be clearly distinguished from the vast majority of extensions which can be safely ignored.  This promotes interoperability by eliminating the need for implementers to prohibit the presence of extensions. For further information, see the [definition of modifier extensions](http://hl7.org/fhir/R4/extensibility.html#modifierExtension).","","","","","","","",,,,,"",,,,"BackboneElement.modifierExtension",0,*,"","ele-1:All FHIR elements must have a @value or children {hasValue() or (children().count() > id.count())}
ext-1:Must have either extensions or value[x], not both {extension.exists() != value.exists()}","N/A"
"HAHCareDataset.assessment.summary","HAHCareDataset.assessment.summary","","","",1,1,"","","","string {[]} {[]}
","評估摘要","評估摘要。[以文字記錄整體判斷，並參照相關診斷、檢驗與措施。]","","","","","","","","","",,,,,"",,,,"HAHCareDataset.assessment.summary",1,1,"","","ClinicalImpression.summary"
"HAHCareDataset.assessment.assessor","HAHCareDataset.assessment.assessor","","","",1,1,"","","","Reference {[]} {[CanonicalType[http://hl7.org/fhir/StructureDefinition/Practitioner], CanonicalType[http://hl7.org/fhir/StructureDefinition/PractitionerRole]]}
","評估人員","評估人員。[應填入對應的 Practitioner／PractitionerRole Reference。]","","","","","","","","","",,,,,"",,,,"HAHCareDataset.assessment.assessor",1,1,"","","ClinicalImpression.assessor"
"HAHCareDataset.assessment.time","HAHCareDataset.assessment.time","","","",1,1,"","","","dateTime {[]} {[]}
","評估時間","評估時間。[填入實際時間；包含時分時須提供時區。]","","","","","","","","","",,,,,"",,,,"HAHCareDataset.assessment.time",1,1,"","","ClinicalImpression.effectiveDateTime"
"HAHCareDataset.assessment.support","HAHCareDataset.assessment.support","","","",0,*,"","","","Reference {[]} {[CanonicalType[http://hl7.org/fhir/StructureDefinition/Resource]]}
","支持證據","支持證據。[應填入對應的 Resource Reference。]","","","","","","","","","",,,,,"",,,,"HAHCareDataset.assessment.support",0,*,"","","ClinicalImpression.supportingInfo"
"HAHCareDataset.procedure","HAHCareDataset.procedure","","","",0,*,"","","","BackboneElement {[]} {[]}
","已執行處置","已執行處置。[以下欄位為此項資料的內嵌元素。]","","","","","","","","","",,,,,"",,,,"HAHCareDataset.procedure",0,*,"","ele-1:All FHIR elements must have a @value or children {hasValue() or (children().count() > id.count())}
","HAHProcedure"
"HAHCareDataset.procedure.id","HAHCareDataset.procedure.id","","","",0,1,"","","","string {[]} {[]}
","Unique id for inter-element referencing","Unique id for the element within a resource (for internal references). This may be any string value that does not contain spaces.","","","","","","","","","",,,,,"",,,,"Element.id",0,1,"","","n/a"
"HAHCareDataset.procedure.extension","HAHCareDataset.procedure.extension","","extensions
user content","",0,*,"","","","Extension {[]} {[]}
","Additional content defined by implementations","May be used to represent additional information that is not part of the basic definition of the element. To make the use of extensions safe and manageable, there is a strict set of governance  applied to the definition and use of extensions. Though any implementer can define an extension, there is a set of requirements that SHALL be met as part of the definition of the extension.","There can be no stigma associated with the use of extensions by any application, project, or standard - regardless of the institution or jurisdiction that uses or defines the extensions.  The use of extensions is what allows the FHIR specification to retain a core level of simplicity for everyone.","","","","","","","","",,,,,"","value:url}
","Extensions are always sliced by (at least) url",,"open","Element.extension",0,*,"","ele-1:All FHIR elements must have a @value or children {hasValue() or (children().count() > id.count())}
ext-1:Must have either extensions or value[x], not both {extension.exists() != value.exists()}","n/a"
"HAHCareDataset.procedure.modifierExtension","HAHCareDataset.procedure.modifierExtension","","extensions
user contentmodifiers","",0,*,"","Y","Y","Extension {[]} {[]}
","Extensions that cannot be ignored even if unrecognized","May be used to represent additional information that is not part of the basic definition of the element and that modifies the understanding of the element in which it is contained and/or the understanding of the containing element's descendants. Usually modifier elements provide negation or qualification. To make the use of extensions safe and manageable, there is a strict set of governance applied to the definition and use of extensions. Though any implementer can define an extension, there is a set of requirements that SHALL be met as part of the definition of the extension. Applications processing a resource are required to check for modifier extensions.

Modifier extensions SHALL NOT change the meaning of any elements on Resource or DomainResource (including cannot change the meaning of modifierExtension itself).","There can be no stigma associated with the use of extensions by any application, project, or standard - regardless of the institution or jurisdiction that uses or defines the extensions.  The use of extensions is what allows the FHIR specification to retain a core level of simplicity for everyone.","Modifier extensions allow for extensions that *cannot* be safely ignored to be clearly distinguished from the vast majority of extensions which can be safely ignored.  This promotes interoperability by eliminating the need for implementers to prohibit the presence of extensions. For further information, see the [definition of modifier extensions](http://hl7.org/fhir/R4/extensibility.html#modifierExtension).","","","","","","","",,,,,"",,,,"BackboneElement.modifierExtension",0,*,"","ele-1:All FHIR elements must have a @value or children {hasValue() or (children().count() > id.count())}
ext-1:Must have either extensions or value[x], not both {extension.exists() != value.exists()}","N/A"
"HAHCareDataset.procedure.code","HAHCareDataset.procedure.code","","","",1,1,"","","","CodeableConcept {[]} {[]}
","處置項目","處置項目。[已知代碼時填 coding.system 及 coding.code，可用 text 補充說明。]","","","","","","","","","",,,,,"",,,,"HAHCareDataset.procedure.code",1,1,"","","Procedure.code"
"HAHCareDataset.procedure.status","HAHCareDataset.procedure.status","","","",1,1,"","","","code {[]} {[]}
","處置狀態","處置狀態。[填入所綁定值集允許的代碼。]","","","","","","","","","",,"required","","http://hl7.org/fhir/ValueSet/event-status","",,,,"HAHCareDataset.procedure.status",1,1,"","","Procedure.status"
"HAHCareDataset.procedure.period","HAHCareDataset.procedure.period","","","",0,1,"","","","Period {[]} {[]}
","執行期間","執行期間。[使用 start、end 填入起訖時間；尚未結束時不預填實際結束時間。]","","","","","","","","","",,,,,"",,,,"HAHCareDataset.procedure.period",0,1,"","","Procedure.performedPeriod"
"HAHCareDataset.procedure.performer","HAHCareDataset.procedure.performer","","","",1,*,"","","","Reference {[]} {[CanonicalType[http://hl7.org/fhir/StructureDefinition/Practitioner], CanonicalType[http://hl7.org/fhir/StructureDefinition/PractitionerRole]]}
","執行人員","執行人員。[應填入對應的 Practitioner／PractitionerRole Reference。]","","","","","","","","","",,,,,"",,,,"HAHCareDataset.procedure.performer",1,*,"","","Procedure.performer.actor"
"HAHCareDataset.procedure.outcome","HAHCareDataset.procedure.outcome","","","",0,1,"","","","CodeableConcept {[]} {[]}
","處置結果","處置結果。[已知代碼時填 coding.system 及 coding.code，可用 text 補充說明。]","","","","","","","","","",,,,,"",,,,"HAHCareDataset.procedure.outcome",0,1,"","","Procedure.outcome"
"HAHCareDataset.allergy","HAHCareDataset.allergy","","","",0,*,"","","","BackboneElement {[]} {[]}
","過敏資訊","過敏資訊。[以下欄位為此項資料的內嵌元素。]","","","","","","","","","",,,,,"",,,,"HAHCareDataset.allergy",0,*,"","ele-1:All FHIR elements must have a @value or children {hasValue() or (children().count() > id.count())}
","HAHAllergyIntolerance"
"HAHCareDataset.allergy.id","HAHCareDataset.allergy.id","","","",0,1,"","","","string {[]} {[]}
","Unique id for inter-element referencing","Unique id for the element within a resource (for internal references). This may be any string value that does not contain spaces.","","","","","","","","","",,,,,"",,,,"Element.id",0,1,"","","n/a"
"HAHCareDataset.allergy.extension","HAHCareDataset.allergy.extension","","extensions
user content","",0,*,"","","","Extension {[]} {[]}
","Additional content defined by implementations","May be used to represent additional information that is not part of the basic definition of the element. To make the use of extensions safe and manageable, there is a strict set of governance  applied to the definition and use of extensions. Though any implementer can define an extension, there is a set of requirements that SHALL be met as part of the definition of the extension.","There can be no stigma associated with the use of extensions by any application, project, or standard - regardless of the institution or jurisdiction that uses or defines the extensions.  The use of extensions is what allows the FHIR specification to retain a core level of simplicity for everyone.","","","","","","","","",,,,,"","value:url}
","Extensions are always sliced by (at least) url",,"open","Element.extension",0,*,"","ele-1:All FHIR elements must have a @value or children {hasValue() or (children().count() > id.count())}
ext-1:Must have either extensions or value[x], not both {extension.exists() != value.exists()}","n/a"
"HAHCareDataset.allergy.modifierExtension","HAHCareDataset.allergy.modifierExtension","","extensions
user contentmodifiers","",0,*,"","Y","Y","Extension {[]} {[]}
","Extensions that cannot be ignored even if unrecognized","May be used to represent additional information that is not part of the basic definition of the element and that modifies the understanding of the element in which it is contained and/or the understanding of the containing element's descendants. Usually modifier elements provide negation or qualification. To make the use of extensions safe and manageable, there is a strict set of governance applied to the definition and use of extensions. Though any implementer can define an extension, there is a set of requirements that SHALL be met as part of the definition of the extension. Applications processing a resource are required to check for modifier extensions.

Modifier extensions SHALL NOT change the meaning of any elements on Resource or DomainResource (including cannot change the meaning of modifierExtension itself).","There can be no stigma associated with the use of extensions by any application, project, or standard - regardless of the institution or jurisdiction that uses or defines the extensions.  The use of extensions is what allows the FHIR specification to retain a core level of simplicity for everyone.","Modifier extensions allow for extensions that *cannot* be safely ignored to be clearly distinguished from the vast majority of extensions which can be safely ignored.  This promotes interoperability by eliminating the need for implementers to prohibit the presence of extensions. For further information, see the [definition of modifier extensions](http://hl7.org/fhir/R4/extensibility.html#modifierExtension).","","","","","","","",,,,,"",,,,"BackboneElement.modifierExtension",0,*,"","ele-1:All FHIR elements must have a @value or children {hasValue() or (children().count() > id.count())}
ext-1:Must have either extensions or value[x], not both {extension.exists() != value.exists()}","N/A"
"HAHCareDataset.allergy.substance","HAHCareDataset.allergy.substance","","","",1,1,"","","","CodeableConcept {[]} {[]}
","物質或過敏狀態","物質或過敏狀態。[已知代碼時填 coding.system 及 coding.code，可用 text 補充說明。]","","","","","","","","","",,,,,"",,,,"HAHCareDataset.allergy.substance",1,1,"","","AllergyIntolerance.code"
"HAHCareDataset.allergy.verification","HAHCareDataset.allergy.verification","","","",1,1,"","","","CodeableConcept {[]} {[]}
","確認狀態","確認狀態。[已知代碼時填 coding.system 及 coding.code，可用 text 補充說明。]","","","","","","","","","",,,,,"",,,,"HAHCareDataset.allergy.verification",1,1,"","","AllergyIntolerance.verificationStatus"
"HAHCareDataset.allergy.manifestation","HAHCareDataset.allergy.manifestation","","","",0,*,"","","","CodeableConcept {[]} {[]}
","反應表現","反應表現。[已知代碼時填 coding.system 及 coding.code，可用 text 補充說明。]","","","","","","","","","",,,,,"",,,,"HAHCareDataset.allergy.manifestation",0,*,"","","AllergyIntolerance.reaction.manifestation"
"HAHCareDataset.consent","HAHCareDataset.consent","","","",0,*,"","","","BackboneElement {[]} {[]}
","照護同意","照護同意。[以下欄位為此項資料的內嵌元素。]","","","","","","","","","",,,,,"",,,,"HAHCareDataset.consent",0,*,"","ele-1:All FHIR elements must have a @value or children {hasValue() or (children().count() > id.count())}
","HAHConsent"
"HAHCareDataset.consent.id","HAHCareDataset.consent.id","","","",0,1,"","","","string {[]} {[]}
","Unique id for inter-element referencing","Unique id for the element within a resource (for internal references). This may be any string value that does not contain spaces.","","","","","","","","","",,,,,"",,,,"Element.id",0,1,"","","n/a"
"HAHCareDataset.consent.extension","HAHCareDataset.consent.extension","","extensions
user content","",0,*,"","","","Extension {[]} {[]}
","Additional content defined by implementations","May be used to represent additional information that is not part of the basic definition of the element. To make the use of extensions safe and manageable, there is a strict set of governance  applied to the definition and use of extensions. Though any implementer can define an extension, there is a set of requirements that SHALL be met as part of the definition of the extension.","There can be no stigma associated with the use of extensions by any application, project, or standard - regardless of the institution or jurisdiction that uses or defines the extensions.  The use of extensions is what allows the FHIR specification to retain a core level of simplicity for everyone.","","","","","","","","",,,,,"","value:url}
","Extensions are always sliced by (at least) url",,"open","Element.extension",0,*,"","ele-1:All FHIR elements must have a @value or children {hasValue() or (children().count() > id.count())}
ext-1:Must have either extensions or value[x], not both {extension.exists() != value.exists()}","n/a"
"HAHCareDataset.consent.modifierExtension","HAHCareDataset.consent.modifierExtension","","extensions
user contentmodifiers","",0,*,"","Y","Y","Extension {[]} {[]}
","Extensions that cannot be ignored even if unrecognized","May be used to represent additional information that is not part of the basic definition of the element and that modifies the understanding of the element in which it is contained and/or the understanding of the containing element's descendants. Usually modifier elements provide negation or qualification. To make the use of extensions safe and manageable, there is a strict set of governance applied to the definition and use of extensions. Though any implementer can define an extension, there is a set of requirements that SHALL be met as part of the definition of the extension. Applications processing a resource are required to check for modifier extensions.

Modifier extensions SHALL NOT change the meaning of any elements on Resource or DomainResource (including cannot change the meaning of modifierExtension itself).","There can be no stigma associated with the use of extensions by any application, project, or standard - regardless of the institution or jurisdiction that uses or defines the extensions.  The use of extensions is what allows the FHIR specification to retain a core level of simplicity for everyone.","Modifier extensions allow for extensions that *cannot* be safely ignored to be clearly distinguished from the vast majority of extensions which can be safely ignored.  This promotes interoperability by eliminating the need for implementers to prohibit the presence of extensions. For further information, see the [definition of modifier extensions](http://hl7.org/fhir/R4/extensibility.html#modifierExtension).","","","","","","","",,,,,"",,,,"BackboneElement.modifierExtension",0,*,"","ele-1:All FHIR elements must have a @value or children {hasValue() or (children().count() > id.count())}
ext-1:Must have either extensions or value[x], not both {extension.exists() != value.exists()}","N/A"
"HAHCareDataset.consent.status","HAHCareDataset.consent.status","","","",1,1,"","","","code {[]} {[]}
","同意狀態","同意狀態。[填入所綁定值集允許的代碼。]","","","","","","","","","",,"required","","http://hl7.org/fhir/ValueSet/consent-state-codes","",,,,"HAHCareDataset.consent.status",1,1,"","","Consent.status"
"HAHCareDataset.consent.scope","HAHCareDataset.consent.scope","","","",1,1,"","","","CodeableConcept {[]} {[]}
","同意範圍","同意範圍。[已知代碼時填 coding.system 及 coding.code，可用 text 補充說明。]","","","","","","","","","",,,,,"",,,,"HAHCareDataset.consent.scope",1,1,"","","Consent.scope"
"HAHCareDataset.consent.source","HAHCareDataset.consent.source","","","",1,1,"","","","Reference {[]} {[CanonicalType[http://ltc-ig.fhir.tw/StructureDefinition/HAHDocumentReference]]}
","來源文件","來源文件。[參照記錄原始同意文件的 DocumentReference。]","","","","","","","","","",,,,,"",,,,"HAHCareDataset.consent.source",1,1,"","","Consent.sourceReference"
"HAHCareDataset.communication","HAHCareDataset.communication","","","",0,*,"","","","BackboneElement {[]} {[]}
","照會與交班","照會與交班。[以下欄位為此項資料的內嵌元素。]","","","","","","","","","",,,,,"",,,,"HAHCareDataset.communication",0,*,"","ele-1:All FHIR elements must have a @value or children {hasValue() or (children().count() > id.count())}
","HAHCommunication"
"HAHCareDataset.communication.id","HAHCareDataset.communication.id","","","",0,1,"","","","string {[]} {[]}
","Unique id for inter-element referencing","Unique id for the element within a resource (for internal references). This may be any string value that does not contain spaces.","","","","","","","","","",,,,,"",,,,"Element.id",0,1,"","","n/a"
"HAHCareDataset.communication.extension","HAHCareDataset.communication.extension","","extensions
user content","",0,*,"","","","Extension {[]} {[]}
","Additional content defined by implementations","May be used to represent additional information that is not part of the basic definition of the element. To make the use of extensions safe and manageable, there is a strict set of governance  applied to the definition and use of extensions. Though any implementer can define an extension, there is a set of requirements that SHALL be met as part of the definition of the extension.","There can be no stigma associated with the use of extensions by any application, project, or standard - regardless of the institution or jurisdiction that uses or defines the extensions.  The use of extensions is what allows the FHIR specification to retain a core level of simplicity for everyone.","","","","","","","","",,,,,"","value:url}
","Extensions are always sliced by (at least) url",,"open","Element.extension",0,*,"","ele-1:All FHIR elements must have a @value or children {hasValue() or (children().count() > id.count())}
ext-1:Must have either extensions or value[x], not both {extension.exists() != value.exists()}","n/a"
"HAHCareDataset.communication.modifierExtension","HAHCareDataset.communication.modifierExtension","","extensions
user contentmodifiers","",0,*,"","Y","Y","Extension {[]} {[]}
","Extensions that cannot be ignored even if unrecognized","May be used to represent additional information that is not part of the basic definition of the element and that modifies the understanding of the element in which it is contained and/or the understanding of the containing element's descendants. Usually modifier elements provide negation or qualification. To make the use of extensions safe and manageable, there is a strict set of governance applied to the definition and use of extensions. Though any implementer can define an extension, there is a set of requirements that SHALL be met as part of the definition of the extension. Applications processing a resource are required to check for modifier extensions.

Modifier extensions SHALL NOT change the meaning of any elements on Resource or DomainResource (including cannot change the meaning of modifierExtension itself).","There can be no stigma associated with the use of extensions by any application, project, or standard - regardless of the institution or jurisdiction that uses or defines the extensions.  The use of extensions is what allows the FHIR specification to retain a core level of simplicity for everyone.","Modifier extensions allow for extensions that *cannot* be safely ignored to be clearly distinguished from the vast majority of extensions which can be safely ignored.  This promotes interoperability by eliminating the need for implementers to prohibit the presence of extensions. For further information, see the [definition of modifier extensions](http://hl7.org/fhir/R4/extensibility.html#modifierExtension).","","","","","","","",,,,,"",,,,"BackboneElement.modifierExtension",0,*,"","ele-1:All FHIR elements must have a @value or children {hasValue() or (children().count() > id.count())}
ext-1:Must have either extensions or value[x], not both {extension.exists() != value.exists()}","N/A"
"HAHCareDataset.communication.category","HAHCareDataset.communication.category","","","",1,*,"","","","CodeableConcept {[]} {[]}
","溝通類型","溝通類型。[已知代碼時填 coding.system 及 coding.code，可用 text 補充說明。]","","","","","","","","","",,,,,"",,,,"HAHCareDataset.communication.category",1,*,"","","Communication.category"
"HAHCareDataset.communication.sender","HAHCareDataset.communication.sender","","","",1,1,"","","","Reference {[]} {[CanonicalType[http://hl7.org/fhir/StructureDefinition/Practitioner], CanonicalType[http://hl7.org/fhir/StructureDefinition/PractitionerRole], CanonicalType[http://hl7.org/fhir/StructureDefinition/Organization], CanonicalType[http://hl7.org/fhir/StructureDefinition/RelatedPerson]]}
","發送者","發送者。[應填入對應的 Practitioner／PractitionerRole／Organization／RelatedPerson Reference。]","","","","","","","","","",,,,,"",,,,"HAHCareDataset.communication.sender",1,1,"","","Communication.sender"
"HAHCareDataset.communication.recipient","HAHCareDataset.communication.recipient","","","",1,*,"","","","Reference {[]} {[CanonicalType[http://hl7.org/fhir/StructureDefinition/Resource]]}
","接收者","接收者。[應填入對應的 Resource Reference。]","","","","","","","","","",,,,,"",,,,"HAHCareDataset.communication.recipient",1,*,"","","Communication.recipient"
"HAHCareDataset.communication.sent","HAHCareDataset.communication.sent","","","",1,1,"","","","dateTime {[]} {[]}
","發送時間","發送時間。[填入實際時間；包含時分時須提供時區。]","","","","","","","","","",,,,,"",,,,"HAHCareDataset.communication.sent",1,1,"","","Communication.sent"
"HAHCareDataset.communication.content","HAHCareDataset.communication.content","","","",1,*,"","","","string {[]} {[]}
","內容","內容。[填入交班或照會內容；需結構化的診斷及醫囑另建資源。]","","","","","","","","","",,,,,"",,,,"HAHCareDataset.communication.content",1,*,"","","Communication.payload.contentString"
"HAHCareDataset.communication.request","HAHCareDataset.communication.request","","","",0,*,"","","","Reference {[]} {[CanonicalType[http://ltc-ig.fhir.tw/StructureDefinition/HAHServiceRequest]]}
","依據請求","依據請求。[應填入對應的 HAHServiceRequest Reference。]","","","","","","","","","",,,,,"",,,,"HAHCareDataset.communication.request",0,*,"","","Communication.basedOn"
"HAHCareDataset.task","HAHCareDataset.task","","","",0,*,"","","","BackboneElement {[]} {[]}
","照護工作","照護工作。[以下欄位為此項資料的內嵌元素。]","","","","","","","","","",,,,,"",,,,"HAHCareDataset.task",0,*,"","ele-1:All FHIR elements must have a @value or children {hasValue() or (children().count() > id.count())}
","HAHVisitTask"
"HAHCareDataset.task.id","HAHCareDataset.task.id","","","",0,1,"","","","string {[]} {[]}
","Unique id for inter-element referencing","Unique id for the element within a resource (for internal references). This may be any string value that does not contain spaces.","","","","","","","","","",,,,,"",,,,"Element.id",0,1,"","","n/a"
"HAHCareDataset.task.extension","HAHCareDataset.task.extension","","extensions
user content","",0,*,"","","","Extension {[]} {[]}
","Additional content defined by implementations","May be used to represent additional information that is not part of the basic definition of the element. To make the use of extensions safe and manageable, there is a strict set of governance  applied to the definition and use of extensions. Though any implementer can define an extension, there is a set of requirements that SHALL be met as part of the definition of the extension.","There can be no stigma associated with the use of extensions by any application, project, or standard - regardless of the institution or jurisdiction that uses or defines the extensions.  The use of extensions is what allows the FHIR specification to retain a core level of simplicity for everyone.","","","","","","","","",,,,,"","value:url}
","Extensions are always sliced by (at least) url",,"open","Element.extension",0,*,"","ele-1:All FHIR elements must have a @value or children {hasValue() or (children().count() > id.count())}
ext-1:Must have either extensions or value[x], not both {extension.exists() != value.exists()}","n/a"
"HAHCareDataset.task.modifierExtension","HAHCareDataset.task.modifierExtension","","extensions
user contentmodifiers","",0,*,"","Y","Y","Extension {[]} {[]}
","Extensions that cannot be ignored even if unrecognized","May be used to represent additional information that is not part of the basic definition of the element and that modifies the understanding of the element in which it is contained and/or the understanding of the containing element's descendants. Usually modifier elements provide negation or qualification. To make the use of extensions safe and manageable, there is a strict set of governance applied to the definition and use of extensions. Though any implementer can define an extension, there is a set of requirements that SHALL be met as part of the definition of the extension. Applications processing a resource are required to check for modifier extensions.

Modifier extensions SHALL NOT change the meaning of any elements on Resource or DomainResource (including cannot change the meaning of modifierExtension itself).","There can be no stigma associated with the use of extensions by any application, project, or standard - regardless of the institution or jurisdiction that uses or defines the extensions.  The use of extensions is what allows the FHIR specification to retain a core level of simplicity for everyone.","Modifier extensions allow for extensions that *cannot* be safely ignored to be clearly distinguished from the vast majority of extensions which can be safely ignored.  This promotes interoperability by eliminating the need for implementers to prohibit the presence of extensions. For further information, see the [definition of modifier extensions](http://hl7.org/fhir/R4/extensibility.html#modifierExtension).","","","","","","","",,,,,"",,,,"BackboneElement.modifierExtension",0,*,"","ele-1:All FHIR elements must have a @value or children {hasValue() or (children().count() > id.count())}
ext-1:Must have either extensions or value[x], not both {extension.exists() != value.exists()}","N/A"
"HAHCareDataset.task.code","HAHCareDataset.task.code","","","",1,1,"","","","CodeableConcept {[]} {[]}
","工作類型","工作類型。[已知代碼時填 coding.system 及 coding.code，可用 text 補充說明。]","","","","","","","","","",,,,,"",,,,"HAHCareDataset.task.code",1,1,"","","Task.code"
"HAHCareDataset.task.status","HAHCareDataset.task.status","","","",1,1,"","","","code {[]} {[]}
","工作狀態","工作狀態。[填入所綁定值集允許的代碼。]","","","","","","","","","",,"required","","http://hl7.org/fhir/ValueSet/task-status","",,,,"HAHCareDataset.task.status",1,1,"","","Task.status"
"HAHCareDataset.task.owner","HAHCareDataset.task.owner","","","",1,1,"","","","Reference {[]} {[CanonicalType[http://hl7.org/fhir/StructureDefinition/Practitioner], CanonicalType[http://hl7.org/fhir/StructureDefinition/PractitionerRole], CanonicalType[http://hl7.org/fhir/StructureDefinition/Organization], CanonicalType[http://hl7.org/fhir/StructureDefinition/CareTeam]]}
","負責人或團隊","負責人或團隊。[應填入對應的 Practitioner／PractitionerRole／Organization／CareTeam Reference。]","","","","","","","","","",,,,,"",,,,"HAHCareDataset.task.owner",1,1,"","","Task.owner"
"HAHCareDataset.task.scheduled","HAHCareDataset.task.scheduled","","","",0,1,"","","","Period {[]} {[]}
","預定執行期限","預定執行期限。[填預計執行的時間範圍，不當作已完成紀錄。]","","","","","","","","","",,,,,"",,,,"HAHCareDataset.task.scheduled",0,1,"","","Task.restriction.period"
"HAHCareDataset.task.actual","HAHCareDataset.task.actual","","","",0,1,"","","","Period {[]} {[]}
","實際執行期間","實際執行期間。[填實際開始與結束時間；已完成工作兩者均須有值。]","","","","","","","","","",,,,,"",,,,"HAHCareDataset.task.actual",0,1,"","","Task.executionPeriod"
"HAHCareDataset.task.location","HAHCareDataset.task.location","","","",0,1,"","","","Reference {[]} {[CanonicalType[http://hl7.org/fhir/StructureDefinition/Location]]}
","工作地點","工作地點。[應填入對應的 Location Reference。]","","","","","","","","","",,,,,"",,,,"HAHCareDataset.task.location",0,1,"","","Task.location"
"HAHCareDataset.attachment","HAHCareDataset.attachment","","","",0,*,"","","","BackboneElement {[]} {[]}
","照護附件","照護附件。[以下欄位為此項資料的內嵌元素。]","","","","","","","","","",,,,,"",,,,"HAHCareDataset.attachment",0,*,"","ele-1:All FHIR elements must have a @value or children {hasValue() or (children().count() > id.count())}
","HAHDocumentReference"
"HAHCareDataset.attachment.id","HAHCareDataset.attachment.id","","","",0,1,"","","","string {[]} {[]}
","Unique id for inter-element referencing","Unique id for the element within a resource (for internal references). This may be any string value that does not contain spaces.","","","","","","","","","",,,,,"",,,,"Element.id",0,1,"","","n/a"
"HAHCareDataset.attachment.extension","HAHCareDataset.attachment.extension","","extensions
user content","",0,*,"","","","Extension {[]} {[]}
","Additional content defined by implementations","May be used to represent additional information that is not part of the basic definition of the element. To make the use of extensions safe and manageable, there is a strict set of governance  applied to the definition and use of extensions. Though any implementer can define an extension, there is a set of requirements that SHALL be met as part of the definition of the extension.","There can be no stigma associated with the use of extensions by any application, project, or standard - regardless of the institution or jurisdiction that uses or defines the extensions.  The use of extensions is what allows the FHIR specification to retain a core level of simplicity for everyone.","","","","","","","","",,,,,"","value:url}
","Extensions are always sliced by (at least) url",,"open","Element.extension",0,*,"","ele-1:All FHIR elements must have a @value or children {hasValue() or (children().count() > id.count())}
ext-1:Must have either extensions or value[x], not both {extension.exists() != value.exists()}","n/a"
"HAHCareDataset.attachment.modifierExtension","HAHCareDataset.attachment.modifierExtension","","extensions
user contentmodifiers","",0,*,"","Y","Y","Extension {[]} {[]}
","Extensions that cannot be ignored even if unrecognized","May be used to represent additional information that is not part of the basic definition of the element and that modifies the understanding of the element in which it is contained and/or the understanding of the containing element's descendants. Usually modifier elements provide negation or qualification. To make the use of extensions safe and manageable, there is a strict set of governance applied to the definition and use of extensions. Though any implementer can define an extension, there is a set of requirements that SHALL be met as part of the definition of the extension. Applications processing a resource are required to check for modifier extensions.

Modifier extensions SHALL NOT change the meaning of any elements on Resource or DomainResource (including cannot change the meaning of modifierExtension itself).","There can be no stigma associated with the use of extensions by any application, project, or standard - regardless of the institution or jurisdiction that uses or defines the extensions.  The use of extensions is what allows the FHIR specification to retain a core level of simplicity for everyone.","Modifier extensions allow for extensions that *cannot* be safely ignored to be clearly distinguished from the vast majority of extensions which can be safely ignored.  This promotes interoperability by eliminating the need for implementers to prohibit the presence of extensions. For further information, see the [definition of modifier extensions](http://hl7.org/fhir/R4/extensibility.html#modifierExtension).","","","","","","","",,,,,"",,,,"BackboneElement.modifierExtension",0,*,"","ele-1:All FHIR elements must have a @value or children {hasValue() or (children().count() > id.count())}
ext-1:Must have either extensions or value[x], not both {extension.exists() != value.exists()}","N/A"
"HAHCareDataset.attachment.type","HAHCareDataset.attachment.type","","","",1,1,"","","","CodeableConcept {[]} {[]}
","附件種類","附件種類。[已知代碼時填 coding.system 及 coding.code，可用 text 補充說明。]","","","","","","","","","",,,,,"",,,,"HAHCareDataset.attachment.type",1,1,"","","DocumentReference.type"
"HAHCareDataset.attachment.content","HAHCareDataset.attachment.content","","","",1,*,"","","","Attachment {[]} {[]}
","附件內容或網址","附件內容或網址。[填 MIME 類型與 base64 內容或可取得的 URL。]","","","","","","","","","",,,,,"",,,,"HAHCareDataset.attachment.content",1,*,"","","DocumentReference.content.attachment"
"HAHCareDataset.attachment.author","HAHCareDataset.attachment.author","","","",1,*,"","","","Reference {[]} {[CanonicalType[http://hl7.org/fhir/StructureDefinition/Resource]]}
","作者","作者。[應填入對應的 Resource Reference。]","","","","","","","","","",,,,,"",,,,"HAHCareDataset.attachment.author",1,*,"","","DocumentReference.author"
"HAHCareDataset.summary","HAHCareDataset.summary","","","",0,1,"","","","BackboneElement {[]} {[]}
","結案與轉銜摘要","結案與轉銜摘要。[以下欄位為此項資料的內嵌元素。]","","","","","","","","","",,,,,"",,,,"HAHCareDataset.summary",0,1,"","ele-1:All FHIR elements must have a @value or children {hasValue() or (children().count() > id.count())}
","HAHCompositionSummary、HAHBundleSummary"
"HAHCareDataset.summary.id","HAHCareDataset.summary.id","","","",0,1,"","","","string {[]} {[]}
","Unique id for inter-element referencing","Unique id for the element within a resource (for internal references). This may be any string value that does not contain spaces.","","","","","","","","","",,,,,"",,,,"Element.id",0,1,"","","n/a"
"HAHCareDataset.summary.extension","HAHCareDataset.summary.extension","","extensions
user content","",0,*,"","","","Extension {[]} {[]}
","Additional content defined by implementations","May be used to represent additional information that is not part of the basic definition of the element. To make the use of extensions safe and manageable, there is a strict set of governance  applied to the definition and use of extensions. Though any implementer can define an extension, there is a set of requirements that SHALL be met as part of the definition of the extension.","There can be no stigma associated with the use of extensions by any application, project, or standard - regardless of the institution or jurisdiction that uses or defines the extensions.  The use of extensions is what allows the FHIR specification to retain a core level of simplicity for everyone.","","","","","","","","",,,,,"","value:url}
","Extensions are always sliced by (at least) url",,"open","Element.extension",0,*,"","ele-1:All FHIR elements must have a @value or children {hasValue() or (children().count() > id.count())}
ext-1:Must have either extensions or value[x], not both {extension.exists() != value.exists()}","n/a"
"HAHCareDataset.summary.modifierExtension","HAHCareDataset.summary.modifierExtension","","extensions
user contentmodifiers","",0,*,"","Y","Y","Extension {[]} {[]}
","Extensions that cannot be ignored even if unrecognized","May be used to represent additional information that is not part of the basic definition of the element and that modifies the understanding of the element in which it is contained and/or the understanding of the containing element's descendants. Usually modifier elements provide negation or qualification. To make the use of extensions safe and manageable, there is a strict set of governance applied to the definition and use of extensions. Though any implementer can define an extension, there is a set of requirements that SHALL be met as part of the definition of the extension. Applications processing a resource are required to check for modifier extensions.

Modifier extensions SHALL NOT change the meaning of any elements on Resource or DomainResource (including cannot change the meaning of modifierExtension itself).","There can be no stigma associated with the use of extensions by any application, project, or standard - regardless of the institution or jurisdiction that uses or defines the extensions.  The use of extensions is what allows the FHIR specification to retain a core level of simplicity for everyone.","Modifier extensions allow for extensions that *cannot* be safely ignored to be clearly distinguished from the vast majority of extensions which can be safely ignored.  This promotes interoperability by eliminating the need for implementers to prohibit the presence of extensions. For further information, see the [definition of modifier extensions](http://hl7.org/fhir/R4/extensibility.html#modifierExtension).","","","","","","","",,,,,"",,,,"BackboneElement.modifierExtension",0,*,"","ele-1:All FHIR elements must have a @value or children {hasValue() or (children().count() > id.count())}
ext-1:Must have either extensions or value[x], not both {extension.exists() != value.exists()}","N/A"
"HAHCareDataset.summary.type","HAHCareDataset.summary.type","","","",1,1,"","","","CodeableConcept {[]} {[]}
","摘要種類","摘要種類。[已知代碼時填 coding.system 及 coding.code，可用 text 補充說明。]","","","","","","","","","",,"required","","http://ltc-ig.fhir.tw/ValueSet/hah-summary-type","",,,,"HAHCareDataset.summary.type",1,1,"","","Composition.type"
"HAHCareDataset.summary.date","HAHCareDataset.summary.date","","","",1,1,"","","","dateTime {[]} {[]}
","文件時間","文件時間。[填入實際時間；包含時分時須提供時區。]","","","","","","","","","",,,,,"",,,,"HAHCareDataset.summary.date",1,1,"","","Composition.date"
"HAHCareDataset.summary.followUp","HAHCareDataset.summary.followUp","","","",1,1,"","","","string {[]} {[]}
","後續照護與待辦","後續照護與待辦。[說明接續照護、待辦及尚未知的結果。]","","","","","","","","","",,,,,"",,,,"HAHCareDataset.summary.followUp",1,1,"","","Composition.section[followUp].text"
"HAHCareDataset.summary.documentId","HAHCareDataset.summary.documentId","","","",1,1,"","","","Identifier {[]} {[]}
","文件識別碼","文件識別碼。[填唯一的文件識別系統與值；重製文件另給新的識別碼。]","","","","","","","","","",,,,,"",,,,"HAHCareDataset.summary.documentId",1,1,"","","Bundle.identifier"
