"Id","Path","Slice Name","Alias(s)","Label","Min","Max","Must Support?","Is Modifier?","Is Summary?","Type(s)","Short","Definition","Comments","Requirements","Default Value","Meaning When Missing","Fixed Value","Pattern","Example","Minimum Value","Maximum Value","Maximum Length","Binding Strength","Binding Description","Binding Value Set","Code","Slicing Discriminator","Slicing Description","Slicing Ordered","Slicing Rules","Base Path","Base Min","Base Max","Condition(s)","Constraint(s)","Mapping: Workflow Pattern","Mapping: FiveWs Pattern Mapping","Mapping: RIM Mapping"
"ClaimResponse","ClaimResponse","","Remittance Advice
","",0,*,"","","","null {[]} {[]}
","Response to a claim predetermination or preauthorization","This resource provides the adjudication details from the processing of a Claim resource.","","","","","","","","","",,,,,"",,,,"ClaimResponse",0,*,"","dom-2:If the resource is contained in another resource, it SHALL NOT contain nested Resources {contained.contained.empty()}
dom-3:If the resource is contained in another resource, it SHALL be referred to from elsewhere in the resource or SHALL refer to the containing resource {contained.where((('#'+id in (%resource.descendants().reference | %resource.descendants().as(canonical) | %resource.descendants().as(uri) | %resource.descendants().as(url))) or descendants().where(reference = '#').exists() or descendants().where(as(canonical) = '#').exists() or descendants().where(as(canonical) = '#').exists()).not()).trace('unmatched', id).empty()}dom-4:If a resource is contained in another resource, it SHALL NOT have a meta.versionId or a meta.lastUpdated {contained.meta.versionId.empty() and contained.meta.lastUpdated.empty()}dom-5:If a resource is contained in another resource, it SHALL NOT have a security label {contained.meta.security.empty()}dom-6:A resource should have narrative for robust management {text.`div`.exists()}","Event","Entity. Role, or Act"
"ClaimResponse.id","ClaimResponse.id","","","",0,1,"","","Y","id {[]} {[]}
","Logical id of this artifact","The logical id of the resource, as used in the URL for the resource. Once assigned, this value never changes.","The only time that a resource does not have an id is when it is being submitted to the server using a create operation.","","","","","","","","",,,,,"",,,,"Resource.id",0,1,"",""
"ClaimResponse.meta","ClaimResponse.meta","","","",0,1,"","","Y","Meta {[]} {[]}
","Metadata about the resource","The metadata about the resource. This is content that is maintained by the infrastructure. Changes to the content might not always be associated with version changes to the resource.","","","","","","","","","",,,,,"",,,,"Resource.meta",0,1,"","ele-1:All FHIR elements must have a @value or children {hasValue() or (children().count() > id.count())}
"
"ClaimResponse.implicitRules","ClaimResponse.implicitRules","","","",0,1,"","Y","Y","uri {[]} {[]}
","A set of rules under which this content was created","A reference to a set of rules that were followed when the resource was constructed, and which must be understood when processing the content. Often, this is a reference to an implementation guide that defines the special rules along with other profiles etc.","Asserting this rule set restricts the content to be only understood by a limited set of trading partners. This inherently limits the usefulness of the data in the long term. However, the existing health eco-system is highly fractured, and not yet ready to define, collect, and exchange data in a generally computable sense. Wherever possible, implementers and/or specification writers should avoid using this element. Often, when used, the URL is a reference to an implementation guide that defines these special rules as part of it's narrative along with other profiles, value sets, etc.","","","","","","","","",,,,,"",,,,"Resource.implicitRules",0,1,"","ele-1:All FHIR elements must have a @value or children {hasValue() or (children().count() > id.count())}
"
"ClaimResponse.language","ClaimResponse.language","","","",0,1,"","","","code {[]} {[]}
","Language of the resource content","The base language in which the resource is written.","Language is provided to support indexing and accessibility (typically, services such as text to speech use the language tag). The html language tag in the narrative applies  to the narrative. The language tag on the resource may be used to specify the language of other presentations generated from the data in the resource. Not all the content has to be in the base language. The Resource.language should not be assumed to apply to the narrative automatically. If a language is specified, it should it also be specified on the div element in the html (see rules in HTML5 for information about the relationship between xml:lang and the html lang attribute).","","","","","","","","",,"preferred","A human language.","http://hl7.org/fhir/ValueSet/languages|4.0.1","",,,,"Resource.language",0,1,"","ele-1:All FHIR elements must have a @value or children {hasValue() or (children().count() > id.count())}
"
"ClaimResponse.text","ClaimResponse.text","","narrative
htmlxhtmldisplay","",0,1,"","","","Narrative {[]} {[]}
","Text summary of the resource, for human interpretation","A human-readable narrative that contains a summary of the resource and can be used to represent the content of the resource to a human. The narrative need not encode all the structured data, but is required to contain sufficient detail to make it ""clinically safe"" for a human to just read the narrative. Resource definitions may define what content should be represented in the narrative to ensure clinical safety.","Contained resources do not have narrative. Resources that are not contained SHOULD have a narrative. In some cases, a resource may only have text with little or no additional discrete data (as long as all minOccurs=1 elements are satisfied).  This may be necessary for data from legacy systems where information is captured as a ""text blob"" or where text is additionally entered raw or narrated and encoded information is added later.","","","","","","","","",,,,,"",,,,"DomainResource.text",0,1,"","ele-1:All FHIR elements must have a @value or children {hasValue() or (children().count() > id.count())}
","Act.text?"
"ClaimResponse.contained","ClaimResponse.contained","","inline resources
anonymous resourcescontained resources","",0,*,"","","","Resource {[]} {[]}
","Contained, inline Resources","These resources do not have an independent existence apart from the resource that contains them - they cannot be identified independently, and nor can they have their own independent transaction scope.","This should never be done when the content can be identified properly, as once identification is lost, it is extremely difficult (and context dependent) to restore it again. Contained resources may have profiles and tags In their meta elements, but SHALL NOT have security labels.","","","","","","","","",,,,,"",,,,"DomainResource.contained",0,*,"","","N/A"
"ClaimResponse.extension","ClaimResponse.extension","","","",0,*,"","","","Extension {[]} {[]}
","Extension","An Extension","","","","","","","","","",,,,,"","value:url}
","",,"open","DomainResource.extension",0,*,"","ele-1:All FHIR elements must have a @value or children {hasValue() or (children().count() > id.count())}
ext-1:Must have either extensions or value[x], not both {extension.exists() != value.exists()}"
"ClaimResponse.extension:docUrl","ClaimResponse.extension","docUrl","","",0,*,"Y","","","Extension {[CanonicalType[http://ltc-ig.fhir.tw/StructureDefinition/Ext-TW-LTC-FeeAudit-DocUrl]]} {[]}
","總表與清冊的下載路徑，如有多份文件，則分別填寫。","每份文件應填寫文件類別與下載網址。文件類別填在 docType 子項目，網址填在 url 子項目。可提供總表、暫付總表、服務清冊、A 碼清冊與未通過申請清冊，含各類 Excel 檔。","","","","","","","","","",,,,,"",,,,"DomainResource.extension",0,*,"ele-1
","ele-1:All FHIR elements must have a @value or children {hasValue() or (children().count() > id.count())}
ext-1:Must have either extensions or value[x], not both {extension.exists() != value.exists()}"
"ClaimResponse.extension:auditSummary","ClaimResponse.extension","auditSummary","","",0,1,"Y","","","Extension {[CanonicalType[http://ltc-ig.fhir.tw/StructureDefinition/Ext-TW-LTC-FeeAudit-AuditSummary]]} {[]}
","分案的統計資料與承辦人員資訊","應依審核結果填寫服務紀錄總筆數、個案數、核定個案數與核定服務紀錄數。如有暫付申請或已處理的申報交易，則續填暫付狀態與交易序號。承辦人員填入姓名或代號。","","","","","","","","","",,,,,"",,,,"DomainResource.extension",0,*,"ele-1
","ele-1:All FHIR elements must have a @value or children {hasValue() or (children().count() > id.count())}
ext-1:Must have either extensions or value[x], not both {extension.exists() != value.exists()}"
"ClaimResponse.modifierExtension","ClaimResponse.modifierExtension","","extensions
user content","",0,*,"","Y","","Extension {[]} {[]}
","Extensions that cannot be ignored","May be used to represent additional information that is not part of the basic definition of the resource and that modifies the understanding of the element that contains it and/or the understanding of the containing element's descendants. Usually modifier elements provide negation or qualification. To make the use of extensions safe and manageable, there is a strict set of governance applied to the definition and use of extensions. Though any implementer is allowed to define an extension, there is a set of requirements that SHALL be met as part of the definition of the extension. Applications processing a resource are required to check for modifier extensions.

Modifier extensions SHALL NOT change the meaning of any elements on Resource or DomainResource (including cannot change the meaning of modifierExtension itself).","There can be no stigma associated with the use of extensions by any application, project, or standard - regardless of the institution or jurisdiction that uses or defines the extensions.  The use of extensions is what allows the FHIR specification to retain a core level of simplicity for everyone.","Modifier extensions allow for extensions that *cannot* be safely ignored to be clearly distinguished from the vast majority of extensions which can be safely ignored.  This promotes interoperability by eliminating the need for implementers to prohibit the presence of extensions. For further information, see the [definition of modifier extensions](http://hl7.org/fhir/R4/extensibility.html#modifierExtension).","","","","","","","",,,,,"",,,,"DomainResource.modifierExtension",0,*,"","ele-1:All FHIR elements must have a @value or children {hasValue() or (children().count() > id.count())}
ext-1:Must have either extensions or value[x], not both {extension.exists() != value.exists()}","N/A"
"ClaimResponse.identifier","ClaimResponse.identifier","","","",1,*,"Y","","","Identifier {[]} {[]}
","分案資料的識別碼，包含核銷案號、總表版次、簽證編號與支審年月。","A unique identifier assigned to this claim response.","","Allows claim responses to be distinguished and referenced.","","","","","","","",,,,,"","value:system}
","",,"open","ClaimResponse.identifier",0,*,"","ele-1:All FHIR elements must have a @value or children {hasValue() or (children().count() > id.count())}
","Event.identifier","FiveWs.identifier"
"ClaimResponse.identifier:caseNo","ClaimResponse.identifier","caseNo","","",1,1,"Y","","","Identifier {[]} {[]}
","核銷案號。[應填入 Identifier]","A unique identifier assigned to this claim response.","","Allows claim responses to be distinguished and referenced.","","","","","","","",,,,,"",,,,"ClaimResponse.identifier",0,*,"","ele-1:All FHIR elements must have a @value or children {hasValue() or (children().count() > id.count())}
","Event.identifier","FiveWs.identifier"
"ClaimResponse.identifier:caseNo.id","ClaimResponse.identifier.id","","","",0,1,"","","","string {[]} {[]}
","Unique id for inter-element referencing","Unique id for the element within a resource (for internal references). This may be any string value that does not contain spaces.","","","","","","","","","",,,,,"",,,,"Element.id",0,1,"","","n/a"
"ClaimResponse.identifier:caseNo.extension","ClaimResponse.identifier.extension","","extensions
user content","",0,*,"","","","Extension {[]} {[]}
","Additional content defined by implementations","May be used to represent additional information that is not part of the basic definition of the element. To make the use of extensions safe and manageable, there is a strict set of governance  applied to the definition and use of extensions. Though any implementer can define an extension, there is a set of requirements that SHALL be met as part of the definition of the extension.","There can be no stigma associated with the use of extensions by any application, project, or standard - regardless of the institution or jurisdiction that uses or defines the extensions.  The use of extensions is what allows the FHIR specification to retain a core level of simplicity for everyone.","","","","","","","","",,,,,"","value:url}
","Extensions are always sliced by (at least) url",,"open","Element.extension",0,*,"","ele-1:All FHIR elements must have a @value or children {hasValue() or (children().count() > id.count())}
ext-1:Must have either extensions or value[x], not both {extension.exists() != value.exists()}","n/a"
"ClaimResponse.identifier:caseNo.use","ClaimResponse.identifier.use","","","",0,1,"","Y","Y","code {[]} {[]}
","usual | official | temp | secondary | old (If known)","The purpose of this identifier.","Applications can assume that an identifier is permanent unless it explicitly says that it is temporary.","Allows the appropriate identifier for a particular context of use to be selected from among a set of identifiers.","","","","","","","",,"required","Identifies the purpose for this identifier, if known .","http://hl7.org/fhir/ValueSet/identifier-use|4.0.1","",,,,"Identifier.use",0,1,"","ele-1:All FHIR elements must have a @value or children {hasValue() or (children().count() > id.count())}
","Role.code or implied by context"
"ClaimResponse.identifier:caseNo.type","ClaimResponse.identifier.type","","","",0,1,"","","Y","CodeableConcept {[]} {[]}
","Description of identifier","A coded type for the identifier that can be used to determine which identifier to use for a specific purpose.","This element deals only with general categories of identifiers.  It SHOULD not be used for codes that correspond 1..1 with the Identifier.system. Some identifiers may fall into multiple categories due to common usage.   Where the system is known, a type is unnecessary because the type is always part of the system definition. However systems often need to handle identifiers where the system is not known. There is not a 1:1 relationship between type and system, since many different systems have the same type.","Allows users to make use of identifiers when the identifier system is not known.","","","","","","","",,"extensible","A coded type for an identifier that can be used to determine which identifier to use for a specific purpose.","http://hl7.org/fhir/ValueSet/identifier-type|4.0.1","",,,,"Identifier.type",0,1,"","ele-1:All FHIR elements must have a @value or children {hasValue() or (children().count() > id.count())}
","Role.code or implied by context"
"ClaimResponse.identifier:caseNo.system","ClaimResponse.identifier.system","","","",1,1,"Y","","Y","uri {[]} {[]}
","The namespace for the identifier value","Establishes the namespace for the value - that is, a URL that describes a set values that are unique.","Identifier.system is always case sensitive.","There are many sets  of identifiers.  To perform matching of two identifiers, we need to know what set we're dealing with. The system identifies a particular set of unique identifiers.","","","","<valueUri xmlns=""http://hl7.org/fhir"" value=""http://ltc-ig.fhir.tw/identifier/feeaudit/case-no""/>","<valueUri xmlns=""http://hl7.org/fhir"" value=""http://www.acme.com/identifiers/patient""/>","","",,,,,"",,,,"Identifier.system",0,1,"","ele-1:All FHIR elements must have a @value or children {hasValue() or (children().count() > id.count())}
","II.root or Role.id.root"
"ClaimResponse.identifier:caseNo.value","ClaimResponse.identifier.value","","","",1,1,"Y","","Y","string {[]} {[]}
","核銷案號。[應填入最長 30 個字元的字串]","The portion of the identifier typically relevant to the user and which is unique within the context of the system.","If the value is a full URI, then the system SHALL be urn:ietf:rfc:3986.  The value's primary purpose is computational mapping.  As a result, it may be normalized for comparison purposes (e.g. removing non-significant whitespace, dashes, etc.)  A value formatted for human display can be conveyed using the [Rendered Value extension](http://hl7.org/fhir/R4/extension-rendered-value.html). Identifier.value is to be treated as case sensitive unless knowledge of the Identifier.system allows the processer to be confident that non-case-sensitive processing is safe.","","","","","","<valueString xmlns=""http://hl7.org/fhir"" value=""123456""/>","","",,,,,"",,,,"Identifier.value",0,1,"","ele-1:All FHIR elements must have a @value or children {hasValue() or (children().count() > id.count())}
","II.extension or II.root if system indicates OID or GUID (Or Role.id.extension or root)"
"ClaimResponse.identifier:caseNo.period","ClaimResponse.identifier.period","","","",0,1,"","","Y","Period {[]} {[]}
","Time period when id is/was valid for use","Time period during which identifier is/was valid for use.","","","","","","","","","",,,,,"",,,,"Identifier.period",0,1,"","ele-1:All FHIR elements must have a @value or children {hasValue() or (children().count() > id.count())}
","Role.effectiveTime or implied by context"
"ClaimResponse.identifier:caseNo.assigner","ClaimResponse.identifier.assigner","","","",0,1,"","","Y","Reference {[]} {[CanonicalType[http://hl7.org/fhir/StructureDefinition/Organization|4.0.1]]}
","Organization that issued id (may be just text)","Organization that issued/manages the identifier.","The Identifier.assigner may omit the .reference element and only contain a .display element reflecting the name or other textual information about the assigning organization.","","","","","","","","",,,,,"",,,,"Identifier.assigner",0,1,"","ele-1:All FHIR elements must have a @value or children {hasValue() or (children().count() > id.count())}
","II.assigningAuthorityName but note that this is an improper use by the definition of the field.  Also Role.scoper"
"ClaimResponse.identifier:docVer","ClaimResponse.identifier","docVer","","",0,1,"Y","","","Identifier {[]} {[]}
","總表版次。[應填入 Identifier]","A unique identifier assigned to this claim response.","","Allows claim responses to be distinguished and referenced.","","","","","","","",,,,,"",,,,"ClaimResponse.identifier",0,*,"","ele-1:All FHIR elements must have a @value or children {hasValue() or (children().count() > id.count())}
","Event.identifier","FiveWs.identifier"
"ClaimResponse.identifier:docVer.id","ClaimResponse.identifier.id","","","",0,1,"","","","string {[]} {[]}
","Unique id for inter-element referencing","Unique id for the element within a resource (for internal references). This may be any string value that does not contain spaces.","","","","","","","","","",,,,,"",,,,"Element.id",0,1,"","","n/a"
"ClaimResponse.identifier:docVer.extension","ClaimResponse.identifier.extension","","extensions
user content","",0,*,"","","","Extension {[]} {[]}
","Additional content defined by implementations","May be used to represent additional information that is not part of the basic definition of the element. To make the use of extensions safe and manageable, there is a strict set of governance  applied to the definition and use of extensions. Though any implementer can define an extension, there is a set of requirements that SHALL be met as part of the definition of the extension.","There can be no stigma associated with the use of extensions by any application, project, or standard - regardless of the institution or jurisdiction that uses or defines the extensions.  The use of extensions is what allows the FHIR specification to retain a core level of simplicity for everyone.","","","","","","","","",,,,,"","value:url}
","Extensions are always sliced by (at least) url",,"open","Element.extension",0,*,"","ele-1:All FHIR elements must have a @value or children {hasValue() or (children().count() > id.count())}
ext-1:Must have either extensions or value[x], not both {extension.exists() != value.exists()}","n/a"
"ClaimResponse.identifier:docVer.use","ClaimResponse.identifier.use","","","",0,1,"","Y","Y","code {[]} {[]}
","usual | official | temp | secondary | old (If known)","The purpose of this identifier.","Applications can assume that an identifier is permanent unless it explicitly says that it is temporary.","Allows the appropriate identifier for a particular context of use to be selected from among a set of identifiers.","","","","","","","",,"required","Identifies the purpose for this identifier, if known .","http://hl7.org/fhir/ValueSet/identifier-use|4.0.1","",,,,"Identifier.use",0,1,"","ele-1:All FHIR elements must have a @value or children {hasValue() or (children().count() > id.count())}
","Role.code or implied by context"
"ClaimResponse.identifier:docVer.type","ClaimResponse.identifier.type","","","",0,1,"","","Y","CodeableConcept {[]} {[]}
","Description of identifier","A coded type for the identifier that can be used to determine which identifier to use for a specific purpose.","This element deals only with general categories of identifiers.  It SHOULD not be used for codes that correspond 1..1 with the Identifier.system. Some identifiers may fall into multiple categories due to common usage.   Where the system is known, a type is unnecessary because the type is always part of the system definition. However systems often need to handle identifiers where the system is not known. There is not a 1:1 relationship between type and system, since many different systems have the same type.","Allows users to make use of identifiers when the identifier system is not known.","","","","","","","",,"extensible","A coded type for an identifier that can be used to determine which identifier to use for a specific purpose.","http://hl7.org/fhir/ValueSet/identifier-type|4.0.1","",,,,"Identifier.type",0,1,"","ele-1:All FHIR elements must have a @value or children {hasValue() or (children().count() > id.count())}
","Role.code or implied by context"
"ClaimResponse.identifier:docVer.system","ClaimResponse.identifier.system","","","",1,1,"Y","","Y","uri {[]} {[]}
","The namespace for the identifier value","Establishes the namespace for the value - that is, a URL that describes a set values that are unique.","Identifier.system is always case sensitive.","There are many sets  of identifiers.  To perform matching of two identifiers, we need to know what set we're dealing with. The system identifies a particular set of unique identifiers.","","","","<valueUri xmlns=""http://hl7.org/fhir"" value=""http://ltc-ig.fhir.tw/identifier/feeaudit/doc-ver""/>","<valueUri xmlns=""http://hl7.org/fhir"" value=""http://www.acme.com/identifiers/patient""/>","","",,,,,"",,,,"Identifier.system",0,1,"","ele-1:All FHIR elements must have a @value or children {hasValue() or (children().count() > id.count())}
","II.root or Role.id.root"
"ClaimResponse.identifier:docVer.value","ClaimResponse.identifier.value","","","",1,1,"Y","","Y","string {[]} {[]}
","總表版次。[應填入最長 15 個字元的字串]","The portion of the identifier typically relevant to the user and which is unique within the context of the system.","If the value is a full URI, then the system SHALL be urn:ietf:rfc:3986.  The value's primary purpose is computational mapping.  As a result, it may be normalized for comparison purposes (e.g. removing non-significant whitespace, dashes, etc.)  A value formatted for human display can be conveyed using the [Rendered Value extension](http://hl7.org/fhir/R4/extension-rendered-value.html). Identifier.value is to be treated as case sensitive unless knowledge of the Identifier.system allows the processer to be confident that non-case-sensitive processing is safe.","","","","","","<valueString xmlns=""http://hl7.org/fhir"" value=""123456""/>","","",,,,,"",,,,"Identifier.value",0,1,"","ele-1:All FHIR elements must have a @value or children {hasValue() or (children().count() > id.count())}
","II.extension or II.root if system indicates OID or GUID (Or Role.id.extension or root)"
"ClaimResponse.identifier:docVer.period","ClaimResponse.identifier.period","","","",0,1,"","","Y","Period {[]} {[]}
","Time period when id is/was valid for use","Time period during which identifier is/was valid for use.","","","","","","","","","",,,,,"",,,,"Identifier.period",0,1,"","ele-1:All FHIR elements must have a @value or children {hasValue() or (children().count() > id.count())}
","Role.effectiveTime or implied by context"
"ClaimResponse.identifier:docVer.assigner","ClaimResponse.identifier.assigner","","","",0,1,"","","Y","Reference {[]} {[CanonicalType[http://hl7.org/fhir/StructureDefinition/Organization|4.0.1]]}
","Organization that issued id (may be just text)","Organization that issued/manages the identifier.","The Identifier.assigner may omit the .reference element and only contain a .display element reflecting the name or other textual information about the assigning organization.","","","","","","","","",,,,,"",,,,"Identifier.assigner",0,1,"","ele-1:All FHIR elements must have a @value or children {hasValue() or (children().count() > id.count())}
","II.assigningAuthorityName but note that this is an improper use by the definition of the field.  Also Role.scoper"
"ClaimResponse.identifier:accNum","ClaimResponse.identifier","accNum","","",0,1,"Y","","","Identifier {[]} {[]}
","簽證編號。[應填入 Identifier]","A unique identifier assigned to this claim response.","","Allows claim responses to be distinguished and referenced.","","","","","","","",,,,,"",,,,"ClaimResponse.identifier",0,*,"","ele-1:All FHIR elements must have a @value or children {hasValue() or (children().count() > id.count())}
","Event.identifier","FiveWs.identifier"
"ClaimResponse.identifier:accNum.id","ClaimResponse.identifier.id","","","",0,1,"","","","string {[]} {[]}
","Unique id for inter-element referencing","Unique id for the element within a resource (for internal references). This may be any string value that does not contain spaces.","","","","","","","","","",,,,,"",,,,"Element.id",0,1,"","","n/a"
"ClaimResponse.identifier:accNum.extension","ClaimResponse.identifier.extension","","extensions
user content","",0,*,"","","","Extension {[]} {[]}
","Additional content defined by implementations","May be used to represent additional information that is not part of the basic definition of the element. To make the use of extensions safe and manageable, there is a strict set of governance  applied to the definition and use of extensions. Though any implementer can define an extension, there is a set of requirements that SHALL be met as part of the definition of the extension.","There can be no stigma associated with the use of extensions by any application, project, or standard - regardless of the institution or jurisdiction that uses or defines the extensions.  The use of extensions is what allows the FHIR specification to retain a core level of simplicity for everyone.","","","","","","","","",,,,,"","value:url}
","Extensions are always sliced by (at least) url",,"open","Element.extension",0,*,"","ele-1:All FHIR elements must have a @value or children {hasValue() or (children().count() > id.count())}
ext-1:Must have either extensions or value[x], not both {extension.exists() != value.exists()}","n/a"
"ClaimResponse.identifier:accNum.use","ClaimResponse.identifier.use","","","",0,1,"","Y","Y","code {[]} {[]}
","usual | official | temp | secondary | old (If known)","The purpose of this identifier.","Applications can assume that an identifier is permanent unless it explicitly says that it is temporary.","Allows the appropriate identifier for a particular context of use to be selected from among a set of identifiers.","","","","","","","",,"required","Identifies the purpose for this identifier, if known .","http://hl7.org/fhir/ValueSet/identifier-use|4.0.1","",,,,"Identifier.use",0,1,"","ele-1:All FHIR elements must have a @value or children {hasValue() or (children().count() > id.count())}
","Role.code or implied by context"
"ClaimResponse.identifier:accNum.type","ClaimResponse.identifier.type","","","",0,1,"","","Y","CodeableConcept {[]} {[]}
","Description of identifier","A coded type for the identifier that can be used to determine which identifier to use for a specific purpose.","This element deals only with general categories of identifiers.  It SHOULD not be used for codes that correspond 1..1 with the Identifier.system. Some identifiers may fall into multiple categories due to common usage.   Where the system is known, a type is unnecessary because the type is always part of the system definition. However systems often need to handle identifiers where the system is not known. There is not a 1:1 relationship between type and system, since many different systems have the same type.","Allows users to make use of identifiers when the identifier system is not known.","","","","","","","",,"extensible","A coded type for an identifier that can be used to determine which identifier to use for a specific purpose.","http://hl7.org/fhir/ValueSet/identifier-type|4.0.1","",,,,"Identifier.type",0,1,"","ele-1:All FHIR elements must have a @value or children {hasValue() or (children().count() > id.count())}
","Role.code or implied by context"
"ClaimResponse.identifier:accNum.system","ClaimResponse.identifier.system","","","",1,1,"Y","","Y","uri {[]} {[]}
","The namespace for the identifier value","Establishes the namespace for the value - that is, a URL that describes a set values that are unique.","Identifier.system is always case sensitive.","There are many sets  of identifiers.  To perform matching of two identifiers, we need to know what set we're dealing with. The system identifies a particular set of unique identifiers.","","","","<valueUri xmlns=""http://hl7.org/fhir"" value=""http://ltc-ig.fhir.tw/identifier/feeaudit/acc-num""/>","<valueUri xmlns=""http://hl7.org/fhir"" value=""http://www.acme.com/identifiers/patient""/>","","",,,,,"",,,,"Identifier.system",0,1,"","ele-1:All FHIR elements must have a @value or children {hasValue() or (children().count() > id.count())}
","II.root or Role.id.root"
"ClaimResponse.identifier:accNum.value","ClaimResponse.identifier.value","","","",1,1,"Y","","Y","string {[]} {[]}
","簽證編號。[應填入最長 20 個字元的字串]","The portion of the identifier typically relevant to the user and which is unique within the context of the system.","If the value is a full URI, then the system SHALL be urn:ietf:rfc:3986.  The value's primary purpose is computational mapping.  As a result, it may be normalized for comparison purposes (e.g. removing non-significant whitespace, dashes, etc.)  A value formatted for human display can be conveyed using the [Rendered Value extension](http://hl7.org/fhir/R4/extension-rendered-value.html). Identifier.value is to be treated as case sensitive unless knowledge of the Identifier.system allows the processer to be confident that non-case-sensitive processing is safe.","","","","","","<valueString xmlns=""http://hl7.org/fhir"" value=""123456""/>","","",,,,,"",,,,"Identifier.value",0,1,"","ele-1:All FHIR elements must have a @value or children {hasValue() or (children().count() > id.count())}
","II.extension or II.root if system indicates OID or GUID (Or Role.id.extension or root)"
"ClaimResponse.identifier:accNum.period","ClaimResponse.identifier.period","","","",0,1,"","","Y","Period {[]} {[]}
","Time period when id is/was valid for use","Time period during which identifier is/was valid for use.","","","","","","","","","",,,,,"",,,,"Identifier.period",0,1,"","ele-1:All FHIR elements must have a @value or children {hasValue() or (children().count() > id.count())}
","Role.effectiveTime or implied by context"
"ClaimResponse.identifier:accNum.assigner","ClaimResponse.identifier.assigner","","","",0,1,"","","Y","Reference {[]} {[CanonicalType[http://hl7.org/fhir/StructureDefinition/Organization|4.0.1]]}
","Organization that issued id (may be just text)","Organization that issued/manages the identifier.","The Identifier.assigner may omit the .reference element and only contain a .display element reflecting the name or other textual information about the assigning organization.","","","","","","","","",,,,,"",,,,"Identifier.assigner",0,1,"","ele-1:All FHIR elements must have a @value or children {hasValue() or (children().count() > id.count())}
","II.assigningAuthorityName but note that this is an improper use by the definition of the field.  Also Role.scoper"
"ClaimResponse.identifier:yyyymm","ClaimResponse.identifier","yyyymm","","",0,1,"Y","","","Identifier {[]} {[]}
","支審年月。[應填入 Identifier]","A unique identifier assigned to this claim response.","","Allows claim responses to be distinguished and referenced.","","","","","","","",,,,,"",,,,"ClaimResponse.identifier",0,*,"","ele-1:All FHIR elements must have a @value or children {hasValue() or (children().count() > id.count())}
","Event.identifier","FiveWs.identifier"
"ClaimResponse.identifier:yyyymm.id","ClaimResponse.identifier.id","","","",0,1,"","","","string {[]} {[]}
","Unique id for inter-element referencing","Unique id for the element within a resource (for internal references). This may be any string value that does not contain spaces.","","","","","","","","","",,,,,"",,,,"Element.id",0,1,"","","n/a"
"ClaimResponse.identifier:yyyymm.extension","ClaimResponse.identifier.extension","","extensions
user content","",0,*,"","","","Extension {[]} {[]}
","Additional content defined by implementations","May be used to represent additional information that is not part of the basic definition of the element. To make the use of extensions safe and manageable, there is a strict set of governance  applied to the definition and use of extensions. Though any implementer can define an extension, there is a set of requirements that SHALL be met as part of the definition of the extension.","There can be no stigma associated with the use of extensions by any application, project, or standard - regardless of the institution or jurisdiction that uses or defines the extensions.  The use of extensions is what allows the FHIR specification to retain a core level of simplicity for everyone.","","","","","","","","",,,,,"","value:url}
","Extensions are always sliced by (at least) url",,"open","Element.extension",0,*,"","ele-1:All FHIR elements must have a @value or children {hasValue() or (children().count() > id.count())}
ext-1:Must have either extensions or value[x], not both {extension.exists() != value.exists()}","n/a"
"ClaimResponse.identifier:yyyymm.use","ClaimResponse.identifier.use","","","",0,1,"","Y","Y","code {[]} {[]}
","usual | official | temp | secondary | old (If known)","The purpose of this identifier.","Applications can assume that an identifier is permanent unless it explicitly says that it is temporary.","Allows the appropriate identifier for a particular context of use to be selected from among a set of identifiers.","","","","","","","",,"required","Identifies the purpose for this identifier, if known .","http://hl7.org/fhir/ValueSet/identifier-use|4.0.1","",,,,"Identifier.use",0,1,"","ele-1:All FHIR elements must have a @value or children {hasValue() or (children().count() > id.count())}
","Role.code or implied by context"
"ClaimResponse.identifier:yyyymm.type","ClaimResponse.identifier.type","","","",0,1,"","","Y","CodeableConcept {[]} {[]}
","Description of identifier","A coded type for the identifier that can be used to determine which identifier to use for a specific purpose.","This element deals only with general categories of identifiers.  It SHOULD not be used for codes that correspond 1..1 with the Identifier.system. Some identifiers may fall into multiple categories due to common usage.   Where the system is known, a type is unnecessary because the type is always part of the system definition. However systems often need to handle identifiers where the system is not known. There is not a 1:1 relationship between type and system, since many different systems have the same type.","Allows users to make use of identifiers when the identifier system is not known.","","","","","","","",,"extensible","A coded type for an identifier that can be used to determine which identifier to use for a specific purpose.","http://hl7.org/fhir/ValueSet/identifier-type|4.0.1","",,,,"Identifier.type",0,1,"","ele-1:All FHIR elements must have a @value or children {hasValue() or (children().count() > id.count())}
","Role.code or implied by context"
"ClaimResponse.identifier:yyyymm.system","ClaimResponse.identifier.system","","","",1,1,"Y","","Y","uri {[]} {[]}
","The namespace for the identifier value","Establishes the namespace for the value - that is, a URL that describes a set values that are unique.","Identifier.system is always case sensitive.","There are many sets  of identifiers.  To perform matching of two identifiers, we need to know what set we're dealing with. The system identifies a particular set of unique identifiers.","","","","<valueUri xmlns=""http://hl7.org/fhir"" value=""http://ltc-ig.fhir.tw/identifier/feeaudit/yyyymm""/>","<valueUri xmlns=""http://hl7.org/fhir"" value=""http://www.acme.com/identifiers/patient""/>","","",,,,,"",,,,"Identifier.system",0,1,"","ele-1:All FHIR elements must have a @value or children {hasValue() or (children().count() > id.count())}
","II.root or Role.id.root"
"ClaimResponse.identifier:yyyymm.value","ClaimResponse.identifier.value","","","",1,1,"Y","","Y","string {[]} {[]}
","支審年月。[應填入 6 碼西元年月，格式為 yyyyMM]","The portion of the identifier typically relevant to the user and which is unique within the context of the system.","If the value is a full URI, then the system SHALL be urn:ietf:rfc:3986.  The value's primary purpose is computational mapping.  As a result, it may be normalized for comparison purposes (e.g. removing non-significant whitespace, dashes, etc.)  A value formatted for human display can be conveyed using the [Rendered Value extension](http://hl7.org/fhir/R4/extension-rendered-value.html). Identifier.value is to be treated as case sensitive unless knowledge of the Identifier.system allows the processer to be confident that non-case-sensitive processing is safe.","","","","","","<valueString xmlns=""http://hl7.org/fhir"" value=""123456""/>","","",,,,,"",,,,"Identifier.value",0,1,"","ele-1:All FHIR elements must have a @value or children {hasValue() or (children().count() > id.count())}
","II.extension or II.root if system indicates OID or GUID (Or Role.id.extension or root)"
"ClaimResponse.identifier:yyyymm.period","ClaimResponse.identifier.period","","","",0,1,"","","Y","Period {[]} {[]}
","Time period when id is/was valid for use","Time period during which identifier is/was valid for use.","","","","","","","","","",,,,,"",,,,"Identifier.period",0,1,"","ele-1:All FHIR elements must have a @value or children {hasValue() or (children().count() > id.count())}
","Role.effectiveTime or implied by context"
"ClaimResponse.identifier:yyyymm.assigner","ClaimResponse.identifier.assigner","","","",0,1,"","","Y","Reference {[]} {[CanonicalType[http://hl7.org/fhir/StructureDefinition/Organization|4.0.1]]}
","Organization that issued id (may be just text)","Organization that issued/manages the identifier.","The Identifier.assigner may omit the .reference element and only contain a .display element reflecting the name or other textual information about the assigning organization.","","","","","","","","",,,,,"",,,,"Identifier.assigner",0,1,"","ele-1:All FHIR elements must have a @value or children {hasValue() or (children().count() > id.count())}
","II.assigningAuthorityName but note that this is an improper use by the definition of the field.  Also Role.scoper"
"ClaimResponse.status","ClaimResponse.status","","","",1,1,"Y","Y","Y","code {[]} {[]}
","審核明細的狀態。[應填入 active]","The status of the resource instance.","This element is labeled as a modifier because the status contains codes that mark the resource as not currently valid.","Need to track the status of the resource as 'draft' resources may undergo further edits while 'active' resources are immutable and may only have their status changed to 'cancelled'.","","","","<valueCode xmlns=""http://hl7.org/fhir"" value=""active""/>","","","",,"required","A code specifying the state of the resource instance.","http://hl7.org/fhir/ValueSet/fm-status|4.0.1","",,,,"ClaimResponse.status",1,1,"","ele-1:All FHIR elements must have a @value or children {hasValue() or (children().count() > id.count())}
","Event.status","FiveWs.status"
"ClaimResponse.type","ClaimResponse.type","","","",1,1,"Y","","Y","CodeableConcept {[]} {[]}
","核銷申報的類別。[應填入 professional]","A finer grained suite of claim type codes which may convey additional information such as Inpatient vs Outpatient and/or a specialty service.","This may contain the local bill type codes, for example the US UB-04 bill type code or the CMS bill type.","Some jurisdictions need a finer grained claim type for routing and adjudication.","","","","<valueCodeableConcept xmlns=""http://hl7.org/fhir"">
  <coding>
    <system value=""http://terminology.hl7.org/CodeSystem/claim-type""/>
    <code value=""professional""/>
  </coding>
</valueCodeableConcept>","","","",,"extensible","The type or discipline-style of the claim.","http://hl7.org/fhir/ValueSet/claim-type|4.0.1","",,,,"ClaimResponse.type",1,1,"","ele-1:All FHIR elements must have a @value or children {hasValue() or (children().count() > id.count())}
","FiveWs.class"
"ClaimResponse.subType","ClaimResponse.subType","","","",0,1,"","","","CodeableConcept {[]} {[]}
","More granular claim type","A finer grained suite of claim type codes which may convey additional information such as Inpatient vs Outpatient and/or a specialty service.","This may contain the local bill type codes, for example the US UB-04 bill type code or the CMS bill type.","Some jurisdictions need a finer grained claim type for routing and adjudication.","","","","","","","",,"example","A more granular claim typecode.","http://hl7.org/fhir/ValueSet/claim-subtype|4.0.1","",,,,"ClaimResponse.subType",0,1,"","ele-1:All FHIR elements must have a @value or children {hasValue() or (children().count() > id.count())}
","FiveWs.class"
"ClaimResponse.use","ClaimResponse.use","","","",1,1,"Y","","Y","code {[]} {[]}
","申報單的用途。[應填入 claim]","A code to indicate whether the nature of the request is: to request adjudication of products and services previously rendered; or requesting authorization and adjudication for provision in the future; or requesting the non-binding adjudication of the listed products and services which could be provided in the future.","","This element is required to understand the nature of the request for adjudication.","","","","<valueCode xmlns=""http://hl7.org/fhir"" value=""claim""/>","","","",,"required","Claim, preauthorization, predetermination.","http://hl7.org/fhir/ValueSet/claim-use|4.0.1","",,,,"ClaimResponse.use",1,1,"","ele-1:All FHIR elements must have a @value or children {hasValue() or (children().count() > id.count())}
","FiveWs.class"
"ClaimResponse.patient","ClaimResponse.patient","","","",1,1,"Y","","Y","Reference {[]} {[CanonicalType[http://ltc-ig.fhir.tw/StructureDefinition/LTCPatient]]}
","本分案的個案。[應填入對應 Patient 的 Reference]","應參照符合 LTCPatient 的個案資料。如本核銷案號包含多位個案，此處填入代表個案或分案受理的個案；各筆服務紀錄的個案資料應依該筆紀錄填寫。","","The patient must be supplied to the insurer so that confirmation of coverage and service hstory may be considered as part of the authorization and/or adjudiction.","","","","","","","",,,,,"",,,,"ClaimResponse.patient",1,1,"","ele-1:All FHIR elements must have a @value or children {hasValue() or (children().count() > id.count())}
","FiveWs.subject[x]","FiveWs.subject"
"ClaimResponse.created","ClaimResponse.created","","","",1,1,"Y","","Y","dateTime {[]} {[]}
","總表版次的產生時間。[應填入日期時間]","應填入此版總表產生的日期與時間，例如 2026-09-17T09:30:00+08:00。","","Need to record a timestamp for use by both the recipient and the issuer.","","","","","","","",,,,,"",,,,"ClaimResponse.created",1,1,"","ele-1:All FHIR elements must have a @value or children {hasValue() or (children().count() > id.count())}
","Event.occurrence[x]","FiveWs.recorded"
"ClaimResponse.insurer","ClaimResponse.insurer","","","",1,1,"Y","","Y","Reference {[]} {[CanonicalType[http://ltc-ig.fhir.tw/StructureDefinition/Organization-twltc]]}
","受理本分案的縣市主管機關。[應填入對應 Organization 的 Reference]","應參照符合 LTCOrganization 的主管機關資料。","","To be a valid claim, preauthorization or predetermination there must be a party who is responsible for adjudicating the contents against a policy which provides benefits for the patient.","","","","","","","",,,,,"",,,,"ClaimResponse.insurer",1,1,"","ele-1:All FHIR elements must have a @value or children {hasValue() or (children().count() > id.count())}
","Event.performer"
"ClaimResponse.requestor","ClaimResponse.requestor","","","",0,1,"Y","","","Reference {[]} {[CanonicalType[http://hl7.org/fhir/StructureDefinition/Practitioner|4.0.1], CanonicalType[http://hl7.org/fhir/StructureDefinition/PractitionerRole|4.0.1], CanonicalType[http://hl7.org/fhir/StructureDefinition/Organization|4.0.1]]}
","提出申報的服務提供單位或人員。[應填入對應 Organization、Practitioner 或 PractitionerRole 的 Reference]","應填入負責提出申報的服務提供方。審核承辦人員的姓名或代號應填在審核摘要的承辦人員欄位。","Typically this field would be 1..1 where this party is responsible for the claim but not necessarily professionally responsible for the provision of the individual products and services listed below.","","","","","","","","",,,,,"",,,,"ClaimResponse.requestor",0,1,"","ele-1:All FHIR elements must have a @value or children {hasValue() or (children().count() > id.count())}
","FiveWs.source"
"ClaimResponse.request","ClaimResponse.request","","","",0,1,"","","Y","Reference {[]} {[CanonicalType[http://hl7.org/fhir/StructureDefinition/Claim|4.0.1]]}
","Id of resource triggering adjudication","Original request resource reference.","","","","","","","","","",,,,,"",,,,"ClaimResponse.request",0,1,"","ele-1:All FHIR elements must have a @value or children {hasValue() or (children().count() > id.count())}
","Event.basedOn","FiveWs.why[x]"
"ClaimResponse.outcome","ClaimResponse.outcome","","","",1,1,"Y","","Y","code {[]} {[]}
","審核處理結果。[應填入以下字串之一：queued | complete | error | partial]","The outcome of the claim, predetermination, or preauthorization processing.","The resource may be used to indicate that: the request has been held (queued) for processing; that it has been processed and errors found (error); that no errors were found and that some of the adjudication has been undertaken (partial) or that all of the adjudication has been undertaken (complete).","To advise the requestor of an overall processing outcome.","","","","","","","",,"required","The result of the claim processing.","http://hl7.org/fhir/ValueSet/remittance-outcome|4.0.1","",,,,"ClaimResponse.outcome",1,1,"","ele-1:All FHIR elements must have a @value or children {hasValue() or (children().count() > id.count())}
"
"ClaimResponse.disposition","ClaimResponse.disposition","","","",0,1,"Y","","","string {[]} {[]}
","承辦人員的審核意見。[應填入最長 4000 個字元的字串]","A human readable description of the status of the adjudication.","","Provided for user display.","","","","","","","",,,,,"",,,,"ClaimResponse.disposition",0,1,"","ele-1:All FHIR elements must have a @value or children {hasValue() or (children().count() > id.count())}
","Event.note"
"ClaimResponse.preAuthRef","ClaimResponse.preAuthRef","","","",0,1,"","","","string {[]} {[]}
","Preauthorization reference","Reference from the Insurer which is used in later communications which refers to this adjudication.","This value is only present on preauthorization adjudications.","On subsequent claims, the insurer may require the provider to quote this value.","","","","","","","",,,,,"",,,,"ClaimResponse.preAuthRef",0,1,"","ele-1:All FHIR elements must have a @value or children {hasValue() or (children().count() > id.count())}
"
"ClaimResponse.preAuthPeriod","ClaimResponse.preAuthPeriod","","","",0,1,"","","","Period {[]} {[]}
","Preauthorization reference effective period","The time frame during which this authorization is effective.","","To convey to the provider when the authorized products and services must be supplied for the authorized adjudication to apply.","","","","","","","",,,,,"",,,,"ClaimResponse.preAuthPeriod",0,1,"","ele-1:All FHIR elements must have a @value or children {hasValue() or (children().count() > id.count())}
"
"ClaimResponse.payeeType","ClaimResponse.payeeType","","","",0,1,"","","","CodeableConcept {[]} {[]}
","Party to be paid any benefits payable","Type of Party to be reimbursed: subscriber, provider, other.","","Need to know who should receive payment with the most common situations being the Provider (assignment of benefits) or the Subscriber.","","","","","","","",,"example","A code for the party to be reimbursed.","http://hl7.org/fhir/ValueSet/payeetype|4.0.1","",,,,"ClaimResponse.payeeType",0,1,"","ele-1:All FHIR elements must have a @value or children {hasValue() or (children().count() > id.count())}
"
"ClaimResponse.item","ClaimResponse.item","","","",0,*,"Y","","","BackboneElement {[]} {[]}
","審核通過的服務紀錄，每筆服務紀錄應分別填寫。","每筆審核通過的服務紀錄分別填寫，筆數應與審核摘要的核定服務紀錄數一致。通過與未通過的紀錄筆數合計，應等於本分案申請的服務紀錄總筆數。","","The adjudication for items provided on the claim.","","","","","","","",,,,,"",,,,"ClaimResponse.item",0,*,"","ele-1:All FHIR elements must have a @value or children {hasValue() or (children().count() > id.count())}
"
"ClaimResponse.item.id","ClaimResponse.item.id","","","",0,1,"","","","string {[]} {[]}
","Unique id for inter-element referencing","Unique id for the element within a resource (for internal references). This may be any string value that does not contain spaces.","","","","","","","","","",,,,,"",,,,"Element.id",0,1,"","","n/a"
"ClaimResponse.item.extension","ClaimResponse.item.extension","","","",1,*,"","","","Extension {[]} {[]}
","Extension","An Extension","","","","","","","","","",,,,,"","value:url}
","",,"open","Element.extension",0,*,"","ele-1:All FHIR elements must have a @value or children {hasValue() or (children().count() > id.count())}
ext-1:Must have either extensions or value[x], not both {extension.exists() != value.exists()}"
"ClaimResponse.item.extension:recordRef","ClaimResponse.item.extension","recordRef","","",1,1,"Y","","","Extension {[CanonicalType[http://ltc-ig.fhir.tw/StructureDefinition/Ext-TW-LTC-FeeAudit-RecordRef]]} {[]}
","審核通過的服務紀錄識別資料","應填入該筆服務紀錄的識別碼，並可續填來源系統與申報交易序號。識別碼應與原申報 Claim 的服務紀錄識別碼相同。","","","","","","","","","",,,,,"",,,,"Element.extension",0,*,"ele-1
","ele-1:All FHIR elements must have a @value or children {hasValue() or (children().count() > id.count())}
ext-1:Must have either extensions or value[x], not both {extension.exists() != value.exists()}"
"ClaimResponse.item.modifierExtension","ClaimResponse.item.modifierExtension","","extensions
user contentmodifiers","",0,*,"","Y","Y","Extension {[]} {[]}
","Extensions that cannot be ignored even if unrecognized","May be used to represent additional information that is not part of the basic definition of the element and that modifies the understanding of the element in which it is contained and/or the understanding of the containing element's descendants. Usually modifier elements provide negation or qualification. To make the use of extensions safe and manageable, there is a strict set of governance applied to the definition and use of extensions. Though any implementer can define an extension, there is a set of requirements that SHALL be met as part of the definition of the extension. Applications processing a resource are required to check for modifier extensions.

Modifier extensions SHALL NOT change the meaning of any elements on Resource or DomainResource (including cannot change the meaning of modifierExtension itself).","There can be no stigma associated with the use of extensions by any application, project, or standard - regardless of the institution or jurisdiction that uses or defines the extensions.  The use of extensions is what allows the FHIR specification to retain a core level of simplicity for everyone.","Modifier extensions allow for extensions that *cannot* be safely ignored to be clearly distinguished from the vast majority of extensions which can be safely ignored.  This promotes interoperability by eliminating the need for implementers to prohibit the presence of extensions. For further information, see the [definition of modifier extensions](http://hl7.org/fhir/R4/extensibility.html#modifierExtension).","","","","","","","",,,,,"",,,,"BackboneElement.modifierExtension",0,*,"","ele-1:All FHIR elements must have a @value or children {hasValue() or (children().count() > id.count())}
ext-1:Must have either extensions or value[x], not both {extension.exists() != value.exists()}","N/A"
"ClaimResponse.item.itemSequence","ClaimResponse.item.itemSequence","","","",1,1,"Y","","","positiveInt {[]} {[]}
","審核通過的服務紀錄序號。[應依序填入 1、2、3 等整數]","應填入本份審核結果內的紀錄序號。服務紀錄識別碼另填在該筆紀錄的 recordRef Extension。","","Necessary to provide a mechanism to link the adjudication result to the submitted claim item.","","","","","","","",,,,,"",,,,"ClaimResponse.item.itemSequence",1,1,"","ele-1:All FHIR elements must have a @value or children {hasValue() or (children().count() > id.count())}
"
"ClaimResponse.item.noteNumber","ClaimResponse.item.noteNumber","","","",0,*,"Y","","","positiveInt {[]} {[]}
","審核附註的編號。[應填入 processNote.number 的內容]","The numbers associated with notes below which apply to the adjudication of this item.","","Provides a condensed manner for associating human readable descriptive explanations for adjudications on the line item.","","","","","","","",,,,,"",,,,"ClaimResponse.item.noteNumber",0,*,"","ele-1:All FHIR elements must have a @value or children {hasValue() or (children().count() > id.count())}
"
"ClaimResponse.item.adjudication","ClaimResponse.item.adjudication","","","",1,*,"Y","","","BackboneElement {[]} {[]}
","服務紀錄的核定金額明細，至少應包含單價與自付額。","If this item is a group then the values here are a summary of the adjudication of the detail items. If this item is a simple product or service then this is the result of the adjudication of this item.","","The adjudication results conveys the insurer's assessment of the item provided in the claim under the terms of the patient's insurance coverage.","","","","","","","",,,,,"",,,,"ClaimResponse.item.adjudication",1,*,"","ele-1:All FHIR elements must have a @value or children {hasValue() or (children().count() > id.count())}
"
"ClaimResponse.item.adjudication.id","ClaimResponse.item.adjudication.id","","","",0,1,"","","","string {[]} {[]}
","Unique id for inter-element referencing","Unique id for the element within a resource (for internal references). This may be any string value that does not contain spaces.","","","","","","","","","",,,,,"",,,,"Element.id",0,1,"","","n/a"
"ClaimResponse.item.adjudication.extension","ClaimResponse.item.adjudication.extension","","extensions
user content","",0,*,"","","","Extension {[]} {[]}
","Additional content defined by implementations","May be used to represent additional information that is not part of the basic definition of the element. To make the use of extensions safe and manageable, there is a strict set of governance  applied to the definition and use of extensions. Though any implementer can define an extension, there is a set of requirements that SHALL be met as part of the definition of the extension.","There can be no stigma associated with the use of extensions by any application, project, or standard - regardless of the institution or jurisdiction that uses or defines the extensions.  The use of extensions is what allows the FHIR specification to retain a core level of simplicity for everyone.","","","","","","","","",,,,,"",,,,"Element.extension",0,*,"","ele-1:All FHIR elements must have a @value or children {hasValue() or (children().count() > id.count())}
ext-1:Must have either extensions or value[x], not both {extension.exists() != value.exists()}","n/a"
"ClaimResponse.item.adjudication.modifierExtension","ClaimResponse.item.adjudication.modifierExtension","","extensions
user contentmodifiers","",0,*,"","Y","Y","Extension {[]} {[]}
","Extensions that cannot be ignored even if unrecognized","May be used to represent additional information that is not part of the basic definition of the element and that modifies the understanding of the element in which it is contained and/or the understanding of the containing element's descendants. Usually modifier elements provide negation or qualification. To make the use of extensions safe and manageable, there is a strict set of governance applied to the definition and use of extensions. Though any implementer can define an extension, there is a set of requirements that SHALL be met as part of the definition of the extension. Applications processing a resource are required to check for modifier extensions.

Modifier extensions SHALL NOT change the meaning of any elements on Resource or DomainResource (including cannot change the meaning of modifierExtension itself).","There can be no stigma associated with the use of extensions by any application, project, or standard - regardless of the institution or jurisdiction that uses or defines the extensions.  The use of extensions is what allows the FHIR specification to retain a core level of simplicity for everyone.","Modifier extensions allow for extensions that *cannot* be safely ignored to be clearly distinguished from the vast majority of extensions which can be safely ignored.  This promotes interoperability by eliminating the need for implementers to prohibit the presence of extensions. For further information, see the [definition of modifier extensions](http://hl7.org/fhir/R4/extensibility.html#modifierExtension).","","","","","","","",,,,,"",,,,"BackboneElement.modifierExtension",0,*,"","ele-1:All FHIR elements must have a @value or children {hasValue() or (children().count() > id.count())}
ext-1:Must have either extensions or value[x], not both {extension.exists() != value.exists()}","N/A"
"ClaimResponse.item.adjudication.category","ClaimResponse.item.adjudication.category","","","",1,1,"Y","","","CodeableConcept {[]} {[]}
","金額的類別。[單價填入 price，自付額填入 copayment]","A code to indicate the information type of this adjudication record. Information types may include the value submitted, maximum values or percentages allowed or payable under the plan, amounts that: the patient is responsible for in aggregate or pertaining to this item; amounts paid by other coverages; and, the benefit payable for this item.","For example codes indicating: Co-Pay, deductible, eligible, benefit, tax, etc.","Needed to enable understanding of the context of the other information in the adjudication.","","","","","","","",,"extensible","","http://ltc-ig.fhir.tw/ValueSet/vs-tw-ltc-feeaudit-adjudication","",,,,"ClaimResponse.item.adjudication.category",1,1,"","ele-1:All FHIR elements must have a @value or children {hasValue() or (children().count() > id.count())}
"
"ClaimResponse.item.adjudication.reason","ClaimResponse.item.adjudication.reason","","","",0,1,"","","","CodeableConcept {[]} {[]}
","Explanation of adjudication outcome","A code supporting the understanding of the adjudication result and explaining variance from expected amount.","For example may indicate that the funds for this benefit type have been exhausted.","To support understanding of variance from adjudication expectations.","","","","","","","",,"example","The adjudication reason codes.","http://hl7.org/fhir/ValueSet/adjudication-reason|4.0.1","",,,,"ClaimResponse.item.adjudication.reason",0,1,"","ele-1:All FHIR elements must have a @value or children {hasValue() or (children().count() > id.count())}
"
"ClaimResponse.item.adjudication.amount","ClaimResponse.item.adjudication.amount","","","",0,1,"Y","","","Money {[]} {[]}
","金額的內容。[應填入新臺幣金額，幣別為 TWD]","Monetary amount associated with the category.","For example: amount submitted, eligible amount, co-payment, and benefit payable.","Most adjuciation categories convey a monetary amount.","","","","","","","",,,,,"",,,,"ClaimResponse.item.adjudication.amount",0,1,"","ele-1:All FHIR elements must have a @value or children {hasValue() or (children().count() > id.count())}
"
"ClaimResponse.item.adjudication.value","ClaimResponse.item.adjudication.value","","","",0,1,"","","","decimal {[]} {[]}
","Non-monetary value","A non-monetary value associated with the category. Mutually exclusive to the amount element above.","For example: eligible percentage or co-payment percentage.","Some adjudication categories convey a percentage or a fixed value.","","","","","","","",,,,,"",,,,"ClaimResponse.item.adjudication.value",0,1,"","ele-1:All FHIR elements must have a @value or children {hasValue() or (children().count() > id.count())}
"
"ClaimResponse.item.detail","ClaimResponse.item.detail","","","",0,*,"","","","BackboneElement {[]} {[]}
","Adjudication for claim details","A claim detail. Either a simple (a product or service) or a 'group' of sub-details which are simple items.","","The adjudication for details provided on the claim.","","","","","","","",,,,,"",,,,"ClaimResponse.item.detail",0,*,"","ele-1:All FHIR elements must have a @value or children {hasValue() or (children().count() > id.count())}
"
"ClaimResponse.item.detail.id","ClaimResponse.item.detail.id","","","",0,1,"","","","string {[]} {[]}
","Unique id for inter-element referencing","Unique id for the element within a resource (for internal references). This may be any string value that does not contain spaces.","","","","","","","","","",,,,,"",,,,"Element.id",0,1,"","","n/a"
"ClaimResponse.item.detail.extension","ClaimResponse.item.detail.extension","","extensions
user content","",0,*,"","","","Extension {[]} {[]}
","Additional content defined by implementations","May be used to represent additional information that is not part of the basic definition of the element. To make the use of extensions safe and manageable, there is a strict set of governance  applied to the definition and use of extensions. Though any implementer can define an extension, there is a set of requirements that SHALL be met as part of the definition of the extension.","There can be no stigma associated with the use of extensions by any application, project, or standard - regardless of the institution or jurisdiction that uses or defines the extensions.  The use of extensions is what allows the FHIR specification to retain a core level of simplicity for everyone.","","","","","","","","",,,,,"",,,,"Element.extension",0,*,"","ele-1:All FHIR elements must have a @value or children {hasValue() or (children().count() > id.count())}
ext-1:Must have either extensions or value[x], not both {extension.exists() != value.exists()}","n/a"
"ClaimResponse.item.detail.modifierExtension","ClaimResponse.item.detail.modifierExtension","","extensions
user contentmodifiers","",0,*,"","Y","Y","Extension {[]} {[]}
","Extensions that cannot be ignored even if unrecognized","May be used to represent additional information that is not part of the basic definition of the element and that modifies the understanding of the element in which it is contained and/or the understanding of the containing element's descendants. Usually modifier elements provide negation or qualification. To make the use of extensions safe and manageable, there is a strict set of governance applied to the definition and use of extensions. Though any implementer can define an extension, there is a set of requirements that SHALL be met as part of the definition of the extension. Applications processing a resource are required to check for modifier extensions.

Modifier extensions SHALL NOT change the meaning of any elements on Resource or DomainResource (including cannot change the meaning of modifierExtension itself).","There can be no stigma associated with the use of extensions by any application, project, or standard - regardless of the institution or jurisdiction that uses or defines the extensions.  The use of extensions is what allows the FHIR specification to retain a core level of simplicity for everyone.","Modifier extensions allow for extensions that *cannot* be safely ignored to be clearly distinguished from the vast majority of extensions which can be safely ignored.  This promotes interoperability by eliminating the need for implementers to prohibit the presence of extensions. For further information, see the [definition of modifier extensions](http://hl7.org/fhir/R4/extensibility.html#modifierExtension).","","","","","","","",,,,,"",,,,"BackboneElement.modifierExtension",0,*,"","ele-1:All FHIR elements must have a @value or children {hasValue() or (children().count() > id.count())}
ext-1:Must have either extensions or value[x], not both {extension.exists() != value.exists()}","N/A"
"ClaimResponse.item.detail.detailSequence","ClaimResponse.item.detail.detailSequence","","","",1,1,"","","","positiveInt {[]} {[]}
","Claim detail instance identifier","A number to uniquely reference the claim detail entry.","","Necessary to provide a mechanism to link the adjudication result to the submitted claim detail.","","","","","","","",,,,,"",,,,"ClaimResponse.item.detail.detailSequence",1,1,"","ele-1:All FHIR elements must have a @value or children {hasValue() or (children().count() > id.count())}
"
"ClaimResponse.item.detail.noteNumber","ClaimResponse.item.detail.noteNumber","","","",0,*,"","","","positiveInt {[]} {[]}
","Applicable note numbers","The numbers associated with notes below which apply to the adjudication of this item.","","Provides a condensed manner for associating human readable descriptive explanations for adjudications on the line item.","","","","","","","",,,,,"",,,,"ClaimResponse.item.detail.noteNumber",0,*,"","ele-1:All FHIR elements must have a @value or children {hasValue() or (children().count() > id.count())}
"
"ClaimResponse.item.detail.adjudication","ClaimResponse.item.detail.adjudication","","","",1,*,"","","","null {[]} {[]}
","Detail level adjudication details","The adjudication results.","","","","","","","","","",,,,,"",,,,"ClaimResponse.item.detail.adjudication",1,*,"","ele-1:All FHIR elements must have a @value or children {hasValue() or (children().count() > id.count())}
"
"ClaimResponse.item.detail.subDetail","ClaimResponse.item.detail.subDetail","","","",0,*,"","","","BackboneElement {[]} {[]}
","Adjudication for claim sub-details","A sub-detail adjudication of a simple product or service.","","The adjudication for sub-details provided on the claim.","","","","","","","",,,,,"",,,,"ClaimResponse.item.detail.subDetail",0,*,"","ele-1:All FHIR elements must have a @value or children {hasValue() or (children().count() > id.count())}
"
"ClaimResponse.item.detail.subDetail.id","ClaimResponse.item.detail.subDetail.id","","","",0,1,"","","","string {[]} {[]}
","Unique id for inter-element referencing","Unique id for the element within a resource (for internal references). This may be any string value that does not contain spaces.","","","","","","","","","",,,,,"",,,,"Element.id",0,1,"","","n/a"
"ClaimResponse.item.detail.subDetail.extension","ClaimResponse.item.detail.subDetail.extension","","extensions
user content","",0,*,"","","","Extension {[]} {[]}
","Additional content defined by implementations","May be used to represent additional information that is not part of the basic definition of the element. To make the use of extensions safe and manageable, there is a strict set of governance  applied to the definition and use of extensions. Though any implementer can define an extension, there is a set of requirements that SHALL be met as part of the definition of the extension.","There can be no stigma associated with the use of extensions by any application, project, or standard - regardless of the institution or jurisdiction that uses or defines the extensions.  The use of extensions is what allows the FHIR specification to retain a core level of simplicity for everyone.","","","","","","","","",,,,,"",,,,"Element.extension",0,*,"","ele-1:All FHIR elements must have a @value or children {hasValue() or (children().count() > id.count())}
ext-1:Must have either extensions or value[x], not both {extension.exists() != value.exists()}","n/a"
"ClaimResponse.item.detail.subDetail.modifierExtension","ClaimResponse.item.detail.subDetail.modifierExtension","","extensions
user contentmodifiers","",0,*,"","Y","Y","Extension {[]} {[]}
","Extensions that cannot be ignored even if unrecognized","May be used to represent additional information that is not part of the basic definition of the element and that modifies the understanding of the element in which it is contained and/or the understanding of the containing element's descendants. Usually modifier elements provide negation or qualification. To make the use of extensions safe and manageable, there is a strict set of governance applied to the definition and use of extensions. Though any implementer can define an extension, there is a set of requirements that SHALL be met as part of the definition of the extension. Applications processing a resource are required to check for modifier extensions.

Modifier extensions SHALL NOT change the meaning of any elements on Resource or DomainResource (including cannot change the meaning of modifierExtension itself).","There can be no stigma associated with the use of extensions by any application, project, or standard - regardless of the institution or jurisdiction that uses or defines the extensions.  The use of extensions is what allows the FHIR specification to retain a core level of simplicity for everyone.","Modifier extensions allow for extensions that *cannot* be safely ignored to be clearly distinguished from the vast majority of extensions which can be safely ignored.  This promotes interoperability by eliminating the need for implementers to prohibit the presence of extensions. For further information, see the [definition of modifier extensions](http://hl7.org/fhir/R4/extensibility.html#modifierExtension).","","","","","","","",,,,,"",,,,"BackboneElement.modifierExtension",0,*,"","ele-1:All FHIR elements must have a @value or children {hasValue() or (children().count() > id.count())}
ext-1:Must have either extensions or value[x], not both {extension.exists() != value.exists()}","N/A"
"ClaimResponse.item.detail.subDetail.subDetailSequence","ClaimResponse.item.detail.subDetail.subDetailSequence","","","",1,1,"","","","positiveInt {[]} {[]}
","Claim sub-detail instance identifier","A number to uniquely reference the claim sub-detail entry.","","Necessary to provide a mechanism to link the adjudication result to the submitted claim sub-detail.","","","","","","","",,,,,"",,,,"ClaimResponse.item.detail.subDetail.subDetailSequence",1,1,"","ele-1:All FHIR elements must have a @value or children {hasValue() or (children().count() > id.count())}
"
"ClaimResponse.item.detail.subDetail.noteNumber","ClaimResponse.item.detail.subDetail.noteNumber","","","",0,*,"","","","positiveInt {[]} {[]}
","Applicable note numbers","The numbers associated with notes below which apply to the adjudication of this item.","","Provides a condensed manner for associating human readable descriptive explanations for adjudications on the line item.","","","","","","","",,,,,"",,,,"ClaimResponse.item.detail.subDetail.noteNumber",0,*,"","ele-1:All FHIR elements must have a @value or children {hasValue() or (children().count() > id.count())}
"
"ClaimResponse.item.detail.subDetail.adjudication","ClaimResponse.item.detail.subDetail.adjudication","","","",0,*,"","","","null {[]} {[]}
","Subdetail level adjudication details","The adjudication results.","","","","","","","","","",,,,,"",,,,"ClaimResponse.item.detail.subDetail.adjudication",0,*,"","ele-1:All FHIR elements must have a @value or children {hasValue() or (children().count() > id.count())}
"
"ClaimResponse.addItem","ClaimResponse.addItem","","","",0,*,"Y","","","BackboneElement {[]} {[]}
","A 碼加成的服務資料","應填入審核後另行加計的政策鼓勵給付項目，每筆加成分別填寫。","","Insurers may redefine the provided product or service or may package and/or decompose groups of products and services. The addItems allows the insurer to provide their line item list with linkage to the submitted items/details/sub-details. In a preauthorization the insurer may use the addItem structure to provide additional information on authorized products and services.","","","","","","","",,,,,"",,,,"ClaimResponse.addItem",0,*,"","ele-1:All FHIR elements must have a @value or children {hasValue() or (children().count() > id.count())}
"
"ClaimResponse.addItem.id","ClaimResponse.addItem.id","","","",0,1,"","","","string {[]} {[]}
","Unique id for inter-element referencing","Unique id for the element within a resource (for internal references). This may be any string value that does not contain spaces.","","","","","","","","","",,,,,"",,,,"Element.id",0,1,"","","n/a"
"ClaimResponse.addItem.extension","ClaimResponse.addItem.extension","","","",0,*,"","","","Extension {[]} {[]}
","Extension","An Extension","","","","","","","","","",,,,,"","value:url}
","",,"open","Element.extension",0,*,"","ele-1:All FHIR elements must have a @value or children {hasValue() or (children().count() > id.count())}
ext-1:Must have either extensions or value[x], not both {extension.exists() != value.exists()}"
"ClaimResponse.addItem.extension:recordRef","ClaimResponse.addItem.extension","recordRef","","",0,1,"Y","","","Extension {[CanonicalType[http://ltc-ig.fhir.tw/StructureDefinition/Ext-TW-LTC-FeeAudit-RecordRef]]} {[]}
","加成所對應的服務紀錄識別資料","應填入加成所依據的審核通過服務紀錄識別碼，並可續填該紀錄的來源系統。","","","","","","","","","",,,,,"",,,,"Element.extension",0,*,"ele-1
","ele-1:All FHIR elements must have a @value or children {hasValue() or (children().count() > id.count())}
ext-1:Must have either extensions or value[x], not both {extension.exists() != value.exists()}"
"ClaimResponse.addItem.modifierExtension","ClaimResponse.addItem.modifierExtension","","extensions
user contentmodifiers","",0,*,"","Y","Y","Extension {[]} {[]}
","Extensions that cannot be ignored even if unrecognized","May be used to represent additional information that is not part of the basic definition of the element and that modifies the understanding of the element in which it is contained and/or the understanding of the containing element's descendants. Usually modifier elements provide negation or qualification. To make the use of extensions safe and manageable, there is a strict set of governance applied to the definition and use of extensions. Though any implementer can define an extension, there is a set of requirements that SHALL be met as part of the definition of the extension. Applications processing a resource are required to check for modifier extensions.

Modifier extensions SHALL NOT change the meaning of any elements on Resource or DomainResource (including cannot change the meaning of modifierExtension itself).","There can be no stigma associated with the use of extensions by any application, project, or standard - regardless of the institution or jurisdiction that uses or defines the extensions.  The use of extensions is what allows the FHIR specification to retain a core level of simplicity for everyone.","Modifier extensions allow for extensions that *cannot* be safely ignored to be clearly distinguished from the vast majority of extensions which can be safely ignored.  This promotes interoperability by eliminating the need for implementers to prohibit the presence of extensions. For further information, see the [definition of modifier extensions](http://hl7.org/fhir/R4/extensibility.html#modifierExtension).","","","","","","","",,,,,"",,,,"BackboneElement.modifierExtension",0,*,"","ele-1:All FHIR elements must have a @value or children {hasValue() or (children().count() > id.count())}
ext-1:Must have either extensions or value[x], not both {extension.exists() != value.exists()}","N/A"
"ClaimResponse.addItem.itemSequence","ClaimResponse.addItem.itemSequence","","","",0,*,"Y","","","positiveInt {[]} {[]}
","原申報服務明細的序號。[如需填寫，應填入 1]","每筆申報 Claim 僅有一筆服務明細，因此填入 1。加成所依據的服務紀錄，應另在 recordRef Extension 填寫識別資料。","","Provides references to the claim items.","","","","","","","",,,,,"",,,,"ClaimResponse.addItem.itemSequence",0,*,"","ele-1:All FHIR elements must have a @value or children {hasValue() or (children().count() > id.count())}
"
"ClaimResponse.addItem.detailSequence","ClaimResponse.addItem.detailSequence","","","",0,*,"","","","positiveInt {[]} {[]}
","Detail sequence number","The sequence number of the details within the claim item which this line is intended to replace.","","Provides references to the claim details within the claim item.","","","","","","","",,,,,"",,,,"ClaimResponse.addItem.detailSequence",0,*,"","ele-1:All FHIR elements must have a @value or children {hasValue() or (children().count() > id.count())}
"
"ClaimResponse.addItem.subdetailSequence","ClaimResponse.addItem.subdetailSequence","","","",0,*,"","","","positiveInt {[]} {[]}
","Subdetail sequence number","The sequence number of the sub-details within the details within the claim item which this line is intended to replace.","","Provides references to the claim sub-details within the claim detail.","","","","","","","",,,,,"",,,,"ClaimResponse.addItem.subdetailSequence",0,*,"","ele-1:All FHIR elements must have a @value or children {hasValue() or (children().count() > id.count())}
"
"ClaimResponse.addItem.provider","ClaimResponse.addItem.provider","","","",0,*,"","","","Reference {[]} {[CanonicalType[http://hl7.org/fhir/StructureDefinition/Practitioner|4.0.1], CanonicalType[http://hl7.org/fhir/StructureDefinition/PractitionerRole|4.0.1], CanonicalType[http://hl7.org/fhir/StructureDefinition/Organization|4.0.1]]}
","Authorized providers","The providers who are authorized for the services rendered to the patient.","","Insurer may provide authorization specifically to a restricted set of providers rather than an open authorization.","","","","","","","",,,,,"",,,,"ClaimResponse.addItem.provider",0,*,"","ele-1:All FHIR elements must have a @value or children {hasValue() or (children().count() > id.count())}
","FiveWs.source"
"ClaimResponse.addItem.productOrService","ClaimResponse.addItem.productOrService","","","",1,1,"Y","","","CodeableConcept {[]} {[]}
","A 碼加成的給付項目。[應填入最長 10 個字元的代碼，例如 AA05]","When the value is a group code then this item collects a set of related claim details, otherwise this contains the product, service, drug or other billing code for the item.","If this is an actual service or product line, i.e. not a Group, then use code to indicate the Professional Service or Product supplied (e.g. CTP, HCPCS, USCLS, ICD10, NCPDP, DIN, RxNorm, ACHI, CCI). If a grouping item then use a group code to indicate the type of thing being grouped e.g. 'glasses' or 'compound'.","Necessary to state what was provided or done.","","","","","","","",,"extensible","","http://ltc-ig.fhir.tw/ValueSet/vs-tw-ltc-service-item","",,,,"ClaimResponse.addItem.productOrService",1,1,"","ele-1:All FHIR elements must have a @value or children {hasValue() or (children().count() > id.count())}
"
"ClaimResponse.addItem.modifier","ClaimResponse.addItem.modifier","","","",0,*,"","","","CodeableConcept {[]} {[]}
","Service/Product billing modifiers","Item typification or modifiers codes to convey additional context for the product or service.","For example in Oral whether the treatment is cosmetic or associated with TMJ, or for Medical whether the treatment was outside the clinic or outside of office hours.","To support inclusion of the item for adjudication or to charge an elevated fee.","","","","","","","",,"example","Item type or modifiers codes, eg for Oral whether the treatment is cosmetic or associated with TMJ, or an appliance was lost or stolen.","http://hl7.org/fhir/ValueSet/claim-modifiers|4.0.1","",,,,"ClaimResponse.addItem.modifier",0,*,"","ele-1:All FHIR elements must have a @value or children {hasValue() or (children().count() > id.count())}
","24.C, 24.D mods"
"ClaimResponse.addItem.programCode","ClaimResponse.addItem.programCode","","","",0,*,"","","","CodeableConcept {[]} {[]}
","Program the product or service is provided under","Identifies the program under which this may be recovered.","For example: Neonatal program, child dental program or drug users recovery program.","Commonly used in in the identification of publicly provided program focused on population segments or disease classifications.","","","","","","","",,"example","Program specific reason codes.","http://hl7.org/fhir/ValueSet/ex-program-code|4.0.1","",,,,"ClaimResponse.addItem.programCode",0,*,"","ele-1:All FHIR elements must have a @value or children {hasValue() or (children().count() > id.count())}
","24.H"
"ClaimResponse.addItem.serviced[x]","ClaimResponse.addItem.serviced[x]","","","",0,1,"","","","date {[]} {[]}
Period {[]} {[]}","Date or dates of service or product delivery","The date or dates when the service or product was supplied, performed or completed.","","Needed to determine whether the  service or product was provided during the term of the insurance coverage.","","","","","","","",,,,,"",,,,"ClaimResponse.addItem.serviced[x]",0,1,"","ele-1:All FHIR elements must have a @value or children {hasValue() or (children().count() > id.count())}
","FiveWs.done[x]","24.A"
"ClaimResponse.addItem.location[x]","ClaimResponse.addItem.location[x]","","","",0,1,"","","","CodeableConcept {[]} {[]}
Address {[]} {[]}Reference {[]} {[CanonicalType[http://hl7.org/fhir/StructureDefinition/Location|4.0.1]]}","Place of service or where product was supplied","Where the product or service was provided.","","The location can alter whether the item was acceptable for insurance purposes or impact the determination of the benefit amount.","","","","","","","",,"example","Place of service: pharmacy, school, prison, etc.","http://hl7.org/fhir/ValueSet/service-place|4.0.1","",,,,"ClaimResponse.addItem.location[x]",0,1,"","ele-1:All FHIR elements must have a @value or children {hasValue() or (children().count() > id.count())}
","FiveWs.where[x]","24.B"
"ClaimResponse.addItem.quantity","ClaimResponse.addItem.quantity","","","",0,1,"","","","Quantity {[CanonicalType[http://hl7.org/fhir/StructureDefinition/SimpleQuantity|4.0.1]]} {[]}
","Count of products or services","The number of repetitions of a service or product.","","Required when the product or service code does not convey the quantity provided.","","","","","","","",,,,,"",,,,"ClaimResponse.addItem.quantity",0,1,"","ele-1:All FHIR elements must have a @value or children {hasValue() or (children().count() > id.count())}
","24.G"
"ClaimResponse.addItem.unitPrice","ClaimResponse.addItem.unitPrice","","","",0,1,"","","","Money {[]} {[]}
","Fee, charge or cost per item","If the item is not a group then this is the fee for the product or service, otherwise this is the total of the fees for the details of the group.","","The amount charged to the patient by the provider for a single unit.","","","","","","","",,,,,"",,,,"ClaimResponse.addItem.unitPrice",0,1,"","ele-1:All FHIR elements must have a @value or children {hasValue() or (children().count() > id.count())}
"
"ClaimResponse.addItem.factor","ClaimResponse.addItem.factor","","","",0,1,"","","","decimal {[]} {[]}
","Price scaling factor","A real number that represents a multiplier used in determining the overall value of services delivered and/or goods received. The concept of a Factor allows for a discount or surcharge multiplier to be applied to a monetary amount.","To show a 10% senior's discount, the value entered is: 0.90 (1.00 - 0.10).","When discounts are provided to a patient (example: Senior's discount) then this must be documented for adjudication.","","","","","","","",,,,,"",,,,"ClaimResponse.addItem.factor",0,1,"","ele-1:All FHIR elements must have a @value or children {hasValue() or (children().count() > id.count())}
"
"ClaimResponse.addItem.net","ClaimResponse.addItem.net","","","",0,1,"","","","Money {[]} {[]}
","Total item cost","The quantity times the unit price for an additional service or product or charge.","For example, the formula: quantity * unitPrice * factor  = net. Quantity and factor are assumed to be 1 if not supplied.","Provides the total amount claimed  for the group (if a grouper) or the line item.","","","","","","","",,,,,"",,,,"ClaimResponse.addItem.net",0,1,"","ele-1:All FHIR elements must have a @value or children {hasValue() or (children().count() > id.count())}
","24.F"
"ClaimResponse.addItem.bodySite","ClaimResponse.addItem.bodySite","","","",0,1,"","","","CodeableConcept {[]} {[]}
","Anatomical location","Physical service site on the patient (limb, tooth, etc.).","For example: Providing a tooth code allows an insurer to identify a provider performing a filling on a tooth that was previously removed.","Allows insurer to validate specific procedures.","","","","","","","",,"example","The code for the teeth, quadrant, sextant and arch.","http://hl7.org/fhir/ValueSet/tooth|4.0.1","",,,,"ClaimResponse.addItem.bodySite",0,1,"","ele-1:All FHIR elements must have a @value or children {hasValue() or (children().count() > id.count())}
"
"ClaimResponse.addItem.subSite","ClaimResponse.addItem.subSite","","","",0,*,"","","","CodeableConcept {[]} {[]}
","Anatomical sub-location","A region or surface of the bodySite, e.g. limb region or tooth surface(s).","","Allows insurer to validate specific procedures.","","","","","","","",,"example","The code for the tooth surface and surface combinations.","http://hl7.org/fhir/ValueSet/surface|4.0.1","",,,,"ClaimResponse.addItem.subSite",0,*,"","ele-1:All FHIR elements must have a @value or children {hasValue() or (children().count() > id.count())}
"
"ClaimResponse.addItem.noteNumber","ClaimResponse.addItem.noteNumber","","","",0,*,"","","","positiveInt {[]} {[]}
","Applicable note numbers","The numbers associated with notes below which apply to the adjudication of this item.","","Provides a condensed manner for associating human readable descriptive explanations for adjudications on the line item.","","","","","","","",,,,,"",,,,"ClaimResponse.addItem.noteNumber",0,*,"","ele-1:All FHIR elements must have a @value or children {hasValue() or (children().count() > id.count())}
"
"ClaimResponse.addItem.adjudication","ClaimResponse.addItem.adjudication","","","",1,*,"Y","","","BackboneElement {[]} {[]}
","A 碼加成的金額明細，至少應包含單價。","The adjudication results.","","","","","","","","","",,,,,"",,,,"ClaimResponse.addItem.adjudication",1,*,"","ele-1:All FHIR elements must have a @value or children {hasValue() or (children().count() > id.count())}
"
"ClaimResponse.addItem.adjudication.id","ClaimResponse.addItem.adjudication.id","","","",0,1,"","","","string {[]} {[]}
","Unique id for inter-element referencing","Unique id for the element within a resource (for internal references). This may be any string value that does not contain spaces.","","","","","","","","","",,,,,"",,,,"Element.id",0,1,"","","n/a"
"ClaimResponse.addItem.adjudication.extension","ClaimResponse.addItem.adjudication.extension","","extensions
user content","",0,*,"","","","Extension {[]} {[]}
","Additional content defined by implementations","May be used to represent additional information that is not part of the basic definition of the element. To make the use of extensions safe and manageable, there is a strict set of governance  applied to the definition and use of extensions. Though any implementer can define an extension, there is a set of requirements that SHALL be met as part of the definition of the extension.","There can be no stigma associated with the use of extensions by any application, project, or standard - regardless of the institution or jurisdiction that uses or defines the extensions.  The use of extensions is what allows the FHIR specification to retain a core level of simplicity for everyone.","","","","","","","","",,,,,"",,,,"Element.extension",0,*,"","ele-1:All FHIR elements must have a @value or children {hasValue() or (children().count() > id.count())}
ext-1:Must have either extensions or value[x], not both {extension.exists() != value.exists()}","n/a"
"ClaimResponse.addItem.adjudication.modifierExtension","ClaimResponse.addItem.adjudication.modifierExtension","","extensions
user contentmodifiers","",0,*,"","Y","Y","Extension {[]} {[]}
","Extensions that cannot be ignored even if unrecognized","May be used to represent additional information that is not part of the basic definition of the element and that modifies the understanding of the element in which it is contained and/or the understanding of the containing element's descendants. Usually modifier elements provide negation or qualification. To make the use of extensions safe and manageable, there is a strict set of governance applied to the definition and use of extensions. Though any implementer can define an extension, there is a set of requirements that SHALL be met as part of the definition of the extension. Applications processing a resource are required to check for modifier extensions.

Modifier extensions SHALL NOT change the meaning of any elements on Resource or DomainResource (including cannot change the meaning of modifierExtension itself).","There can be no stigma associated with the use of extensions by any application, project, or standard - regardless of the institution or jurisdiction that uses or defines the extensions.  The use of extensions is what allows the FHIR specification to retain a core level of simplicity for everyone.","Modifier extensions allow for extensions that *cannot* be safely ignored to be clearly distinguished from the vast majority of extensions which can be safely ignored.  This promotes interoperability by eliminating the need for implementers to prohibit the presence of extensions. For further information, see the [definition of modifier extensions](http://hl7.org/fhir/R4/extensibility.html#modifierExtension).","","","","","","","",,,,,"",,,,"BackboneElement.modifierExtension",0,*,"","ele-1:All FHIR elements must have a @value or children {hasValue() or (children().count() > id.count())}
ext-1:Must have either extensions or value[x], not both {extension.exists() != value.exists()}","N/A"
"ClaimResponse.addItem.adjudication.category","ClaimResponse.addItem.adjudication.category","","","",1,1,"Y","","","CodeableConcept {[]} {[]}
","金額的類別。[單價填入 price]","A code to indicate the information type of this adjudication record. Information types may include the value submitted, maximum values or percentages allowed or payable under the plan, amounts that: the patient is responsible for in aggregate or pertaining to this item; amounts paid by other coverages; and, the benefit payable for this item.","For example codes indicating: Co-Pay, deductible, eligible, benefit, tax, etc.","Needed to enable understanding of the context of the other information in the adjudication.","","","","","","","",,"extensible","","http://ltc-ig.fhir.tw/ValueSet/vs-tw-ltc-feeaudit-adjudication","",,,,"ClaimResponse.item.adjudication.category",1,1,"","ele-1:All FHIR elements must have a @value or children {hasValue() or (children().count() > id.count())}
"
"ClaimResponse.addItem.adjudication.reason","ClaimResponse.addItem.adjudication.reason","","","",0,1,"","","","CodeableConcept {[]} {[]}
","Explanation of adjudication outcome","A code supporting the understanding of the adjudication result and explaining variance from expected amount.","For example may indicate that the funds for this benefit type have been exhausted.","To support understanding of variance from adjudication expectations.","","","","","","","",,"example","The adjudication reason codes.","http://hl7.org/fhir/ValueSet/adjudication-reason|4.0.1","",,,,"ClaimResponse.item.adjudication.reason",0,1,"","ele-1:All FHIR elements must have a @value or children {hasValue() or (children().count() > id.count())}
"
"ClaimResponse.addItem.adjudication.amount","ClaimResponse.addItem.adjudication.amount","","","",0,1,"Y","","","Money {[]} {[]}
","金額的內容。[應填入新臺幣金額，幣別為 TWD]","Monetary amount associated with the category.","For example: amount submitted, eligible amount, co-payment, and benefit payable.","Most adjuciation categories convey a monetary amount.","","","","","","","",,,,,"",,,,"ClaimResponse.item.adjudication.amount",0,1,"","ele-1:All FHIR elements must have a @value or children {hasValue() or (children().count() > id.count())}
"
"ClaimResponse.addItem.adjudication.value","ClaimResponse.addItem.adjudication.value","","","",0,1,"","","","decimal {[]} {[]}
","Non-monetary value","A non-monetary value associated with the category. Mutually exclusive to the amount element above.","For example: eligible percentage or co-payment percentage.","Some adjudication categories convey a percentage or a fixed value.","","","","","","","",,,,,"",,,,"ClaimResponse.item.adjudication.value",0,1,"","ele-1:All FHIR elements must have a @value or children {hasValue() or (children().count() > id.count())}
"
"ClaimResponse.addItem.detail","ClaimResponse.addItem.detail","","","",0,*,"","","","BackboneElement {[]} {[]}
","Insurer added line details","The second-tier service adjudications for payor added services.","","","","","","","","","",,,,,"",,,,"ClaimResponse.addItem.detail",0,*,"","ele-1:All FHIR elements must have a @value or children {hasValue() or (children().count() > id.count())}
"
"ClaimResponse.addItem.detail.id","ClaimResponse.addItem.detail.id","","","",0,1,"","","","string {[]} {[]}
","Unique id for inter-element referencing","Unique id for the element within a resource (for internal references). This may be any string value that does not contain spaces.","","","","","","","","","",,,,,"",,,,"Element.id",0,1,"","","n/a"
"ClaimResponse.addItem.detail.extension","ClaimResponse.addItem.detail.extension","","extensions
user content","",0,*,"","","","Extension {[]} {[]}
","Additional content defined by implementations","May be used to represent additional information that is not part of the basic definition of the element. To make the use of extensions safe and manageable, there is a strict set of governance  applied to the definition and use of extensions. Though any implementer can define an extension, there is a set of requirements that SHALL be met as part of the definition of the extension.","There can be no stigma associated with the use of extensions by any application, project, or standard - regardless of the institution or jurisdiction that uses or defines the extensions.  The use of extensions is what allows the FHIR specification to retain a core level of simplicity for everyone.","","","","","","","","",,,,,"",,,,"Element.extension",0,*,"","ele-1:All FHIR elements must have a @value or children {hasValue() or (children().count() > id.count())}
ext-1:Must have either extensions or value[x], not both {extension.exists() != value.exists()}","n/a"
"ClaimResponse.addItem.detail.modifierExtension","ClaimResponse.addItem.detail.modifierExtension","","extensions
user contentmodifiers","",0,*,"","Y","Y","Extension {[]} {[]}
","Extensions that cannot be ignored even if unrecognized","May be used to represent additional information that is not part of the basic definition of the element and that modifies the understanding of the element in which it is contained and/or the understanding of the containing element's descendants. Usually modifier elements provide negation or qualification. To make the use of extensions safe and manageable, there is a strict set of governance applied to the definition and use of extensions. Though any implementer can define an extension, there is a set of requirements that SHALL be met as part of the definition of the extension. Applications processing a resource are required to check for modifier extensions.

Modifier extensions SHALL NOT change the meaning of any elements on Resource or DomainResource (including cannot change the meaning of modifierExtension itself).","There can be no stigma associated with the use of extensions by any application, project, or standard - regardless of the institution or jurisdiction that uses or defines the extensions.  The use of extensions is what allows the FHIR specification to retain a core level of simplicity for everyone.","Modifier extensions allow for extensions that *cannot* be safely ignored to be clearly distinguished from the vast majority of extensions which can be safely ignored.  This promotes interoperability by eliminating the need for implementers to prohibit the presence of extensions. For further information, see the [definition of modifier extensions](http://hl7.org/fhir/R4/extensibility.html#modifierExtension).","","","","","","","",,,,,"",,,,"BackboneElement.modifierExtension",0,*,"","ele-1:All FHIR elements must have a @value or children {hasValue() or (children().count() > id.count())}
ext-1:Must have either extensions or value[x], not both {extension.exists() != value.exists()}","N/A"
"ClaimResponse.addItem.detail.productOrService","ClaimResponse.addItem.detail.productOrService","","","",1,1,"","","","CodeableConcept {[]} {[]}
","Billing, service, product, or drug code","When the value is a group code then this item collects a set of related claim details, otherwise this contains the product, service, drug or other billing code for the item.","If this is an actual service or product line, i.e. not a Group, then use code to indicate the Professional Service or Product supplied (e.g. CTP, HCPCS, USCLS, ICD10, NCPDP, DIN, RxNorm, ACHI, CCI). If a grouping item then use a group code to indicate the type of thing being grouped e.g. 'glasses' or 'compound'.","Necessary to state what was provided or done.","","","","","","","",,"example","Allowable service and product codes.","http://hl7.org/fhir/ValueSet/service-uscls|4.0.1","",,,,"ClaimResponse.addItem.detail.productOrService",1,1,"","ele-1:All FHIR elements must have a @value or children {hasValue() or (children().count() > id.count())}
"
"ClaimResponse.addItem.detail.modifier","ClaimResponse.addItem.detail.modifier","","","",0,*,"","","","CodeableConcept {[]} {[]}
","Service/Product billing modifiers","Item typification or modifiers codes to convey additional context for the product or service.","For example in Oral whether the treatment is cosmetic or associated with TMJ, or for Medical whether the treatment was outside the clinic or outside of office hours.","To support inclusion of the item for adjudication or to charge an elevated fee.","","","","","","","",,"example","Item type or modifiers codes, eg for Oral whether the treatment is cosmetic or associated with TMJ, or an appliance was lost or stolen.","http://hl7.org/fhir/ValueSet/claim-modifiers|4.0.1","",,,,"ClaimResponse.addItem.detail.modifier",0,*,"","ele-1:All FHIR elements must have a @value or children {hasValue() or (children().count() > id.count())}
","24.C, 24.D mods"
"ClaimResponse.addItem.detail.quantity","ClaimResponse.addItem.detail.quantity","","","",0,1,"","","","Quantity {[CanonicalType[http://hl7.org/fhir/StructureDefinition/SimpleQuantity|4.0.1]]} {[]}
","Count of products or services","The number of repetitions of a service or product.","","Required when the product or service code does not convey the quantity provided.","","","","","","","",,,,,"",,,,"ClaimResponse.addItem.detail.quantity",0,1,"","ele-1:All FHIR elements must have a @value or children {hasValue() or (children().count() > id.count())}
","24.G"
"ClaimResponse.addItem.detail.unitPrice","ClaimResponse.addItem.detail.unitPrice","","","",0,1,"","","","Money {[]} {[]}
","Fee, charge or cost per item","If the item is not a group then this is the fee for the product or service, otherwise this is the total of the fees for the details of the group.","","The amount charged to the patient by the provider for a single unit.","","","","","","","",,,,,"",,,,"ClaimResponse.addItem.detail.unitPrice",0,1,"","ele-1:All FHIR elements must have a @value or children {hasValue() or (children().count() > id.count())}
"
"ClaimResponse.addItem.detail.factor","ClaimResponse.addItem.detail.factor","","","",0,1,"","","","decimal {[]} {[]}
","Price scaling factor","A real number that represents a multiplier used in determining the overall value of services delivered and/or goods received. The concept of a Factor allows for a discount or surcharge multiplier to be applied to a monetary amount.","To show a 10% senior's discount, the value entered is: 0.90 (1.00 - 0.10).","When discounts are provided to a patient (example: Senior's discount) then this must be documented for adjudication.","","","","","","","",,,,,"",,,,"ClaimResponse.addItem.detail.factor",0,1,"","ele-1:All FHIR elements must have a @value or children {hasValue() or (children().count() > id.count())}
"
"ClaimResponse.addItem.detail.net","ClaimResponse.addItem.detail.net","","","",0,1,"","","","Money {[]} {[]}
","Total item cost","The quantity times the unit price for an additional service or product or charge.","For example, the formula: quantity * unitPrice * factor  = net. Quantity and factor are assumed to be 1 if not supplied.","Provides the total amount claimed  for the group (if a grouper) or the line item.","","","","","","","",,,,,"",,,,"ClaimResponse.addItem.detail.net",0,1,"","ele-1:All FHIR elements must have a @value or children {hasValue() or (children().count() > id.count())}
","24.F"
"ClaimResponse.addItem.detail.noteNumber","ClaimResponse.addItem.detail.noteNumber","","","",0,*,"","","","positiveInt {[]} {[]}
","Applicable note numbers","The numbers associated with notes below which apply to the adjudication of this item.","","Provides a condensed manner for associating human readable descriptive explanations for adjudications on the line item.","","","","","","","",,,,,"",,,,"ClaimResponse.addItem.detail.noteNumber",0,*,"","ele-1:All FHIR elements must have a @value or children {hasValue() or (children().count() > id.count())}
"
"ClaimResponse.addItem.detail.adjudication","ClaimResponse.addItem.detail.adjudication","","","",1,*,"","","","null {[]} {[]}
","Added items detail adjudication","The adjudication results.","","","","","","","","","",,,,,"",,,,"ClaimResponse.addItem.detail.adjudication",1,*,"","ele-1:All FHIR elements must have a @value or children {hasValue() or (children().count() > id.count())}
"
"ClaimResponse.addItem.detail.subDetail","ClaimResponse.addItem.detail.subDetail","","","",0,*,"","","","BackboneElement {[]} {[]}
","Insurer added line items","The third-tier service adjudications for payor added services.","","","","","","","","","",,,,,"",,,,"ClaimResponse.addItem.detail.subDetail",0,*,"","ele-1:All FHIR elements must have a @value or children {hasValue() or (children().count() > id.count())}
"
"ClaimResponse.addItem.detail.subDetail.id","ClaimResponse.addItem.detail.subDetail.id","","","",0,1,"","","","string {[]} {[]}
","Unique id for inter-element referencing","Unique id for the element within a resource (for internal references). This may be any string value that does not contain spaces.","","","","","","","","","",,,,,"",,,,"Element.id",0,1,"","","n/a"
"ClaimResponse.addItem.detail.subDetail.extension","ClaimResponse.addItem.detail.subDetail.extension","","extensions
user content","",0,*,"","","","Extension {[]} {[]}
","Additional content defined by implementations","May be used to represent additional information that is not part of the basic definition of the element. To make the use of extensions safe and manageable, there is a strict set of governance  applied to the definition and use of extensions. Though any implementer can define an extension, there is a set of requirements that SHALL be met as part of the definition of the extension.","There can be no stigma associated with the use of extensions by any application, project, or standard - regardless of the institution or jurisdiction that uses or defines the extensions.  The use of extensions is what allows the FHIR specification to retain a core level of simplicity for everyone.","","","","","","","","",,,,,"",,,,"Element.extension",0,*,"","ele-1:All FHIR elements must have a @value or children {hasValue() or (children().count() > id.count())}
ext-1:Must have either extensions or value[x], not both {extension.exists() != value.exists()}","n/a"
"ClaimResponse.addItem.detail.subDetail.modifierExtension","ClaimResponse.addItem.detail.subDetail.modifierExtension","","extensions
user contentmodifiers","",0,*,"","Y","Y","Extension {[]} {[]}
","Extensions that cannot be ignored even if unrecognized","May be used to represent additional information that is not part of the basic definition of the element and that modifies the understanding of the element in which it is contained and/or the understanding of the containing element's descendants. Usually modifier elements provide negation or qualification. To make the use of extensions safe and manageable, there is a strict set of governance applied to the definition and use of extensions. Though any implementer can define an extension, there is a set of requirements that SHALL be met as part of the definition of the extension. Applications processing a resource are required to check for modifier extensions.

Modifier extensions SHALL NOT change the meaning of any elements on Resource or DomainResource (including cannot change the meaning of modifierExtension itself).","There can be no stigma associated with the use of extensions by any application, project, or standard - regardless of the institution or jurisdiction that uses or defines the extensions.  The use of extensions is what allows the FHIR specification to retain a core level of simplicity for everyone.","Modifier extensions allow for extensions that *cannot* be safely ignored to be clearly distinguished from the vast majority of extensions which can be safely ignored.  This promotes interoperability by eliminating the need for implementers to prohibit the presence of extensions. For further information, see the [definition of modifier extensions](http://hl7.org/fhir/R4/extensibility.html#modifierExtension).","","","","","","","",,,,,"",,,,"BackboneElement.modifierExtension",0,*,"","ele-1:All FHIR elements must have a @value or children {hasValue() or (children().count() > id.count())}
ext-1:Must have either extensions or value[x], not both {extension.exists() != value.exists()}","N/A"
"ClaimResponse.addItem.detail.subDetail.productOrService","ClaimResponse.addItem.detail.subDetail.productOrService","","","",1,1,"","","","CodeableConcept {[]} {[]}
","Billing, service, product, or drug code","When the value is a group code then this item collects a set of related claim details, otherwise this contains the product, service, drug or other billing code for the item.","If this is an actual service or product line, i.e. not a Group, then use code to indicate the Professional Service or Product supplied (e.g. CTP, HCPCS, USCLS, ICD10, NCPDP, DIN, RxNorm, ACHI, CCI). If a grouping item then use a group code to indicate the type of thing being grouped e.g. 'glasses' or 'compound'.","Necessary to state what was provided or done.","","","","","","","",,"example","Allowable service and product codes.","http://hl7.org/fhir/ValueSet/service-uscls|4.0.1","",,,,"ClaimResponse.addItem.detail.subDetail.productOrService",1,1,"","ele-1:All FHIR elements must have a @value or children {hasValue() or (children().count() > id.count())}
"
"ClaimResponse.addItem.detail.subDetail.modifier","ClaimResponse.addItem.detail.subDetail.modifier","","","",0,*,"","","","CodeableConcept {[]} {[]}
","Service/Product billing modifiers","Item typification or modifiers codes to convey additional context for the product or service.","For example in Oral whether the treatment is cosmetic or associated with TMJ, or for Medical whether the treatment was outside the clinic or outside of office hours.","To support inclusion of the item for adjudication or to charge an elevated fee.","","","","","","","",,"example","Item type or modifiers codes, eg for Oral whether the treatment is cosmetic or associated with TMJ, or an appliance was lost or stolen.","http://hl7.org/fhir/ValueSet/claim-modifiers|4.0.1","",,,,"ClaimResponse.addItem.detail.subDetail.modifier",0,*,"","ele-1:All FHIR elements must have a @value or children {hasValue() or (children().count() > id.count())}
","24.C, 24.D mods"
"ClaimResponse.addItem.detail.subDetail.quantity","ClaimResponse.addItem.detail.subDetail.quantity","","","",0,1,"","","","Quantity {[CanonicalType[http://hl7.org/fhir/StructureDefinition/SimpleQuantity|4.0.1]]} {[]}
","Count of products or services","The number of repetitions of a service or product.","","Required when the product or service code does not convey the quantity provided.","","","","","","","",,,,,"",,,,"ClaimResponse.addItem.detail.subDetail.quantity",0,1,"","ele-1:All FHIR elements must have a @value or children {hasValue() or (children().count() > id.count())}
","24.G"
"ClaimResponse.addItem.detail.subDetail.unitPrice","ClaimResponse.addItem.detail.subDetail.unitPrice","","","",0,1,"","","","Money {[]} {[]}
","Fee, charge or cost per item","If the item is not a group then this is the fee for the product or service, otherwise this is the total of the fees for the details of the group.","","The amount charged to the patient by the provider for a single unit.","","","","","","","",,,,,"",,,,"ClaimResponse.addItem.detail.subDetail.unitPrice",0,1,"","ele-1:All FHIR elements must have a @value or children {hasValue() or (children().count() > id.count())}
"
"ClaimResponse.addItem.detail.subDetail.factor","ClaimResponse.addItem.detail.subDetail.factor","","","",0,1,"","","","decimal {[]} {[]}
","Price scaling factor","A real number that represents a multiplier used in determining the overall value of services delivered and/or goods received. The concept of a Factor allows for a discount or surcharge multiplier to be applied to a monetary amount.","To show a 10% senior's discount, the value entered is: 0.90 (1.00 - 0.10).","When discounts are provided to a patient (example: Senior's discount) then this must be documented for adjudication.","","","","","","","",,,,,"",,,,"ClaimResponse.addItem.detail.subDetail.factor",0,1,"","ele-1:All FHIR elements must have a @value or children {hasValue() or (children().count() > id.count())}
"
"ClaimResponse.addItem.detail.subDetail.net","ClaimResponse.addItem.detail.subDetail.net","","","",0,1,"","","","Money {[]} {[]}
","Total item cost","The quantity times the unit price for an additional service or product or charge.","For example, the formula: quantity * unitPrice * factor  = net. Quantity and factor are assumed to be 1 if not supplied.","Provides the total amount claimed  for the group (if a grouper) or the line item.","","","","","","","",,,,,"",,,,"ClaimResponse.addItem.detail.subDetail.net",0,1,"","ele-1:All FHIR elements must have a @value or children {hasValue() or (children().count() > id.count())}
","24.F"
"ClaimResponse.addItem.detail.subDetail.noteNumber","ClaimResponse.addItem.detail.subDetail.noteNumber","","","",0,*,"","","","positiveInt {[]} {[]}
","Applicable note numbers","The numbers associated with notes below which apply to the adjudication of this item.","","Provides a condensed manner for associating human readable descriptive explanations for adjudications on the line item.","","","","","","","",,,,,"",,,,"ClaimResponse.addItem.detail.subDetail.noteNumber",0,*,"","ele-1:All FHIR elements must have a @value or children {hasValue() or (children().count() > id.count())}
"
"ClaimResponse.addItem.detail.subDetail.adjudication","ClaimResponse.addItem.detail.subDetail.adjudication","","","",1,*,"","","","null {[]} {[]}
","Added items detail adjudication","The adjudication results.","","","","","","","","","",,,,,"",,,,"ClaimResponse.addItem.detail.subDetail.adjudication",1,*,"","ele-1:All FHIR elements must have a @value or children {hasValue() or (children().count() > id.count())}
"
"ClaimResponse.adjudication","ClaimResponse.adjudication","","","",0,*,"","","","null {[]} {[]}
","Header-level adjudication","The adjudication results which are presented at the header level rather than at the line-item or add-item levels.","","Some insurers will receive line-items but provide the adjudication only at a summary or header-level.","","","","","","","",,,,,"",,,,"ClaimResponse.adjudication",0,*,"","ele-1:All FHIR elements must have a @value or children {hasValue() or (children().count() > id.count())}
"
"ClaimResponse.total","ClaimResponse.total","","","",0,*,"Y","","Y","BackboneElement {[]} {[]}
","本分案的各項金額","每類金額分別填寫一筆。category 填入金額類別：submitted 申請核銷、approveFee 核定、aSvcFee 政策鼓勵、incInAcc 核增、decInAcc 核減、tempPaymentFee 暫付。amount 填入該類別的新臺幣金額。","Totals for amounts submitted, co-pays, benefits payable etc.","To provide the requestor with financial totals by category for the adjudication.","","","","","","","",,,,,"",,,,"ClaimResponse.total",0,*,"","ele-1:All FHIR elements must have a @value or children {hasValue() or (children().count() > id.count())}
"
"ClaimResponse.total.id","ClaimResponse.total.id","","","",0,1,"","","","string {[]} {[]}
","Unique id for inter-element referencing","Unique id for the element within a resource (for internal references). This may be any string value that does not contain spaces.","","","","","","","","","",,,,,"",,,,"Element.id",0,1,"","","n/a"
"ClaimResponse.total.extension","ClaimResponse.total.extension","","extensions
user content","",0,*,"","","","Extension {[]} {[]}
","Additional content defined by implementations","May be used to represent additional information that is not part of the basic definition of the element. To make the use of extensions safe and manageable, there is a strict set of governance  applied to the definition and use of extensions. Though any implementer can define an extension, there is a set of requirements that SHALL be met as part of the definition of the extension.","There can be no stigma associated with the use of extensions by any application, project, or standard - regardless of the institution or jurisdiction that uses or defines the extensions.  The use of extensions is what allows the FHIR specification to retain a core level of simplicity for everyone.","","","","","","","","",,,,,"",,,,"Element.extension",0,*,"","ele-1:All FHIR elements must have a @value or children {hasValue() or (children().count() > id.count())}
ext-1:Must have either extensions or value[x], not both {extension.exists() != value.exists()}","n/a"
"ClaimResponse.total.modifierExtension","ClaimResponse.total.modifierExtension","","extensions
user contentmodifiers","",0,*,"","Y","Y","Extension {[]} {[]}
","Extensions that cannot be ignored even if unrecognized","May be used to represent additional information that is not part of the basic definition of the element and that modifies the understanding of the element in which it is contained and/or the understanding of the containing element's descendants. Usually modifier elements provide negation or qualification. To make the use of extensions safe and manageable, there is a strict set of governance applied to the definition and use of extensions. Though any implementer can define an extension, there is a set of requirements that SHALL be met as part of the definition of the extension. Applications processing a resource are required to check for modifier extensions.

Modifier extensions SHALL NOT change the meaning of any elements on Resource or DomainResource (including cannot change the meaning of modifierExtension itself).","There can be no stigma associated with the use of extensions by any application, project, or standard - regardless of the institution or jurisdiction that uses or defines the extensions.  The use of extensions is what allows the FHIR specification to retain a core level of simplicity for everyone.","Modifier extensions allow for extensions that *cannot* be safely ignored to be clearly distinguished from the vast majority of extensions which can be safely ignored.  This promotes interoperability by eliminating the need for implementers to prohibit the presence of extensions. For further information, see the [definition of modifier extensions](http://hl7.org/fhir/R4/extensibility.html#modifierExtension).","","","","","","","",,,,,"",,,,"BackboneElement.modifierExtension",0,*,"","ele-1:All FHIR elements must have a @value or children {hasValue() or (children().count() > id.count())}
ext-1:Must have either extensions or value[x], not both {extension.exists() != value.exists()}","N/A"
"ClaimResponse.total.category","ClaimResponse.total.category","","","",1,1,"Y","","Y","CodeableConcept {[]} {[]}
","金額的類別，用以區分申請核銷、核定、政策鼓勵、核增、核減與暫付金額。","A code to indicate the information type of this adjudication record. Information types may include: the value submitted, maximum values or percentages allowed or payable under the plan, amounts that the patient is responsible for in aggregate or pertaining to this item, amounts paid by other coverages, and the benefit payable for this item.","For example codes indicating: Co-Pay, deductible, eligible, benefit, tax, etc.","Needed to convey the type of total provided.","","","","","","","",,"extensible","","http://ltc-ig.fhir.tw/ValueSet/vs-tw-ltc-feeaudit-adjudication","",,,,"ClaimResponse.total.category",1,1,"","ele-1:All FHIR elements must have a @value or children {hasValue() or (children().count() > id.count())}
"
"ClaimResponse.total.amount","ClaimResponse.total.amount","","","",1,1,"Y","","Y","Money {[]} {[]}
","金額的內容。[應填入新臺幣金額，幣別為 TWD]","Monetary total amount associated with the category.","","Needed to convey the total monetary amount.","","","","","","","",,,,,"",,,,"ClaimResponse.total.amount",1,1,"","ele-1:All FHIR elements must have a @value or children {hasValue() or (children().count() > id.count())}
"
"ClaimResponse.payment","ClaimResponse.payment","","","",0,1,"","","","BackboneElement {[]} {[]}
","Payment Details","Payment details for the adjudication of the claim.","","Needed to convey references to the financial instrument that has been used if payment has been made.","","","","","","","",,,,,"",,,,"ClaimResponse.payment",0,1,"","ele-1:All FHIR elements must have a @value or children {hasValue() or (children().count() > id.count())}
"
"ClaimResponse.payment.id","ClaimResponse.payment.id","","","",0,1,"","","","string {[]} {[]}
","Unique id for inter-element referencing","Unique id for the element within a resource (for internal references). This may be any string value that does not contain spaces.","","","","","","","","","",,,,,"",,,,"Element.id",0,1,"","","n/a"
"ClaimResponse.payment.extension","ClaimResponse.payment.extension","","extensions
user content","",0,*,"","","","Extension {[]} {[]}
","Additional content defined by implementations","May be used to represent additional information that is not part of the basic definition of the element. To make the use of extensions safe and manageable, there is a strict set of governance  applied to the definition and use of extensions. Though any implementer can define an extension, there is a set of requirements that SHALL be met as part of the definition of the extension.","There can be no stigma associated with the use of extensions by any application, project, or standard - regardless of the institution or jurisdiction that uses or defines the extensions.  The use of extensions is what allows the FHIR specification to retain a core level of simplicity for everyone.","","","","","","","","",,,,,"",,,,"Element.extension",0,*,"","ele-1:All FHIR elements must have a @value or children {hasValue() or (children().count() > id.count())}
ext-1:Must have either extensions or value[x], not both {extension.exists() != value.exists()}","n/a"
"ClaimResponse.payment.modifierExtension","ClaimResponse.payment.modifierExtension","","extensions
user contentmodifiers","",0,*,"","Y","Y","Extension {[]} {[]}
","Extensions that cannot be ignored even if unrecognized","May be used to represent additional information that is not part of the basic definition of the element and that modifies the understanding of the element in which it is contained and/or the understanding of the containing element's descendants. Usually modifier elements provide negation or qualification. To make the use of extensions safe and manageable, there is a strict set of governance applied to the definition and use of extensions. Though any implementer can define an extension, there is a set of requirements that SHALL be met as part of the definition of the extension. Applications processing a resource are required to check for modifier extensions.

Modifier extensions SHALL NOT change the meaning of any elements on Resource or DomainResource (including cannot change the meaning of modifierExtension itself).","There can be no stigma associated with the use of extensions by any application, project, or standard - regardless of the institution or jurisdiction that uses or defines the extensions.  The use of extensions is what allows the FHIR specification to retain a core level of simplicity for everyone.","Modifier extensions allow for extensions that *cannot* be safely ignored to be clearly distinguished from the vast majority of extensions which can be safely ignored.  This promotes interoperability by eliminating the need for implementers to prohibit the presence of extensions. For further information, see the [definition of modifier extensions](http://hl7.org/fhir/R4/extensibility.html#modifierExtension).","","","","","","","",,,,,"",,,,"BackboneElement.modifierExtension",0,*,"","ele-1:All FHIR elements must have a @value or children {hasValue() or (children().count() > id.count())}
ext-1:Must have either extensions or value[x], not both {extension.exists() != value.exists()}","N/A"
"ClaimResponse.payment.type","ClaimResponse.payment.type","","","",1,1,"","","","CodeableConcept {[]} {[]}
","Partial or complete payment","Whether this represents partial or complete payment of the benefits payable.","","To advise the requestor when the insurer believes all payments to have been completed.","","","","","","","",,"example","The type (partial, complete) of the payment.","http://hl7.org/fhir/ValueSet/ex-paymenttype|4.0.1","",,,,"ClaimResponse.payment.type",1,1,"","ele-1:All FHIR elements must have a @value or children {hasValue() or (children().count() > id.count())}
"
"ClaimResponse.payment.adjustment","ClaimResponse.payment.adjustment","","","",0,1,"","","","Money {[]} {[]}
","Payment adjustment for non-claim issues","Total amount of all adjustments to this payment included in this transaction which are not related to this claim's adjudication.","Insurers will deduct amounts owing from the provider (adjustment), such as a prior overpayment, from the amount owing to the provider (benefits payable) when payment is made to the provider.","To advise the requestor of adjustments applied to the payment.","","","","","","","",,,,,"",,,,"ClaimResponse.payment.adjustment",0,1,"","ele-1:All FHIR elements must have a @value or children {hasValue() or (children().count() > id.count())}
"
"ClaimResponse.payment.adjustmentReason","ClaimResponse.payment.adjustmentReason","","","",0,1,"","","","CodeableConcept {[]} {[]}
","Explanation for the adjustment","Reason for the payment adjustment.","","Needed to clarify the monetary adjustment.","","","","","","","",,"example","Payment Adjustment reason codes.","http://hl7.org/fhir/ValueSet/payment-adjustment-reason|4.0.1","",,,,"ClaimResponse.payment.adjustmentReason",0,1,"","ele-1:All FHIR elements must have a @value or children {hasValue() or (children().count() > id.count())}
"
"ClaimResponse.payment.date","ClaimResponse.payment.date","","","",0,1,"","","","date {[]} {[]}
","Expected date of payment","Estimated date the payment will be issued or the actual issue date of payment.","","To advise the payee when payment can be expected.","","","","","","","",,,,,"",,,,"ClaimResponse.payment.date",0,1,"","ele-1:All FHIR elements must have a @value or children {hasValue() or (children().count() > id.count())}
"
"ClaimResponse.payment.amount","ClaimResponse.payment.amount","","","",1,1,"","","","Money {[]} {[]}
","Payable amount after adjustment","Benefits payable less any payment adjustment.","","Needed to provide the actual payment amount.","","","","","","","",,,,,"",,,,"ClaimResponse.payment.amount",1,1,"","ele-1:All FHIR elements must have a @value or children {hasValue() or (children().count() > id.count())}
"
"ClaimResponse.payment.identifier","ClaimResponse.payment.identifier","","","",0,1,"","","","Identifier {[]} {[]}
","Business identifier for the payment","Issuer's unique identifier for the payment instrument.","For example: EFT number or check number.","Enable the receiver to reconcile when payment received.","","","","","","","",,,,,"",,,,"ClaimResponse.payment.identifier",0,1,"","ele-1:All FHIR elements must have a @value or children {hasValue() or (children().count() > id.count())}
"
"ClaimResponse.fundsReserve","ClaimResponse.fundsReserve","","","",0,1,"","","","CodeableConcept {[]} {[]}
","Funds reserved status","A code, used only on a response to a preauthorization, to indicate whether the benefits payable have been reserved and for whom.","Fund would be release by a future claim quoting the preAuthRef of this response. Examples of values include: provider, patient, none.","Needed to advise the submitting provider on whether the rquest for reservation of funds has been honored.","","","","","","","",,"example","For whom funds are to be reserved: (Patient, Provider, None).","http://hl7.org/fhir/ValueSet/fundsreserve|4.0.1","",,,,"ClaimResponse.fundsReserve",0,1,"","ele-1:All FHIR elements must have a @value or children {hasValue() or (children().count() > id.count())}
"
"ClaimResponse.formCode","ClaimResponse.formCode","","","",0,1,"","","","CodeableConcept {[]} {[]}
","Printed form identifier","A code for the form to be used for printing the content.","May be needed to identify specific jurisdictional forms.","Needed to specify the specific form used for producing output for this response.","","","","","","","",,"example","The forms codes.","http://hl7.org/fhir/ValueSet/forms|4.0.1","",,,,"ClaimResponse.formCode",0,1,"","ele-1:All FHIR elements must have a @value or children {hasValue() or (children().count() > id.count())}
"
"ClaimResponse.form","ClaimResponse.form","","","",0,1,"","","","Attachment {[]} {[]}
","Printed reference or actual form","The actual form, by reference or inclusion, for printing the content or an EOB.","Needed to permit insurers to include the actual form.","Needed to include the specific form used for producing output for this response.","","","","","","","",,,,,"",,,,"ClaimResponse.form",0,1,"","ele-1:All FHIR elements must have a @value or children {hasValue() or (children().count() > id.count())}
"
"ClaimResponse.processNote","ClaimResponse.processNote","","","",0,*,"Y","","","BackboneElement {[]} {[]}
","審核結果的附註，例如核增或核減原因。","核增或核減原因應分別填寫附註，並給予編號，供服務紀錄的 noteNumber 引用。","","Provides the insurer specific textual explanations associated with the processing.","","","","","","","",,,,,"",,,,"ClaimResponse.processNote",0,*,"","ele-1:All FHIR elements must have a @value or children {hasValue() or (children().count() > id.count())}
"
"ClaimResponse.processNote.id","ClaimResponse.processNote.id","","","",0,1,"","","","string {[]} {[]}
","Unique id for inter-element referencing","Unique id for the element within a resource (for internal references). This may be any string value that does not contain spaces.","","","","","","","","","",,,,,"",,,,"Element.id",0,1,"","","n/a"
"ClaimResponse.processNote.extension","ClaimResponse.processNote.extension","","extensions
user content","",0,*,"","","","Extension {[]} {[]}
","Additional content defined by implementations","May be used to represent additional information that is not part of the basic definition of the element. To make the use of extensions safe and manageable, there is a strict set of governance  applied to the definition and use of extensions. Though any implementer can define an extension, there is a set of requirements that SHALL be met as part of the definition of the extension.","There can be no stigma associated with the use of extensions by any application, project, or standard - regardless of the institution or jurisdiction that uses or defines the extensions.  The use of extensions is what allows the FHIR specification to retain a core level of simplicity for everyone.","","","","","","","","",,,,,"",,,,"Element.extension",0,*,"","ele-1:All FHIR elements must have a @value or children {hasValue() or (children().count() > id.count())}
ext-1:Must have either extensions or value[x], not both {extension.exists() != value.exists()}","n/a"
"ClaimResponse.processNote.modifierExtension","ClaimResponse.processNote.modifierExtension","","extensions
user contentmodifiers","",0,*,"","Y","Y","Extension {[]} {[]}
","Extensions that cannot be ignored even if unrecognized","May be used to represent additional information that is not part of the basic definition of the element and that modifies the understanding of the element in which it is contained and/or the understanding of the containing element's descendants. Usually modifier elements provide negation or qualification. To make the use of extensions safe and manageable, there is a strict set of governance applied to the definition and use of extensions. Though any implementer can define an extension, there is a set of requirements that SHALL be met as part of the definition of the extension. Applications processing a resource are required to check for modifier extensions.

Modifier extensions SHALL NOT change the meaning of any elements on Resource or DomainResource (including cannot change the meaning of modifierExtension itself).","There can be no stigma associated with the use of extensions by any application, project, or standard - regardless of the institution or jurisdiction that uses or defines the extensions.  The use of extensions is what allows the FHIR specification to retain a core level of simplicity for everyone.","Modifier extensions allow for extensions that *cannot* be safely ignored to be clearly distinguished from the vast majority of extensions which can be safely ignored.  This promotes interoperability by eliminating the need for implementers to prohibit the presence of extensions. For further information, see the [definition of modifier extensions](http://hl7.org/fhir/R4/extensibility.html#modifierExtension).","","","","","","","",,,,,"",,,,"BackboneElement.modifierExtension",0,*,"","ele-1:All FHIR elements must have a @value or children {hasValue() or (children().count() > id.count())}
ext-1:Must have either extensions or value[x], not both {extension.exists() != value.exists()}","N/A"
"ClaimResponse.processNote.number","ClaimResponse.processNote.number","","","",1,1,"Y","","","positiveInt {[]} {[]}
","審核附註的編號。[應填入正整數，供服務紀錄的 noteNumber 引用]","A number to uniquely identify a note entry.","","Necessary to provide a mechanism to link from adjudications.","","","","","","","",,,,,"",,,,"ClaimResponse.processNote.number",0,1,"","ele-1:All FHIR elements must have a @value or children {hasValue() or (children().count() > id.count())}
"
"ClaimResponse.processNote.type","ClaimResponse.processNote.type","","","",0,1,"","","","code {[]} {[]}
","display | print | printoper","The business purpose of the note text.","","To convey the expectation for when the text is used.","","","","","","","",,"required","The presentation types of notes.","http://hl7.org/fhir/ValueSet/note-type|4.0.1","",,,,"ClaimResponse.processNote.type",0,1,"","ele-1:All FHIR elements must have a @value or children {hasValue() or (children().count() > id.count())}
"
"ClaimResponse.processNote.text","ClaimResponse.processNote.text","","","",1,1,"Y","","","string {[]} {[]}
","審核附註的內容","The explanation or description associated with the processing.","","Required to provide human readable explanation.","","","","","","","",,,,,"",,,,"ClaimResponse.processNote.text",1,1,"","ele-1:All FHIR elements must have a @value or children {hasValue() or (children().count() > id.count())}
"
"ClaimResponse.processNote.language","ClaimResponse.processNote.language","","","",0,1,"","","","CodeableConcept {[]} {[]}
","Language of the text","A code to define the language used in the text of the note.","Only required if the language is different from the resource language.","Note text may vary from the resource defined language.","","","","","","","",,"preferred","A human language.","http://hl7.org/fhir/ValueSet/languages|4.0.1","",,,,"ClaimResponse.processNote.language",0,1,"","ele-1:All FHIR elements must have a @value or children {hasValue() or (children().count() > id.count())}
"
"ClaimResponse.communicationRequest","ClaimResponse.communicationRequest","","","",0,*,"","","","Reference {[]} {[CanonicalType[http://hl7.org/fhir/StructureDefinition/CommunicationRequest|4.0.1]]}
","Request for additional information","Request for additional supporting or authorizing information.","For example: professional reports, documents, images, clinical resources, or accident reports.","Need to communicate insurer request for additional information required to support the adjudication.","","","","","","","",,,,,"",,,,"ClaimResponse.communicationRequest",0,*,"","ele-1:All FHIR elements must have a @value or children {hasValue() or (children().count() > id.count())}
"
"ClaimResponse.insurance","ClaimResponse.insurance","","","",0,*,"","","","BackboneElement {[]} {[]}
","Patient insurance information","Financial instruments for reimbursement for the health care products and services specified on the claim.","All insurance coverages for the patient which may be applicable for reimbursement, of the products and services listed in the claim, are typically provided in the claim to allow insurers to confirm the ordering of the insurance coverages relative to local 'coordination of benefit' rules. One coverage (and only one) with 'focal=true' is to be used in the adjudication of this claim. Coverages appearing before the focal Coverage in the list, and where 'subrogation=false', should provide a reference to the ClaimResponse containing the adjudication results of the prior claim.","At least one insurer is required for a claim to be a claim.","","","","","","","",,,,,"",,,,"ClaimResponse.insurance",0,*,"","ele-1:All FHIR elements must have a @value or children {hasValue() or (children().count() > id.count())}
","Coverage"
"ClaimResponse.insurance.id","ClaimResponse.insurance.id","","","",0,1,"","","","string {[]} {[]}
","Unique id for inter-element referencing","Unique id for the element within a resource (for internal references). This may be any string value that does not contain spaces.","","","","","","","","","",,,,,"",,,,"Element.id",0,1,"","","n/a"
"ClaimResponse.insurance.extension","ClaimResponse.insurance.extension","","extensions
user content","",0,*,"","","","Extension {[]} {[]}
","Additional content defined by implementations","May be used to represent additional information that is not part of the basic definition of the element. To make the use of extensions safe and manageable, there is a strict set of governance  applied to the definition and use of extensions. Though any implementer can define an extension, there is a set of requirements that SHALL be met as part of the definition of the extension.","There can be no stigma associated with the use of extensions by any application, project, or standard - regardless of the institution or jurisdiction that uses or defines the extensions.  The use of extensions is what allows the FHIR specification to retain a core level of simplicity for everyone.","","","","","","","","",,,,,"",,,,"Element.extension",0,*,"","ele-1:All FHIR elements must have a @value or children {hasValue() or (children().count() > id.count())}
ext-1:Must have either extensions or value[x], not both {extension.exists() != value.exists()}","n/a"
"ClaimResponse.insurance.modifierExtension","ClaimResponse.insurance.modifierExtension","","extensions
user contentmodifiers","",0,*,"","Y","Y","Extension {[]} {[]}
","Extensions that cannot be ignored even if unrecognized","May be used to represent additional information that is not part of the basic definition of the element and that modifies the understanding of the element in which it is contained and/or the understanding of the containing element's descendants. Usually modifier elements provide negation or qualification. To make the use of extensions safe and manageable, there is a strict set of governance applied to the definition and use of extensions. Though any implementer can define an extension, there is a set of requirements that SHALL be met as part of the definition of the extension. Applications processing a resource are required to check for modifier extensions.

Modifier extensions SHALL NOT change the meaning of any elements on Resource or DomainResource (including cannot change the meaning of modifierExtension itself).","There can be no stigma associated with the use of extensions by any application, project, or standard - regardless of the institution or jurisdiction that uses or defines the extensions.  The use of extensions is what allows the FHIR specification to retain a core level of simplicity for everyone.","Modifier extensions allow for extensions that *cannot* be safely ignored to be clearly distinguished from the vast majority of extensions which can be safely ignored.  This promotes interoperability by eliminating the need for implementers to prohibit the presence of extensions. For further information, see the [definition of modifier extensions](http://hl7.org/fhir/R4/extensibility.html#modifierExtension).","","","","","","","",,,,,"",,,,"BackboneElement.modifierExtension",0,*,"","ele-1:All FHIR elements must have a @value or children {hasValue() or (children().count() > id.count())}
ext-1:Must have either extensions or value[x], not both {extension.exists() != value.exists()}","N/A"
"ClaimResponse.insurance.sequence","ClaimResponse.insurance.sequence","","","",1,1,"","","","positiveInt {[]} {[]}
","Insurance instance identifier","A number to uniquely identify insurance entries and provide a sequence of coverages to convey coordination of benefit order.","","To maintain order of the coverages.","","","","","","","",,,,,"",,,,"ClaimResponse.insurance.sequence",1,1,"","ele-1:All FHIR elements must have a @value or children {hasValue() or (children().count() > id.count())}
"
"ClaimResponse.insurance.focal","ClaimResponse.insurance.focal","","","",1,1,"","","","boolean {[]} {[]}
","Coverage to be used for adjudication","A flag to indicate that this Coverage is to be used for adjudication of this claim when set to true.","A patient may (will) have multiple insurance policies which provide reimbursement for healthcare services and products. For example a person may also be covered by their spouse's policy and both appear in the list (and may be from the same insurer). This flag will be set to true for only one of the listed policies and that policy will be used for adjudicating this claim. Other claims would be created to request adjudication against the other listed policies.","To identify which coverage in the list is being used to adjudicate this claim.","","","","","","","",,,,,"",,,,"ClaimResponse.insurance.focal",1,1,"","ele-1:All FHIR elements must have a @value or children {hasValue() or (children().count() > id.count())}
"
"ClaimResponse.insurance.coverage","ClaimResponse.insurance.coverage","","","",1,1,"","","","Reference {[]} {[CanonicalType[http://hl7.org/fhir/StructureDefinition/Coverage|4.0.1]]}
","Insurance information","Reference to the insurance card level information contained in the Coverage resource. The coverage issuing insurer will use these details to locate the patient's actual coverage within the insurer's information system.","","Required to allow the adjudicator to locate the correct policy and history within their information system.","","","","","","","",,,,,"",,,,"ClaimResponse.insurance.coverage",1,1,"","ele-1:All FHIR elements must have a @value or children {hasValue() or (children().count() > id.count())}
"
"ClaimResponse.insurance.businessArrangement","ClaimResponse.insurance.businessArrangement","","","",0,1,"","","","string {[]} {[]}
","Additional provider contract number","A business agreement number established between the provider and the insurer for special business processing purposes.","","Providers may have multiple business arrangements with a given insurer and must supply the specific contract number for adjudication.","","","","","","","",,,,,"",,,,"ClaimResponse.insurance.businessArrangement",0,1,"","ele-1:All FHIR elements must have a @value or children {hasValue() or (children().count() > id.count())}
"
"ClaimResponse.insurance.claimResponse","ClaimResponse.insurance.claimResponse","","","",0,1,"","","","Reference {[]} {[CanonicalType[http://hl7.org/fhir/StructureDefinition/ClaimResponse|4.0.1]]}
","Adjudication results","The result of the adjudication of the line items for the Coverage specified in this insurance.","Must not be specified when 'focal=true' for this insurance.","An insurer need the adjudication results from prior insurers to determine the outstanding balance remaining by item for the items in the curent claim.","","","","","","","",,,,,"",,,,"ClaimResponse.insurance.claimResponse",0,1,"","ele-1:All FHIR elements must have a @value or children {hasValue() or (children().count() > id.count())}
"
"ClaimResponse.error","ClaimResponse.error","","","",0,*,"Y","","","BackboneElement {[]} {[]}
","審核未通過的服務紀錄及錯誤內容","每筆審核未通過的服務紀錄分別填寫，並提供錯誤代碼與原因。","If the request contains errors then an error element should be provided and no adjudication related sections (item, addItem, or payment) should be present.","Need to communicate processing issues to the requestor.","","","","","","","",,,,,"",,,,"ClaimResponse.error",0,*,"","ele-1:All FHIR elements must have a @value or children {hasValue() or (children().count() > id.count())}
"
"ClaimResponse.error.id","ClaimResponse.error.id","","","",0,1,"","","","string {[]} {[]}
","Unique id for inter-element referencing","Unique id for the element within a resource (for internal references). This may be any string value that does not contain spaces.","","","","","","","","","",,,,,"",,,,"Element.id",0,1,"","","n/a"
"ClaimResponse.error.extension","ClaimResponse.error.extension","","","",0,*,"","","","Extension {[]} {[]}
","Extension","An Extension","","","","","","","","","",,,,,"","value:url}
","",,"open","Element.extension",0,*,"","ele-1:All FHIR elements must have a @value or children {hasValue() or (children().count() > id.count())}
ext-1:Must have either extensions or value[x], not both {extension.exists() != value.exists()}"
"ClaimResponse.error.extension:recordRef","ClaimResponse.error.extension","recordRef","","",0,1,"Y","","","Extension {[CanonicalType[http://ltc-ig.fhir.tw/StructureDefinition/Ext-TW-LTC-FeeAudit-RecordRef]]} {[]}
","錯誤服務紀錄的識別資料","應填入發生錯誤的服務紀錄識別碼，並可續填來源系統與申報交易序號。","","","","","","","","","",,,,,"",,,,"Element.extension",0,*,"ele-1
","ele-1:All FHIR elements must have a @value or children {hasValue() or (children().count() > id.count())}
ext-1:Must have either extensions or value[x], not both {extension.exists() != value.exists()}"
"ClaimResponse.error.modifierExtension","ClaimResponse.error.modifierExtension","","extensions
user contentmodifiers","",0,*,"","Y","Y","Extension {[]} {[]}
","Extensions that cannot be ignored even if unrecognized","May be used to represent additional information that is not part of the basic definition of the element and that modifies the understanding of the element in which it is contained and/or the understanding of the containing element's descendants. Usually modifier elements provide negation or qualification. To make the use of extensions safe and manageable, there is a strict set of governance applied to the definition and use of extensions. Though any implementer can define an extension, there is a set of requirements that SHALL be met as part of the definition of the extension. Applications processing a resource are required to check for modifier extensions.

Modifier extensions SHALL NOT change the meaning of any elements on Resource or DomainResource (including cannot change the meaning of modifierExtension itself).","There can be no stigma associated with the use of extensions by any application, project, or standard - regardless of the institution or jurisdiction that uses or defines the extensions.  The use of extensions is what allows the FHIR specification to retain a core level of simplicity for everyone.","Modifier extensions allow for extensions that *cannot* be safely ignored to be clearly distinguished from the vast majority of extensions which can be safely ignored.  This promotes interoperability by eliminating the need for implementers to prohibit the presence of extensions. For further information, see the [definition of modifier extensions](http://hl7.org/fhir/R4/extensibility.html#modifierExtension).","","","","","","","",,,,,"",,,,"BackboneElement.modifierExtension",0,*,"","ele-1:All FHIR elements must have a @value or children {hasValue() or (children().count() > id.count())}
ext-1:Must have either extensions or value[x], not both {extension.exists() != value.exists()}","N/A"
"ClaimResponse.error.itemSequence","ClaimResponse.error.itemSequence","","","",0,1,"Y","","","positiveInt {[]} {[]}
","錯誤服務紀錄的序號。[應填入正整數]","應填入本份審核結果內的紀錄序號。服務紀錄識別碼另填在該筆紀錄的 recordRef Extension。","","Provides references to the claim items.","","","","","","","",,,,,"",,,,"ClaimResponse.error.itemSequence",0,1,"","ele-1:All FHIR elements must have a @value or children {hasValue() or (children().count() > id.count())}
"
"ClaimResponse.error.detailSequence","ClaimResponse.error.detailSequence","","","",0,1,"","","","positiveInt {[]} {[]}
","Detail sequence number","The sequence number of the detail within the line item submitted which contains the error. This value is omitted when the error occurs outside of the item structure.","","Provides references to the claim details within the claim item.","","","","","","","",,,,,"",,,,"ClaimResponse.error.detailSequence",0,1,"","ele-1:All FHIR elements must have a @value or children {hasValue() or (children().count() > id.count())}
"
"ClaimResponse.error.subDetailSequence","ClaimResponse.error.subDetailSequence","","","",0,1,"","","","positiveInt {[]} {[]}
","Subdetail sequence number","The sequence number of the sub-detail within the detail within the line item submitted which contains the error. This value is omitted when the error occurs outside of the item structure.","","Provides references to the claim sub-details within the claim detail.","","","","","","","",,,,,"",,,,"ClaimResponse.error.subDetailSequence",0,1,"","ele-1:All FHIR elements must have a @value or children {hasValue() or (children().count() > id.count())}
"
"ClaimResponse.error.code","ClaimResponse.error.code","","","",1,1,"Y","","","CodeableConcept {[]} {[]}
","檢核錯誤代碼。[應填入 5 個字元的代碼]","應在 coding 填入支付審查錯誤代碼，在 text 填入錯誤原因，錯誤原因最長 200 個字元。","","Required to convey processing errors.","","","","","","","",,"extensible","","http://ltc-ig.fhir.tw/ValueSet/vs-tw-ltc-feeaudit-error-code","",,,,"ClaimResponse.error.code",1,1,"","ele-1:All FHIR elements must have a @value or children {hasValue() or (children().count() > id.count())}
"
