"Id","Path","Slice Name","Alias(s)","Label","Min","Max","Must Support?","Is Modifier?","Is Summary?","Type(s)","Short","Definition","Comments","Requirements","Default Value","Meaning When Missing","Fixed Value","Pattern","Example","Minimum Value","Maximum Value","Maximum Length","Binding Strength","Binding Description","Binding Value Set","Code","Slicing Discriminator","Slicing Description","Slicing Ordered","Slicing Rules","Base Path","Base Min","Base Max","Condition(s)","Constraint(s)","Mapping: 居家護理－個案基本資料欄位對應"
"HNBaseDataModel","HNBaseDataModel","","","",0,*,"","","","null {[]} {[]}
","居家護理－個案基本資料邏輯模型","描述居家護理個案基本資料的資料需求。依 V5.0.16 有效欄位建立，來源欄位對應另列於 Mapping。","","","","","","","","","",,,,,"",,,,"Base",0,*,"",""
"HNBaseDataModel.caseID","HNBaseDataModel.caseID","","","",1,1,"","","","string {[]} {[]}
","個案身分證字號","個案身分證字號","","","","","","","","","",,,,,"",,,,"HNBaseDataModel.caseID",1,1,"","","QuestionnaireResponse.item.where(linkId='CaseID')"
"HNBaseDataModel.endDate","HNBaseDataModel.endDate","","","",1,1,"","","","date {[]} {[]}
","收案日期","收案日期","","","","","","","","","",,,,,"",,,,"HNBaseDataModel.endDate",1,1,"","","QuestionnaireResponse.item.where(linkId='EndDate')"
"HNBaseDataModel.caseSource","HNBaseDataModel.caseSource","","","",1,1,"","","","BackboneElement {[]} {[]}
","收案來源","收案來源","","","","","","","","","",,,,,"",,,,"HNBaseDataModel.caseSource",1,1,"","ele-1:All FHIR elements must have a @value or children {hasValue() or (children().count() > id.count())}
","QuestionnaireResponse.item.where(linkId='CaseSource')"
"HNBaseDataModel.caseSource.id","HNBaseDataModel.caseSource.id","","","",0,1,"","","","string {[]} {[]}
","Unique id for inter-element referencing","Unique id for the element within a resource (for internal references). This may be any string value that does not contain spaces.","","","","","","","","","",,,,,"",,,,"Element.id",0,1,"",""
"HNBaseDataModel.caseSource.extension","HNBaseDataModel.caseSource.extension","","extensions
user content","",0,*,"","","","Extension {[]} {[]}
","Additional content defined by implementations","May be used to represent additional information that is not part of the basic definition of the element. To make the use of extensions safe and manageable, there is a strict set of governance  applied to the definition and use of extensions. Though any implementer can define an extension, there is a set of requirements that SHALL be met as part of the definition of the extension.","There can be no stigma associated with the use of extensions by any application, project, or standard - regardless of the institution or jurisdiction that uses or defines the extensions.  The use of extensions is what allows the FHIR specification to retain a core level of simplicity for everyone.","","","","","","","","",,,,,"","value:url}
","Extensions are always sliced by (at least) url",,"open","Element.extension",0,*,"","ele-1:All FHIR elements must have a @value or children {hasValue() or (children().count() > id.count())}
ext-1:Must have either extensions or value[x], not both {extension.exists() != value.exists()}"
"HNBaseDataModel.caseSource.modifierExtension","HNBaseDataModel.caseSource.modifierExtension","","extensions
user contentmodifiers","",0,*,"","Y","Y","Extension {[]} {[]}
","Extensions that cannot be ignored even if unrecognized","May be used to represent additional information that is not part of the basic definition of the element and that modifies the understanding of the element in which it is contained and/or the understanding of the containing element's descendants. Usually modifier elements provide negation or qualification. To make the use of extensions safe and manageable, there is a strict set of governance applied to the definition and use of extensions. Though any implementer can define an extension, there is a set of requirements that SHALL be met as part of the definition of the extension. Applications processing a resource are required to check for modifier extensions.

Modifier extensions SHALL NOT change the meaning of any elements on Resource or DomainResource (including cannot change the meaning of modifierExtension itself).","There can be no stigma associated with the use of extensions by any application, project, or standard - regardless of the institution or jurisdiction that uses or defines the extensions.  The use of extensions is what allows the FHIR specification to retain a core level of simplicity for everyone.","Modifier extensions allow for extensions that *cannot* be safely ignored to be clearly distinguished from the vast majority of extensions which can be safely ignored.  This promotes interoperability by eliminating the need for implementers to prohibit the presence of extensions. For further information, see the [definition of modifier extensions](http://hl7.org/fhir/R4/extensibility.html#modifierExtension).","","","","","","","",,,,,"",,,,"BackboneElement.modifierExtension",0,*,"","ele-1:All FHIR elements must have a @value or children {hasValue() or (children().count() > id.count())}
ext-1:Must have either extensions or value[x], not both {extension.exists() != value.exists()}"
"HNBaseDataModel.caseSource.value","HNBaseDataModel.caseSource.value","","","",1,1,"","","","Coding {[]} {[]}
","選項","選項","","","","","","","","","",,"required","","http://ltc-ig.fhir.tw/ValueSet/hn-vs-ef3233b113ad","",,,,"HNBaseDataModel.caseSource.value",1,1,"","","QuestionnaireResponse.item.where(linkId='CaseSource').item.where(linkId='CaseSource.Value')"
"HNBaseDataModel.caseSource.other","HNBaseDataModel.caseSource.other","","","",0,1,"","","","string {[]} {[]}
","補充說明","補充說明。選擇其他時應填寫說明。","","","","","","","","","",,,,,"",,,,"HNBaseDataModel.caseSource.other",0,1,"","","QuestionnaireResponse.item.where(linkId='CaseSource').item.where(linkId='CaseSource.Other')"
"HNBaseDataModel.caseName","HNBaseDataModel.caseName","","","",1,1,"","","","string {[]} {[]}
","個案姓名","個案姓名","","","","","","","","","",,,,,"",,,,"HNBaseDataModel.caseName",1,1,"","","QuestionnaireResponse.item.where(linkId='CaseName')"
"HNBaseDataModel.sex","HNBaseDataModel.sex","","","",1,1,"","","","BackboneElement {[]} {[]}
","性別","性別","","","","","","","","","",,,,,"",,,,"HNBaseDataModel.sex",1,1,"","ele-1:All FHIR elements must have a @value or children {hasValue() or (children().count() > id.count())}
","QuestionnaireResponse.item.where(linkId='Sex')"
"HNBaseDataModel.sex.id","HNBaseDataModel.sex.id","","","",0,1,"","","","string {[]} {[]}
","Unique id for inter-element referencing","Unique id for the element within a resource (for internal references). This may be any string value that does not contain spaces.","","","","","","","","","",,,,,"",,,,"Element.id",0,1,"",""
"HNBaseDataModel.sex.extension","HNBaseDataModel.sex.extension","","extensions
user content","",0,*,"","","","Extension {[]} {[]}
","Additional content defined by implementations","May be used to represent additional information that is not part of the basic definition of the element. To make the use of extensions safe and manageable, there is a strict set of governance  applied to the definition and use of extensions. Though any implementer can define an extension, there is a set of requirements that SHALL be met as part of the definition of the extension.","There can be no stigma associated with the use of extensions by any application, project, or standard - regardless of the institution or jurisdiction that uses or defines the extensions.  The use of extensions is what allows the FHIR specification to retain a core level of simplicity for everyone.","","","","","","","","",,,,,"","value:url}
","Extensions are always sliced by (at least) url",,"open","Element.extension",0,*,"","ele-1:All FHIR elements must have a @value or children {hasValue() or (children().count() > id.count())}
ext-1:Must have either extensions or value[x], not both {extension.exists() != value.exists()}"
"HNBaseDataModel.sex.modifierExtension","HNBaseDataModel.sex.modifierExtension","","extensions
user contentmodifiers","",0,*,"","Y","Y","Extension {[]} {[]}
","Extensions that cannot be ignored even if unrecognized","May be used to represent additional information that is not part of the basic definition of the element and that modifies the understanding of the element in which it is contained and/or the understanding of the containing element's descendants. Usually modifier elements provide negation or qualification. To make the use of extensions safe and manageable, there is a strict set of governance applied to the definition and use of extensions. Though any implementer can define an extension, there is a set of requirements that SHALL be met as part of the definition of the extension. Applications processing a resource are required to check for modifier extensions.

Modifier extensions SHALL NOT change the meaning of any elements on Resource or DomainResource (including cannot change the meaning of modifierExtension itself).","There can be no stigma associated with the use of extensions by any application, project, or standard - regardless of the institution or jurisdiction that uses or defines the extensions.  The use of extensions is what allows the FHIR specification to retain a core level of simplicity for everyone.","Modifier extensions allow for extensions that *cannot* be safely ignored to be clearly distinguished from the vast majority of extensions which can be safely ignored.  This promotes interoperability by eliminating the need for implementers to prohibit the presence of extensions. For further information, see the [definition of modifier extensions](http://hl7.org/fhir/R4/extensibility.html#modifierExtension).","","","","","","","",,,,,"",,,,"BackboneElement.modifierExtension",0,*,"","ele-1:All FHIR elements must have a @value or children {hasValue() or (children().count() > id.count())}
ext-1:Must have either extensions or value[x], not both {extension.exists() != value.exists()}"
"HNBaseDataModel.sex.value","HNBaseDataModel.sex.value","","","",1,1,"","","","Coding {[]} {[]}
","選項","選項","","","","","","","","","",,"required","","http://ltc-ig.fhir.tw/ValueSet/hn-vs-c8f650cb37b1","",,,,"HNBaseDataModel.sex.value",1,1,"","","QuestionnaireResponse.item.where(linkId='Sex').item.where(linkId='Sex.Value')"
"HNBaseDataModel.sex.other","HNBaseDataModel.sex.other","","","",0,1,"","","","string {[]} {[]}
","補充說明","補充說明。選擇其他時應填寫說明。","","","","","","","","","",,,,,"",,,,"HNBaseDataModel.sex.other",0,1,"","","QuestionnaireResponse.item.where(linkId='Sex').item.where(linkId='Sex.Other')"
"HNBaseDataModel.caseType","HNBaseDataModel.caseType","","","",1,1,"","","","Coding {[]} {[]}
","個案類型","個案類型","","","","","","","","","",,"required","","http://ltc-ig.fhir.tw/ValueSet/hn-vs-082869c8d896","",,,,"HNBaseDataModel.caseType",1,1,"","","QuestionnaireResponse.item.where(linkId='CaseType')"
"HNBaseDataModel.birthdate","HNBaseDataModel.birthdate","","","",1,1,"","","","date {[]} {[]}
","出生日期","出生日期","","","","","","","","","",,,,,"",,,,"HNBaseDataModel.birthdate",1,1,"","","QuestionnaireResponse.item.where(linkId='Birthdate')"
"HNBaseDataModel.phoneNumber","HNBaseDataModel.phoneNumber","","","",1,1,"","","","string {[]} {[]}
","聯絡電話","聯絡電話","","","","","","","","","",,,,,"",,,,"HNBaseDataModel.phoneNumber",1,1,"","","QuestionnaireResponse.item.where(linkId='PhoneNumber')"
"HNBaseDataModel.address","HNBaseDataModel.address","","","",1,1,"","","","BackboneElement {[]} {[]}
","居住地址","居住地址","","","","","","","","","",,,,,"",,,,"HNBaseDataModel.address",1,1,"","ele-1:All FHIR elements must have a @value or children {hasValue() or (children().count() > id.count())}
","QuestionnaireResponse.item.where(linkId='Address')"
"HNBaseDataModel.address.id","HNBaseDataModel.address.id","","","",0,1,"","","","string {[]} {[]}
","Unique id for inter-element referencing","Unique id for the element within a resource (for internal references). This may be any string value that does not contain spaces.","","","","","","","","","",,,,,"",,,,"Element.id",0,1,"",""
"HNBaseDataModel.address.extension","HNBaseDataModel.address.extension","","extensions
user content","",0,*,"","","","Extension {[]} {[]}
","Additional content defined by implementations","May be used to represent additional information that is not part of the basic definition of the element. To make the use of extensions safe and manageable, there is a strict set of governance  applied to the definition and use of extensions. Though any implementer can define an extension, there is a set of requirements that SHALL be met as part of the definition of the extension.","There can be no stigma associated with the use of extensions by any application, project, or standard - regardless of the institution or jurisdiction that uses or defines the extensions.  The use of extensions is what allows the FHIR specification to retain a core level of simplicity for everyone.","","","","","","","","",,,,,"","value:url}
","Extensions are always sliced by (at least) url",,"open","Element.extension",0,*,"","ele-1:All FHIR elements must have a @value or children {hasValue() or (children().count() > id.count())}
ext-1:Must have either extensions or value[x], not both {extension.exists() != value.exists()}"
"HNBaseDataModel.address.modifierExtension","HNBaseDataModel.address.modifierExtension","","extensions
user contentmodifiers","",0,*,"","Y","Y","Extension {[]} {[]}
","Extensions that cannot be ignored even if unrecognized","May be used to represent additional information that is not part of the basic definition of the element and that modifies the understanding of the element in which it is contained and/or the understanding of the containing element's descendants. Usually modifier elements provide negation or qualification. To make the use of extensions safe and manageable, there is a strict set of governance applied to the definition and use of extensions. Though any implementer can define an extension, there is a set of requirements that SHALL be met as part of the definition of the extension. Applications processing a resource are required to check for modifier extensions.

Modifier extensions SHALL NOT change the meaning of any elements on Resource or DomainResource (including cannot change the meaning of modifierExtension itself).","There can be no stigma associated with the use of extensions by any application, project, or standard - regardless of the institution or jurisdiction that uses or defines the extensions.  The use of extensions is what allows the FHIR specification to retain a core level of simplicity for everyone.","Modifier extensions allow for extensions that *cannot* be safely ignored to be clearly distinguished from the vast majority of extensions which can be safely ignored.  This promotes interoperability by eliminating the need for implementers to prohibit the presence of extensions. For further information, see the [definition of modifier extensions](http://hl7.org/fhir/R4/extensibility.html#modifierExtension).","","","","","","","",,,,,"",,,,"BackboneElement.modifierExtension",0,*,"","ele-1:All FHIR elements must have a @value or children {hasValue() or (children().count() > id.count())}
ext-1:Must have either extensions or value[x], not both {extension.exists() != value.exists()}"
"HNBaseDataModel.address.city","HNBaseDataModel.address.city","","","",1,1,"","","","string {[]} {[]}
","縣市","縣市","","","","","","","","","",,,,,"",,,,"HNBaseDataModel.address.city",1,1,"","","QuestionnaireResponse.item.where(linkId='Address').item.where(linkId='Address.City')"
"HNBaseDataModel.address.area","HNBaseDataModel.address.area","","","",1,1,"","","","string {[]} {[]}
","鄉鎮市區","鄉鎮市區","","","","","","","","","",,,,,"",,,,"HNBaseDataModel.address.area",1,1,"","","QuestionnaireResponse.item.where(linkId='Address').item.where(linkId='Address.Area')"
"HNBaseDataModel.address.lane","HNBaseDataModel.address.lane","","","",1,1,"","","","string {[]} {[]}
","街路門牌","街路門牌","","","","","","","","","",,,,,"",,,,"HNBaseDataModel.address.lane",1,1,"","","QuestionnaireResponse.item.where(linkId='Address').item.where(linkId='Address.Lane')"
"HNBaseDataModel.education","HNBaseDataModel.education","","","",1,1,"","","","BackboneElement {[]} {[]}
","教育程度","教育程度","","","","","","","","","",,,,,"",,,,"HNBaseDataModel.education",1,1,"","ele-1:All FHIR elements must have a @value or children {hasValue() or (children().count() > id.count())}
","QuestionnaireResponse.item.where(linkId='Education')"
"HNBaseDataModel.education.id","HNBaseDataModel.education.id","","","",0,1,"","","","string {[]} {[]}
","Unique id for inter-element referencing","Unique id for the element within a resource (for internal references). This may be any string value that does not contain spaces.","","","","","","","","","",,,,,"",,,,"Element.id",0,1,"",""
"HNBaseDataModel.education.extension","HNBaseDataModel.education.extension","","extensions
user content","",0,*,"","","","Extension {[]} {[]}
","Additional content defined by implementations","May be used to represent additional information that is not part of the basic definition of the element. To make the use of extensions safe and manageable, there is a strict set of governance  applied to the definition and use of extensions. Though any implementer can define an extension, there is a set of requirements that SHALL be met as part of the definition of the extension.","There can be no stigma associated with the use of extensions by any application, project, or standard - regardless of the institution or jurisdiction that uses or defines the extensions.  The use of extensions is what allows the FHIR specification to retain a core level of simplicity for everyone.","","","","","","","","",,,,,"","value:url}
","Extensions are always sliced by (at least) url",,"open","Element.extension",0,*,"","ele-1:All FHIR elements must have a @value or children {hasValue() or (children().count() > id.count())}
ext-1:Must have either extensions or value[x], not both {extension.exists() != value.exists()}"
"HNBaseDataModel.education.modifierExtension","HNBaseDataModel.education.modifierExtension","","extensions
user contentmodifiers","",0,*,"","Y","Y","Extension {[]} {[]}
","Extensions that cannot be ignored even if unrecognized","May be used to represent additional information that is not part of the basic definition of the element and that modifies the understanding of the element in which it is contained and/or the understanding of the containing element's descendants. Usually modifier elements provide negation or qualification. To make the use of extensions safe and manageable, there is a strict set of governance applied to the definition and use of extensions. Though any implementer can define an extension, there is a set of requirements that SHALL be met as part of the definition of the extension. Applications processing a resource are required to check for modifier extensions.

Modifier extensions SHALL NOT change the meaning of any elements on Resource or DomainResource (including cannot change the meaning of modifierExtension itself).","There can be no stigma associated with the use of extensions by any application, project, or standard - regardless of the institution or jurisdiction that uses or defines the extensions.  The use of extensions is what allows the FHIR specification to retain a core level of simplicity for everyone.","Modifier extensions allow for extensions that *cannot* be safely ignored to be clearly distinguished from the vast majority of extensions which can be safely ignored.  This promotes interoperability by eliminating the need for implementers to prohibit the presence of extensions. For further information, see the [definition of modifier extensions](http://hl7.org/fhir/R4/extensibility.html#modifierExtension).","","","","","","","",,,,,"",,,,"BackboneElement.modifierExtension",0,*,"","ele-1:All FHIR elements must have a @value or children {hasValue() or (children().count() > id.count())}
ext-1:Must have either extensions or value[x], not both {extension.exists() != value.exists()}"
"HNBaseDataModel.education.value","HNBaseDataModel.education.value","","","",1,1,"","","","Coding {[]} {[]}
","選項","選項","","","","","","","","","",,"required","","http://ltc-ig.fhir.tw/ValueSet/hn-vs-8bcd09f153b7","",,,,"HNBaseDataModel.education.value",1,1,"","","QuestionnaireResponse.item.where(linkId='Education').item.where(linkId='Education.Value')"
"HNBaseDataModel.education.other","HNBaseDataModel.education.other","","","",0,1,"","","","string {[]} {[]}
","補充說明","補充說明。選擇其他時應填寫說明。","","","","","","","","","",,,,,"",,,,"HNBaseDataModel.education.other",0,1,"","","QuestionnaireResponse.item.where(linkId='Education').item.where(linkId='Education.Other')"
"HNBaseDataModel.marriage","HNBaseDataModel.marriage","","","",1,1,"","","","BackboneElement {[]} {[]}
","婚姻狀況","婚姻狀況","","","","","","","","","",,,,,"",,,,"HNBaseDataModel.marriage",1,1,"","ele-1:All FHIR elements must have a @value or children {hasValue() or (children().count() > id.count())}
","QuestionnaireResponse.item.where(linkId='Marriage')"
"HNBaseDataModel.marriage.id","HNBaseDataModel.marriage.id","","","",0,1,"","","","string {[]} {[]}
","Unique id for inter-element referencing","Unique id for the element within a resource (for internal references). This may be any string value that does not contain spaces.","","","","","","","","","",,,,,"",,,,"Element.id",0,1,"",""
"HNBaseDataModel.marriage.extension","HNBaseDataModel.marriage.extension","","extensions
user content","",0,*,"","","","Extension {[]} {[]}
","Additional content defined by implementations","May be used to represent additional information that is not part of the basic definition of the element. To make the use of extensions safe and manageable, there is a strict set of governance  applied to the definition and use of extensions. Though any implementer can define an extension, there is a set of requirements that SHALL be met as part of the definition of the extension.","There can be no stigma associated with the use of extensions by any application, project, or standard - regardless of the institution or jurisdiction that uses or defines the extensions.  The use of extensions is what allows the FHIR specification to retain a core level of simplicity for everyone.","","","","","","","","",,,,,"","value:url}
","Extensions are always sliced by (at least) url",,"open","Element.extension",0,*,"","ele-1:All FHIR elements must have a @value or children {hasValue() or (children().count() > id.count())}
ext-1:Must have either extensions or value[x], not both {extension.exists() != value.exists()}"
"HNBaseDataModel.marriage.modifierExtension","HNBaseDataModel.marriage.modifierExtension","","extensions
user contentmodifiers","",0,*,"","Y","Y","Extension {[]} {[]}
","Extensions that cannot be ignored even if unrecognized","May be used to represent additional information that is not part of the basic definition of the element and that modifies the understanding of the element in which it is contained and/or the understanding of the containing element's descendants. Usually modifier elements provide negation or qualification. To make the use of extensions safe and manageable, there is a strict set of governance applied to the definition and use of extensions. Though any implementer can define an extension, there is a set of requirements that SHALL be met as part of the definition of the extension. Applications processing a resource are required to check for modifier extensions.

Modifier extensions SHALL NOT change the meaning of any elements on Resource or DomainResource (including cannot change the meaning of modifierExtension itself).","There can be no stigma associated with the use of extensions by any application, project, or standard - regardless of the institution or jurisdiction that uses or defines the extensions.  The use of extensions is what allows the FHIR specification to retain a core level of simplicity for everyone.","Modifier extensions allow for extensions that *cannot* be safely ignored to be clearly distinguished from the vast majority of extensions which can be safely ignored.  This promotes interoperability by eliminating the need for implementers to prohibit the presence of extensions. For further information, see the [definition of modifier extensions](http://hl7.org/fhir/R4/extensibility.html#modifierExtension).","","","","","","","",,,,,"",,,,"BackboneElement.modifierExtension",0,*,"","ele-1:All FHIR elements must have a @value or children {hasValue() or (children().count() > id.count())}
ext-1:Must have either extensions or value[x], not both {extension.exists() != value.exists()}"
"HNBaseDataModel.marriage.value","HNBaseDataModel.marriage.value","","","",1,1,"","","","Coding {[]} {[]}
","選項","選項","","","","","","","","","",,"required","","http://ltc-ig.fhir.tw/ValueSet/hn-vs-924b837448d2","",,,,"HNBaseDataModel.marriage.value",1,1,"","","QuestionnaireResponse.item.where(linkId='Marriage').item.where(linkId='Marriage.Value')"
"HNBaseDataModel.marriage.other","HNBaseDataModel.marriage.other","","","",0,1,"","","","string {[]} {[]}
","補充說明","補充說明。選擇其他時應填寫說明。","","","","","","","","","",,,,,"",,,,"HNBaseDataModel.marriage.other",0,1,"","","QuestionnaireResponse.item.where(linkId='Marriage').item.where(linkId='Marriage.Other')"
"HNBaseDataModel.religion","HNBaseDataModel.religion","","","",1,1,"","","","BackboneElement {[]} {[]}
","宗教信仰","宗教信仰","","","","","","","","","",,,,,"",,,,"HNBaseDataModel.religion",1,1,"","ele-1:All FHIR elements must have a @value or children {hasValue() or (children().count() > id.count())}
","QuestionnaireResponse.item.where(linkId='Religion')"
"HNBaseDataModel.religion.id","HNBaseDataModel.religion.id","","","",0,1,"","","","string {[]} {[]}
","Unique id for inter-element referencing","Unique id for the element within a resource (for internal references). This may be any string value that does not contain spaces.","","","","","","","","","",,,,,"",,,,"Element.id",0,1,"",""
"HNBaseDataModel.religion.extension","HNBaseDataModel.religion.extension","","extensions
user content","",0,*,"","","","Extension {[]} {[]}
","Additional content defined by implementations","May be used to represent additional information that is not part of the basic definition of the element. To make the use of extensions safe and manageable, there is a strict set of governance  applied to the definition and use of extensions. Though any implementer can define an extension, there is a set of requirements that SHALL be met as part of the definition of the extension.","There can be no stigma associated with the use of extensions by any application, project, or standard - regardless of the institution or jurisdiction that uses or defines the extensions.  The use of extensions is what allows the FHIR specification to retain a core level of simplicity for everyone.","","","","","","","","",,,,,"","value:url}
","Extensions are always sliced by (at least) url",,"open","Element.extension",0,*,"","ele-1:All FHIR elements must have a @value or children {hasValue() or (children().count() > id.count())}
ext-1:Must have either extensions or value[x], not both {extension.exists() != value.exists()}"
"HNBaseDataModel.religion.modifierExtension","HNBaseDataModel.religion.modifierExtension","","extensions
user contentmodifiers","",0,*,"","Y","Y","Extension {[]} {[]}
","Extensions that cannot be ignored even if unrecognized","May be used to represent additional information that is not part of the basic definition of the element and that modifies the understanding of the element in which it is contained and/or the understanding of the containing element's descendants. Usually modifier elements provide negation or qualification. To make the use of extensions safe and manageable, there is a strict set of governance applied to the definition and use of extensions. Though any implementer can define an extension, there is a set of requirements that SHALL be met as part of the definition of the extension. Applications processing a resource are required to check for modifier extensions.

Modifier extensions SHALL NOT change the meaning of any elements on Resource or DomainResource (including cannot change the meaning of modifierExtension itself).","There can be no stigma associated with the use of extensions by any application, project, or standard - regardless of the institution or jurisdiction that uses or defines the extensions.  The use of extensions is what allows the FHIR specification to retain a core level of simplicity for everyone.","Modifier extensions allow for extensions that *cannot* be safely ignored to be clearly distinguished from the vast majority of extensions which can be safely ignored.  This promotes interoperability by eliminating the need for implementers to prohibit the presence of extensions. For further information, see the [definition of modifier extensions](http://hl7.org/fhir/R4/extensibility.html#modifierExtension).","","","","","","","",,,,,"",,,,"BackboneElement.modifierExtension",0,*,"","ele-1:All FHIR elements must have a @value or children {hasValue() or (children().count() > id.count())}
ext-1:Must have either extensions or value[x], not both {extension.exists() != value.exists()}"
"HNBaseDataModel.religion.value","HNBaseDataModel.religion.value","","","",1,1,"","","","Coding {[]} {[]}
","選項","選項","","","","","","","","","",,"required","","http://ltc-ig.fhir.tw/ValueSet/hn-vs-f6130a2de850","",,,,"HNBaseDataModel.religion.value",1,1,"","","QuestionnaireResponse.item.where(linkId='Religion').item.where(linkId='Religion.Value')"
"HNBaseDataModel.religion.other","HNBaseDataModel.religion.other","","","",0,1,"","","","string {[]} {[]}
","補充說明","補充說明。選擇其他時應填寫說明。","","","","","","","","","",,,,,"",,,,"HNBaseDataModel.religion.other",0,1,"","","QuestionnaireResponse.item.where(linkId='Religion').item.where(linkId='Religion.Other')"
"HNBaseDataModel.exJob","HNBaseDataModel.exJob","","","",1,1,"","","","BackboneElement {[]} {[]}
","主要職業","主要職業","","","","","","","","","",,,,,"",,,,"HNBaseDataModel.exJob",1,1,"","ele-1:All FHIR elements must have a @value or children {hasValue() or (children().count() > id.count())}
","QuestionnaireResponse.item.where(linkId='ExJob')"
"HNBaseDataModel.exJob.id","HNBaseDataModel.exJob.id","","","",0,1,"","","","string {[]} {[]}
","Unique id for inter-element referencing","Unique id for the element within a resource (for internal references). This may be any string value that does not contain spaces.","","","","","","","","","",,,,,"",,,,"Element.id",0,1,"",""
"HNBaseDataModel.exJob.extension","HNBaseDataModel.exJob.extension","","extensions
user content","",0,*,"","","","Extension {[]} {[]}
","Additional content defined by implementations","May be used to represent additional information that is not part of the basic definition of the element. To make the use of extensions safe and manageable, there is a strict set of governance  applied to the definition and use of extensions. Though any implementer can define an extension, there is a set of requirements that SHALL be met as part of the definition of the extension.","There can be no stigma associated with the use of extensions by any application, project, or standard - regardless of the institution or jurisdiction that uses or defines the extensions.  The use of extensions is what allows the FHIR specification to retain a core level of simplicity for everyone.","","","","","","","","",,,,,"","value:url}
","Extensions are always sliced by (at least) url",,"open","Element.extension",0,*,"","ele-1:All FHIR elements must have a @value or children {hasValue() or (children().count() > id.count())}
ext-1:Must have either extensions or value[x], not both {extension.exists() != value.exists()}"
"HNBaseDataModel.exJob.modifierExtension","HNBaseDataModel.exJob.modifierExtension","","extensions
user contentmodifiers","",0,*,"","Y","Y","Extension {[]} {[]}
","Extensions that cannot be ignored even if unrecognized","May be used to represent additional information that is not part of the basic definition of the element and that modifies the understanding of the element in which it is contained and/or the understanding of the containing element's descendants. Usually modifier elements provide negation or qualification. To make the use of extensions safe and manageable, there is a strict set of governance applied to the definition and use of extensions. Though any implementer can define an extension, there is a set of requirements that SHALL be met as part of the definition of the extension. Applications processing a resource are required to check for modifier extensions.

Modifier extensions SHALL NOT change the meaning of any elements on Resource or DomainResource (including cannot change the meaning of modifierExtension itself).","There can be no stigma associated with the use of extensions by any application, project, or standard - regardless of the institution or jurisdiction that uses or defines the extensions.  The use of extensions is what allows the FHIR specification to retain a core level of simplicity for everyone.","Modifier extensions allow for extensions that *cannot* be safely ignored to be clearly distinguished from the vast majority of extensions which can be safely ignored.  This promotes interoperability by eliminating the need for implementers to prohibit the presence of extensions. For further information, see the [definition of modifier extensions](http://hl7.org/fhir/R4/extensibility.html#modifierExtension).","","","","","","","",,,,,"",,,,"BackboneElement.modifierExtension",0,*,"","ele-1:All FHIR elements must have a @value or children {hasValue() or (children().count() > id.count())}
ext-1:Must have either extensions or value[x], not both {extension.exists() != value.exists()}"
"HNBaseDataModel.exJob.value","HNBaseDataModel.exJob.value","","","",1,1,"","","","Coding {[]} {[]}
","選項","選項","","","","","","","","","",,"required","","http://ltc-ig.fhir.tw/ValueSet/hn-vs-9bf58092b1d4","",,,,"HNBaseDataModel.exJob.value",1,1,"","","QuestionnaireResponse.item.where(linkId='ExJob').item.where(linkId='ExJob.Value')"
"HNBaseDataModel.exJob.other","HNBaseDataModel.exJob.other","","","",0,1,"","","","string {[]} {[]}
","補充說明","補充說明。選擇其他時應填寫說明。","","","","","","","","","",,,,,"",,,,"HNBaseDataModel.exJob.other",0,1,"","","QuestionnaireResponse.item.where(linkId='ExJob').item.where(linkId='ExJob.Other')"
"HNBaseDataModel.economic","HNBaseDataModel.economic","","","",1,1,"","","","BackboneElement {[]} {[]}
","家庭經濟狀況","家庭經濟狀況","","","","","","","","","",,,,,"",,,,"HNBaseDataModel.economic",1,1,"","ele-1:All FHIR elements must have a @value or children {hasValue() or (children().count() > id.count())}
","QuestionnaireResponse.item.where(linkId='Economic')"
"HNBaseDataModel.economic.id","HNBaseDataModel.economic.id","","","",0,1,"","","","string {[]} {[]}
","Unique id for inter-element referencing","Unique id for the element within a resource (for internal references). This may be any string value that does not contain spaces.","","","","","","","","","",,,,,"",,,,"Element.id",0,1,"",""
"HNBaseDataModel.economic.extension","HNBaseDataModel.economic.extension","","extensions
user content","",0,*,"","","","Extension {[]} {[]}
","Additional content defined by implementations","May be used to represent additional information that is not part of the basic definition of the element. To make the use of extensions safe and manageable, there is a strict set of governance  applied to the definition and use of extensions. Though any implementer can define an extension, there is a set of requirements that SHALL be met as part of the definition of the extension.","There can be no stigma associated with the use of extensions by any application, project, or standard - regardless of the institution or jurisdiction that uses or defines the extensions.  The use of extensions is what allows the FHIR specification to retain a core level of simplicity for everyone.","","","","","","","","",,,,,"","value:url}
","Extensions are always sliced by (at least) url",,"open","Element.extension",0,*,"","ele-1:All FHIR elements must have a @value or children {hasValue() or (children().count() > id.count())}
ext-1:Must have either extensions or value[x], not both {extension.exists() != value.exists()}"
"HNBaseDataModel.economic.modifierExtension","HNBaseDataModel.economic.modifierExtension","","extensions
user contentmodifiers","",0,*,"","Y","Y","Extension {[]} {[]}
","Extensions that cannot be ignored even if unrecognized","May be used to represent additional information that is not part of the basic definition of the element and that modifies the understanding of the element in which it is contained and/or the understanding of the containing element's descendants. Usually modifier elements provide negation or qualification. To make the use of extensions safe and manageable, there is a strict set of governance applied to the definition and use of extensions. Though any implementer can define an extension, there is a set of requirements that SHALL be met as part of the definition of the extension. Applications processing a resource are required to check for modifier extensions.

Modifier extensions SHALL NOT change the meaning of any elements on Resource or DomainResource (including cannot change the meaning of modifierExtension itself).","There can be no stigma associated with the use of extensions by any application, project, or standard - regardless of the institution or jurisdiction that uses or defines the extensions.  The use of extensions is what allows the FHIR specification to retain a core level of simplicity for everyone.","Modifier extensions allow for extensions that *cannot* be safely ignored to be clearly distinguished from the vast majority of extensions which can be safely ignored.  This promotes interoperability by eliminating the need for implementers to prohibit the presence of extensions. For further information, see the [definition of modifier extensions](http://hl7.org/fhir/R4/extensibility.html#modifierExtension).","","","","","","","",,,,,"",,,,"BackboneElement.modifierExtension",0,*,"","ele-1:All FHIR elements must have a @value or children {hasValue() or (children().count() > id.count())}
ext-1:Must have either extensions or value[x], not both {extension.exists() != value.exists()}"
"HNBaseDataModel.economic.value","HNBaseDataModel.economic.value","","","",1,1,"","","","Coding {[]} {[]}
","選項","選項","","","","","","","","","",,"required","","http://ltc-ig.fhir.tw/ValueSet/hn-vs-4a8dcdb04d9b","",,,,"HNBaseDataModel.economic.value",1,1,"","","QuestionnaireResponse.item.where(linkId='Economic').item.where(linkId='Economic.Value')"
"HNBaseDataModel.economic.other","HNBaseDataModel.economic.other","","","",0,1,"","","","string {[]} {[]}
","補充說明","補充說明。選擇其他時應填寫說明。","","","","","","","","","",,,,,"",,,,"HNBaseDataModel.economic.other",0,1,"","","QuestionnaireResponse.item.where(linkId='Economic').item.where(linkId='Economic.Other')"
"HNBaseDataModel.hasWelfare","HNBaseDataModel.hasWelfare","","","",1,1,"","","","Coding {[]} {[]}
","是否有福利","是否有福利","","","","","","","","","",,"required","","http://ltc-ig.fhir.tw/ValueSet/hn-vs-49fe20230ec3","",,,,"HNBaseDataModel.hasWelfare",1,1,"","","QuestionnaireResponse.item.where(linkId='HasWelfare')"
"HNBaseDataModel.welfare","HNBaseDataModel.welfare","","","",0,1,"","","","BackboneElement {[]} {[]}
","福利種類","福利種類","","","","","","","","","",,,,,"",,,,"HNBaseDataModel.welfare",0,1,"","ele-1:All FHIR elements must have a @value or children {hasValue() or (children().count() > id.count())}
","QuestionnaireResponse.item.where(linkId='Welfare')"
"HNBaseDataModel.welfare.id","HNBaseDataModel.welfare.id","","","",0,1,"","","","string {[]} {[]}
","Unique id for inter-element referencing","Unique id for the element within a resource (for internal references). This may be any string value that does not contain spaces.","","","","","","","","","",,,,,"",,,,"Element.id",0,1,"",""
"HNBaseDataModel.welfare.extension","HNBaseDataModel.welfare.extension","","extensions
user content","",0,*,"","","","Extension {[]} {[]}
","Additional content defined by implementations","May be used to represent additional information that is not part of the basic definition of the element. To make the use of extensions safe and manageable, there is a strict set of governance  applied to the definition and use of extensions. Though any implementer can define an extension, there is a set of requirements that SHALL be met as part of the definition of the extension.","There can be no stigma associated with the use of extensions by any application, project, or standard - regardless of the institution or jurisdiction that uses or defines the extensions.  The use of extensions is what allows the FHIR specification to retain a core level of simplicity for everyone.","","","","","","","","",,,,,"","value:url}
","Extensions are always sliced by (at least) url",,"open","Element.extension",0,*,"","ele-1:All FHIR elements must have a @value or children {hasValue() or (children().count() > id.count())}
ext-1:Must have either extensions or value[x], not both {extension.exists() != value.exists()}"
"HNBaseDataModel.welfare.modifierExtension","HNBaseDataModel.welfare.modifierExtension","","extensions
user contentmodifiers","",0,*,"","Y","Y","Extension {[]} {[]}
","Extensions that cannot be ignored even if unrecognized","May be used to represent additional information that is not part of the basic definition of the element and that modifies the understanding of the element in which it is contained and/or the understanding of the containing element's descendants. Usually modifier elements provide negation or qualification. To make the use of extensions safe and manageable, there is a strict set of governance applied to the definition and use of extensions. Though any implementer can define an extension, there is a set of requirements that SHALL be met as part of the definition of the extension. Applications processing a resource are required to check for modifier extensions.

Modifier extensions SHALL NOT change the meaning of any elements on Resource or DomainResource (including cannot change the meaning of modifierExtension itself).","There can be no stigma associated with the use of extensions by any application, project, or standard - regardless of the institution or jurisdiction that uses or defines the extensions.  The use of extensions is what allows the FHIR specification to retain a core level of simplicity for everyone.","Modifier extensions allow for extensions that *cannot* be safely ignored to be clearly distinguished from the vast majority of extensions which can be safely ignored.  This promotes interoperability by eliminating the need for implementers to prohibit the presence of extensions. For further information, see the [definition of modifier extensions](http://hl7.org/fhir/R4/extensibility.html#modifierExtension).","","","","","","","",,,,,"",,,,"BackboneElement.modifierExtension",0,*,"","ele-1:All FHIR elements must have a @value or children {hasValue() or (children().count() > id.count())}
ext-1:Must have either extensions or value[x], not both {extension.exists() != value.exists()}"
"HNBaseDataModel.welfare.values","HNBaseDataModel.welfare.values","","","",0,*,"","","","Coding {[]} {[]}
","選項","選項","","","","","","","","","",,"required","","http://ltc-ig.fhir.tw/ValueSet/hn-vs-40193bb109d6","",,,,"HNBaseDataModel.welfare.values",0,*,"","","QuestionnaireResponse.item.where(linkId='Welfare').item.where(linkId='Welfare.Values')"
"HNBaseDataModel.welfare.other","HNBaseDataModel.welfare.other","","","",0,1,"","","","string {[]} {[]}
","補充說明","補充說明。選擇其他時應填寫說明。","","","","","","","","","",,,,,"",,,,"HNBaseDataModel.welfare.other",0,1,"","","QuestionnaireResponse.item.where(linkId='Welfare').item.where(linkId='Welfare.Other')"
"HNBaseDataModel.welfare.disabilityType","HNBaseDataModel.welfare.disabilityType","","","",0,1,"","","","Coding {[]} {[]}
","身障類別","身障類別。福利包含身障證明時必填。使用現有身心障礙類型 CodeSystem 的第一至第八類，回寫原 API 時還原完整名稱。","","","","","","","","","",,"required","","http://ltc-ig.fhir.tw/ValueSet/hn-disability-type","",,,,"HNBaseDataModel.welfare.disabilityType",0,1,"","","QuestionnaireResponse.item.where(linkId='Welfare').item.where(linkId='Welfare.DisabilityType')"
"HNBaseDataModel.caregiverID","HNBaseDataModel.caregiverID","","","",1,1,"","","","Coding {[]} {[]}
","主要照顧者關係","主要照顧者關係","","","","","","","","","",,"required","","http://ltc-ig.fhir.tw/ValueSet/hn-vs-738f974cf008","",,,,"HNBaseDataModel.caregiverID",1,1,"","","QuestionnaireResponse.item.where(linkId='CaregiverID')"
"HNBaseDataModel.caregiverName","HNBaseDataModel.caregiverName","","","",1,1,"","","","string {[]} {[]}
","主要照顧者姓名","主要照顧者姓名","","","","","","","","","",,,,,"",,,,"HNBaseDataModel.caregiverName",1,1,"","","QuestionnaireResponse.item.where(linkId='CaregiverName')"
"HNBaseDataModel.caregiverAddress","HNBaseDataModel.caregiverAddress","","","",1,1,"","","","BackboneElement {[]} {[]}
","主要照顧者地址","主要照顧者地址","","","","","","","","","",,,,,"",,,,"HNBaseDataModel.caregiverAddress",1,1,"","ele-1:All FHIR elements must have a @value or children {hasValue() or (children().count() > id.count())}
","QuestionnaireResponse.item.where(linkId='CaregiverAddress')"
"HNBaseDataModel.caregiverAddress.id","HNBaseDataModel.caregiverAddress.id","","","",0,1,"","","","string {[]} {[]}
","Unique id for inter-element referencing","Unique id for the element within a resource (for internal references). This may be any string value that does not contain spaces.","","","","","","","","","",,,,,"",,,,"Element.id",0,1,"",""
"HNBaseDataModel.caregiverAddress.extension","HNBaseDataModel.caregiverAddress.extension","","extensions
user content","",0,*,"","","","Extension {[]} {[]}
","Additional content defined by implementations","May be used to represent additional information that is not part of the basic definition of the element. To make the use of extensions safe and manageable, there is a strict set of governance  applied to the definition and use of extensions. Though any implementer can define an extension, there is a set of requirements that SHALL be met as part of the definition of the extension.","There can be no stigma associated with the use of extensions by any application, project, or standard - regardless of the institution or jurisdiction that uses or defines the extensions.  The use of extensions is what allows the FHIR specification to retain a core level of simplicity for everyone.","","","","","","","","",,,,,"","value:url}
","Extensions are always sliced by (at least) url",,"open","Element.extension",0,*,"","ele-1:All FHIR elements must have a @value or children {hasValue() or (children().count() > id.count())}
ext-1:Must have either extensions or value[x], not both {extension.exists() != value.exists()}"
"HNBaseDataModel.caregiverAddress.modifierExtension","HNBaseDataModel.caregiverAddress.modifierExtension","","extensions
user contentmodifiers","",0,*,"","Y","Y","Extension {[]} {[]}
","Extensions that cannot be ignored even if unrecognized","May be used to represent additional information that is not part of the basic definition of the element and that modifies the understanding of the element in which it is contained and/or the understanding of the containing element's descendants. Usually modifier elements provide negation or qualification. To make the use of extensions safe and manageable, there is a strict set of governance applied to the definition and use of extensions. Though any implementer can define an extension, there is a set of requirements that SHALL be met as part of the definition of the extension. Applications processing a resource are required to check for modifier extensions.

Modifier extensions SHALL NOT change the meaning of any elements on Resource or DomainResource (including cannot change the meaning of modifierExtension itself).","There can be no stigma associated with the use of extensions by any application, project, or standard - regardless of the institution or jurisdiction that uses or defines the extensions.  The use of extensions is what allows the FHIR specification to retain a core level of simplicity for everyone.","Modifier extensions allow for extensions that *cannot* be safely ignored to be clearly distinguished from the vast majority of extensions which can be safely ignored.  This promotes interoperability by eliminating the need for implementers to prohibit the presence of extensions. For further information, see the [definition of modifier extensions](http://hl7.org/fhir/R4/extensibility.html#modifierExtension).","","","","","","","",,,,,"",,,,"BackboneElement.modifierExtension",0,*,"","ele-1:All FHIR elements must have a @value or children {hasValue() or (children().count() > id.count())}
ext-1:Must have either extensions or value[x], not both {extension.exists() != value.exists()}"
"HNBaseDataModel.caregiverAddress.city","HNBaseDataModel.caregiverAddress.city","","","",1,1,"","","","string {[]} {[]}
","縣市","縣市","","","","","","","","","",,,,,"",,,,"HNBaseDataModel.caregiverAddress.city",1,1,"","","QuestionnaireResponse.item.where(linkId='CaregiverAddress').item.where(linkId='CaregiverAddress.City')"
"HNBaseDataModel.caregiverAddress.area","HNBaseDataModel.caregiverAddress.area","","","",1,1,"","","","string {[]} {[]}
","鄉鎮市區","鄉鎮市區","","","","","","","","","",,,,,"",,,,"HNBaseDataModel.caregiverAddress.area",1,1,"","","QuestionnaireResponse.item.where(linkId='CaregiverAddress').item.where(linkId='CaregiverAddress.Area')"
"HNBaseDataModel.caregiverAddress.lane","HNBaseDataModel.caregiverAddress.lane","","","",1,1,"","","","string {[]} {[]}
","街路門牌","街路門牌","","","","","","","","","",,,,,"",,,,"HNBaseDataModel.caregiverAddress.lane",1,1,"","","QuestionnaireResponse.item.where(linkId='CaregiverAddress').item.where(linkId='CaregiverAddress.Lane')"
"HNBaseDataModel.caregiverTel","HNBaseDataModel.caregiverTel","","","",1,1,"","","","string {[]} {[]}
","主要照顧者電話","主要照顧者電話","","","","","","","","","",,,,,"",,,,"HNBaseDataModel.caregiverTel",1,1,"","","QuestionnaireResponse.item.where(linkId='CaregiverTel')"
"HNBaseDataModel.egyContactRelation","HNBaseDataModel.egyContactRelation","","","",1,1,"","","","Coding {[]} {[]}
","緊急聯絡人關係","緊急聯絡人關係","","","","","","","","","",,"required","","http://ltc-ig.fhir.tw/ValueSet/hn-vs-2029890a4c12","",,,,"HNBaseDataModel.egyContactRelation",1,1,"","","QuestionnaireResponse.item.where(linkId='EgyContactRelation')"
"HNBaseDataModel.egyContactName","HNBaseDataModel.egyContactName","","","",1,1,"","","","string {[]} {[]}
","緊急聯絡人姓名","緊急聯絡人姓名","","","","","","","","","",,,,,"",,,,"HNBaseDataModel.egyContactName",1,1,"","","QuestionnaireResponse.item.where(linkId='EgyContactName')"
"HNBaseDataModel.egyContactTel1","HNBaseDataModel.egyContactTel1","","","",1,1,"","","","string {[]} {[]}
","緊急聯絡電話一","緊急聯絡電話一","","","","","","","","","",,,,,"",,,,"HNBaseDataModel.egyContactTel1",1,1,"","","QuestionnaireResponse.item.where(linkId='EgyContactTel1')"
"HNBaseDataModel.egyContactTel2","HNBaseDataModel.egyContactTel2","","","",0,1,"","","","string {[]} {[]}
","緊急聯絡電話二","緊急聯絡電話二","","","","","","","","","",,,,,"",,,,"HNBaseDataModel.egyContactTel2",0,1,"","","QuestionnaireResponse.item.where(linkId='EgyContactTel2')"
"HNBaseDataModel.nurseID","HNBaseDataModel.nurseID","","","",1,1,"","","","string {[]} {[]}
","主責護理人員身分證字號","主責護理人員身分證字號","","","","","","","","","",,,,,"",,,,"HNBaseDataModel.nurseID",1,1,"","","QuestionnaireResponse.item.where(linkId='NurseID')"
"HNBaseDataModel.decisionMakerRelation","HNBaseDataModel.decisionMakerRelation","","","",1,1,"","","","BackboneElement {[]} {[]}
","主要醫療決定者關係","主要醫療決定者關係","","","","","","","","","",,,,,"",,,,"HNBaseDataModel.decisionMakerRelation",1,1,"","ele-1:All FHIR elements must have a @value or children {hasValue() or (children().count() > id.count())}
","QuestionnaireResponse.item.where(linkId='DecisionMakerRelation')"
"HNBaseDataModel.decisionMakerRelation.id","HNBaseDataModel.decisionMakerRelation.id","","","",0,1,"","","","string {[]} {[]}
","Unique id for inter-element referencing","Unique id for the element within a resource (for internal references). This may be any string value that does not contain spaces.","","","","","","","","","",,,,,"",,,,"Element.id",0,1,"",""
"HNBaseDataModel.decisionMakerRelation.extension","HNBaseDataModel.decisionMakerRelation.extension","","extensions
user content","",0,*,"","","","Extension {[]} {[]}
","Additional content defined by implementations","May be used to represent additional information that is not part of the basic definition of the element. To make the use of extensions safe and manageable, there is a strict set of governance  applied to the definition and use of extensions. Though any implementer can define an extension, there is a set of requirements that SHALL be met as part of the definition of the extension.","There can be no stigma associated with the use of extensions by any application, project, or standard - regardless of the institution or jurisdiction that uses or defines the extensions.  The use of extensions is what allows the FHIR specification to retain a core level of simplicity for everyone.","","","","","","","","",,,,,"","value:url}
","Extensions are always sliced by (at least) url",,"open","Element.extension",0,*,"","ele-1:All FHIR elements must have a @value or children {hasValue() or (children().count() > id.count())}
ext-1:Must have either extensions or value[x], not both {extension.exists() != value.exists()}"
"HNBaseDataModel.decisionMakerRelation.modifierExtension","HNBaseDataModel.decisionMakerRelation.modifierExtension","","extensions
user contentmodifiers","",0,*,"","Y","Y","Extension {[]} {[]}
","Extensions that cannot be ignored even if unrecognized","May be used to represent additional information that is not part of the basic definition of the element and that modifies the understanding of the element in which it is contained and/or the understanding of the containing element's descendants. Usually modifier elements provide negation or qualification. To make the use of extensions safe and manageable, there is a strict set of governance applied to the definition and use of extensions. Though any implementer can define an extension, there is a set of requirements that SHALL be met as part of the definition of the extension. Applications processing a resource are required to check for modifier extensions.

Modifier extensions SHALL NOT change the meaning of any elements on Resource or DomainResource (including cannot change the meaning of modifierExtension itself).","There can be no stigma associated with the use of extensions by any application, project, or standard - regardless of the institution or jurisdiction that uses or defines the extensions.  The use of extensions is what allows the FHIR specification to retain a core level of simplicity for everyone.","Modifier extensions allow for extensions that *cannot* be safely ignored to be clearly distinguished from the vast majority of extensions which can be safely ignored.  This promotes interoperability by eliminating the need for implementers to prohibit the presence of extensions. For further information, see the [definition of modifier extensions](http://hl7.org/fhir/R4/extensibility.html#modifierExtension).","","","","","","","",,,,,"",,,,"BackboneElement.modifierExtension",0,*,"","ele-1:All FHIR elements must have a @value or children {hasValue() or (children().count() > id.count())}
ext-1:Must have either extensions or value[x], not both {extension.exists() != value.exists()}"
"HNBaseDataModel.decisionMakerRelation.value","HNBaseDataModel.decisionMakerRelation.value","","","",1,1,"","","","Coding {[]} {[]}
","選項","選項","","","","","","","","","",,"required","","http://ltc-ig.fhir.tw/ValueSet/hn-vs-b63e1293c409","",,,,"HNBaseDataModel.decisionMakerRelation.value",1,1,"","","QuestionnaireResponse.item.where(linkId='DecisionMakerRelation').item.where(linkId='DecisionMakerRelation.Value')"
"HNBaseDataModel.decisionMakerRelation.other","HNBaseDataModel.decisionMakerRelation.other","","","",0,1,"","","","string {[]} {[]}
","補充說明","補充說明。選擇其他時應填寫說明。","","","","","","","","","",,,,,"",,,,"HNBaseDataModel.decisionMakerRelation.other",0,1,"","","QuestionnaireResponse.item.where(linkId='DecisionMakerRelation').item.where(linkId='DecisionMakerRelation.Other')"
"HNBaseDataModel.mEvent","HNBaseDataModel.mEvent","","","",1,1,"","","","Coding {[]} {[]}
","一年內是否發生重大事件","一年內是否發生重大事件","","","","","","","","","",,"required","","http://ltc-ig.fhir.tw/ValueSet/hn-vs-49fe20230ec3","",,,,"HNBaseDataModel.mEvent",1,1,"","","QuestionnaireResponse.item.where(linkId='MEvent')"
"HNBaseDataModel.mEventItem","HNBaseDataModel.mEventItem","","","",0,1,"","","","BackboneElement {[]} {[]}
","重大事件項目","重大事件項目","","","","","","","","","",,,,,"",,,,"HNBaseDataModel.mEventItem",0,1,"","ele-1:All FHIR elements must have a @value or children {hasValue() or (children().count() > id.count())}
","QuestionnaireResponse.item.where(linkId='MEventItem')"
"HNBaseDataModel.mEventItem.id","HNBaseDataModel.mEventItem.id","","","",0,1,"","","","string {[]} {[]}
","Unique id for inter-element referencing","Unique id for the element within a resource (for internal references). This may be any string value that does not contain spaces.","","","","","","","","","",,,,,"",,,,"Element.id",0,1,"",""
"HNBaseDataModel.mEventItem.extension","HNBaseDataModel.mEventItem.extension","","extensions
user content","",0,*,"","","","Extension {[]} {[]}
","Additional content defined by implementations","May be used to represent additional information that is not part of the basic definition of the element. To make the use of extensions safe and manageable, there is a strict set of governance  applied to the definition and use of extensions. Though any implementer can define an extension, there is a set of requirements that SHALL be met as part of the definition of the extension.","There can be no stigma associated with the use of extensions by any application, project, or standard - regardless of the institution or jurisdiction that uses or defines the extensions.  The use of extensions is what allows the FHIR specification to retain a core level of simplicity for everyone.","","","","","","","","",,,,,"","value:url}
","Extensions are always sliced by (at least) url",,"open","Element.extension",0,*,"","ele-1:All FHIR elements must have a @value or children {hasValue() or (children().count() > id.count())}
ext-1:Must have either extensions or value[x], not both {extension.exists() != value.exists()}"
"HNBaseDataModel.mEventItem.modifierExtension","HNBaseDataModel.mEventItem.modifierExtension","","extensions
user contentmodifiers","",0,*,"","Y","Y","Extension {[]} {[]}
","Extensions that cannot be ignored even if unrecognized","May be used to represent additional information that is not part of the basic definition of the element and that modifies the understanding of the element in which it is contained and/or the understanding of the containing element's descendants. Usually modifier elements provide negation or qualification. To make the use of extensions safe and manageable, there is a strict set of governance applied to the definition and use of extensions. Though any implementer can define an extension, there is a set of requirements that SHALL be met as part of the definition of the extension. Applications processing a resource are required to check for modifier extensions.

Modifier extensions SHALL NOT change the meaning of any elements on Resource or DomainResource (including cannot change the meaning of modifierExtension itself).","There can be no stigma associated with the use of extensions by any application, project, or standard - regardless of the institution or jurisdiction that uses or defines the extensions.  The use of extensions is what allows the FHIR specification to retain a core level of simplicity for everyone.","Modifier extensions allow for extensions that *cannot* be safely ignored to be clearly distinguished from the vast majority of extensions which can be safely ignored.  This promotes interoperability by eliminating the need for implementers to prohibit the presence of extensions. For further information, see the [definition of modifier extensions](http://hl7.org/fhir/R4/extensibility.html#modifierExtension).","","","","","","","",,,,,"",,,,"BackboneElement.modifierExtension",0,*,"","ele-1:All FHIR elements must have a @value or children {hasValue() or (children().count() > id.count())}
ext-1:Must have either extensions or value[x], not both {extension.exists() != value.exists()}"
"HNBaseDataModel.mEventItem.values","HNBaseDataModel.mEventItem.values","","","",0,*,"","","","Coding {[]} {[]}
","選項","選項","","","","","","","","","",,"required","","http://ltc-ig.fhir.tw/ValueSet/hn-vs-fe3736bbd09e","",,,,"HNBaseDataModel.mEventItem.values",0,*,"","","QuestionnaireResponse.item.where(linkId='MEventItem').item.where(linkId='MEventItem.Values')"
"HNBaseDataModel.mEventItem.other","HNBaseDataModel.mEventItem.other","","","",0,1,"","","","string {[]} {[]}
","補充說明","補充說明。選擇其他時應填寫說明。","","","","","","","","","",,,,,"",,,,"HNBaseDataModel.mEventItem.other",0,1,"","","QuestionnaireResponse.item.where(linkId='MEventItem').item.where(linkId='MEventItem.Other')"
"HNBaseDataModel.caseDesc","HNBaseDataModel.caseDesc","","","",0,1,"","","","string {[]} {[]}
","個案描述","個案描述","","","","","","","","","",,,,,"",,,,"HNBaseDataModel.caseDesc",0,1,"","","QuestionnaireResponse.item.where(linkId='CaseDesc')"
"HNBaseDataModel.createID","HNBaseDataModel.createID","","","",1,1,"","","","string {[]} {[]}
","建立機構代碼","建立機構代碼","","","","","","","","","",,,,,"",,,,"HNBaseDataModel.createID",1,1,"","","QuestionnaireResponse.item.where(linkId='CreateID')"
"HNBaseDataModel.medicals","HNBaseDataModel.medicals","","","",0,*,"","","","BackboneElement {[]} {[]}
","共照醫事人員","共照醫事人員","","","","","","","","","",,,,,"",,,,"HNBaseDataModel.medicals",0,*,"","ele-1:All FHIR elements must have a @value or children {hasValue() or (children().count() > id.count())}
","QuestionnaireResponse.item.where(linkId='Medicals')"
"HNBaseDataModel.medicals.id","HNBaseDataModel.medicals.id","","","",0,1,"","","","string {[]} {[]}
","Unique id for inter-element referencing","Unique id for the element within a resource (for internal references). This may be any string value that does not contain spaces.","","","","","","","","","",,,,,"",,,,"Element.id",0,1,"",""
"HNBaseDataModel.medicals.extension","HNBaseDataModel.medicals.extension","","extensions
user content","",0,*,"","","","Extension {[]} {[]}
","Additional content defined by implementations","May be used to represent additional information that is not part of the basic definition of the element. To make the use of extensions safe and manageable, there is a strict set of governance  applied to the definition and use of extensions. Though any implementer can define an extension, there is a set of requirements that SHALL be met as part of the definition of the extension.","There can be no stigma associated with the use of extensions by any application, project, or standard - regardless of the institution or jurisdiction that uses or defines the extensions.  The use of extensions is what allows the FHIR specification to retain a core level of simplicity for everyone.","","","","","","","","",,,,,"","value:url}
","Extensions are always sliced by (at least) url",,"open","Element.extension",0,*,"","ele-1:All FHIR elements must have a @value or children {hasValue() or (children().count() > id.count())}
ext-1:Must have either extensions or value[x], not both {extension.exists() != value.exists()}"
"HNBaseDataModel.medicals.modifierExtension","HNBaseDataModel.medicals.modifierExtension","","extensions
user contentmodifiers","",0,*,"","Y","Y","Extension {[]} {[]}
","Extensions that cannot be ignored even if unrecognized","May be used to represent additional information that is not part of the basic definition of the element and that modifies the understanding of the element in which it is contained and/or the understanding of the containing element's descendants. Usually modifier elements provide negation or qualification. To make the use of extensions safe and manageable, there is a strict set of governance applied to the definition and use of extensions. Though any implementer can define an extension, there is a set of requirements that SHALL be met as part of the definition of the extension. Applications processing a resource are required to check for modifier extensions.

Modifier extensions SHALL NOT change the meaning of any elements on Resource or DomainResource (including cannot change the meaning of modifierExtension itself).","There can be no stigma associated with the use of extensions by any application, project, or standard - regardless of the institution or jurisdiction that uses or defines the extensions.  The use of extensions is what allows the FHIR specification to retain a core level of simplicity for everyone.","Modifier extensions allow for extensions that *cannot* be safely ignored to be clearly distinguished from the vast majority of extensions which can be safely ignored.  This promotes interoperability by eliminating the need for implementers to prohibit the presence of extensions. For further information, see the [definition of modifier extensions](http://hl7.org/fhir/R4/extensibility.html#modifierExtension).","","","","","","","",,,,,"",,,,"BackboneElement.modifierExtension",0,*,"","ele-1:All FHIR elements must have a @value or children {hasValue() or (children().count() > id.count())}
ext-1:Must have either extensions or value[x], not both {extension.exists() != value.exists()}"
"HNBaseDataModel.medicals.name","HNBaseDataModel.medicals.name","","","",1,1,"","","","string {[]} {[]}
","成員姓名","成員姓名","","","","","","","","","",,,,,"",,,,"HNBaseDataModel.medicals.name",1,1,"","","QuestionnaireResponse.item.where(linkId='Medicals').item.where(linkId='Medicals.Name')"
"HNBaseDataModel.medicals.careDate","HNBaseDataModel.medicals.careDate","","","",0,1,"","","","date {[]} {[]}
","加入日期","加入日期","","","","","","","","","",,,,,"",,,,"HNBaseDataModel.medicals.careDate",0,1,"","","QuestionnaireResponse.item.where(linkId='Medicals').item.where(linkId='Medicals.CareDate')"
"HNBaseDataModel.medicals.idNo","HNBaseDataModel.medicals.idNo","","","",0,1,"","","","string {[]} {[]}
","成員身分證字號","成員身分證字號","","","","","","","","","",,,,,"",,,,"HNBaseDataModel.medicals.idNo",0,1,"","","QuestionnaireResponse.item.where(linkId='Medicals').item.where(linkId='Medicals.IdNo')"
"HNBaseDataModel.medicals.jobTitle","HNBaseDataModel.medicals.jobTitle","","","",1,1,"","","","BackboneElement {[]} {[]}
","成員職稱","成員職稱","","","","","","","","","",,,,,"",,,,"HNBaseDataModel.medicals.jobTitle",1,1,"","ele-1:All FHIR elements must have a @value or children {hasValue() or (children().count() > id.count())}
","QuestionnaireResponse.item.where(linkId='Medicals').item.where(linkId='Medicals.JobTitle')"
"HNBaseDataModel.medicals.jobTitle.id","HNBaseDataModel.medicals.jobTitle.id","","","",0,1,"","","","string {[]} {[]}
","Unique id for inter-element referencing","Unique id for the element within a resource (for internal references). This may be any string value that does not contain spaces.","","","","","","","","","",,,,,"",,,,"Element.id",0,1,"",""
"HNBaseDataModel.medicals.jobTitle.extension","HNBaseDataModel.medicals.jobTitle.extension","","extensions
user content","",0,*,"","","","Extension {[]} {[]}
","Additional content defined by implementations","May be used to represent additional information that is not part of the basic definition of the element. To make the use of extensions safe and manageable, there is a strict set of governance  applied to the definition and use of extensions. Though any implementer can define an extension, there is a set of requirements that SHALL be met as part of the definition of the extension.","There can be no stigma associated with the use of extensions by any application, project, or standard - regardless of the institution or jurisdiction that uses or defines the extensions.  The use of extensions is what allows the FHIR specification to retain a core level of simplicity for everyone.","","","","","","","","",,,,,"","value:url}
","Extensions are always sliced by (at least) url",,"open","Element.extension",0,*,"","ele-1:All FHIR elements must have a @value or children {hasValue() or (children().count() > id.count())}
ext-1:Must have either extensions or value[x], not both {extension.exists() != value.exists()}"
"HNBaseDataModel.medicals.jobTitle.modifierExtension","HNBaseDataModel.medicals.jobTitle.modifierExtension","","extensions
user contentmodifiers","",0,*,"","Y","Y","Extension {[]} {[]}
","Extensions that cannot be ignored even if unrecognized","May be used to represent additional information that is not part of the basic definition of the element and that modifies the understanding of the element in which it is contained and/or the understanding of the containing element's descendants. Usually modifier elements provide negation or qualification. To make the use of extensions safe and manageable, there is a strict set of governance applied to the definition and use of extensions. Though any implementer can define an extension, there is a set of requirements that SHALL be met as part of the definition of the extension. Applications processing a resource are required to check for modifier extensions.

Modifier extensions SHALL NOT change the meaning of any elements on Resource or DomainResource (including cannot change the meaning of modifierExtension itself).","There can be no stigma associated with the use of extensions by any application, project, or standard - regardless of the institution or jurisdiction that uses or defines the extensions.  The use of extensions is what allows the FHIR specification to retain a core level of simplicity for everyone.","Modifier extensions allow for extensions that *cannot* be safely ignored to be clearly distinguished from the vast majority of extensions which can be safely ignored.  This promotes interoperability by eliminating the need for implementers to prohibit the presence of extensions. For further information, see the [definition of modifier extensions](http://hl7.org/fhir/R4/extensibility.html#modifierExtension).","","","","","","","",,,,,"",,,,"BackboneElement.modifierExtension",0,*,"","ele-1:All FHIR elements must have a @value or children {hasValue() or (children().count() > id.count())}
ext-1:Must have either extensions or value[x], not both {extension.exists() != value.exists()}"
"HNBaseDataModel.medicals.jobTitle.value","HNBaseDataModel.medicals.jobTitle.value","","","",1,1,"","","","Coding {[]} {[]}
","選項","選項","","","","","","","","","",,"required","","http://ltc-ig.fhir.tw/ValueSet/hn-vs-94d2d2fdf018","",,,,"HNBaseDataModel.medicals.jobTitle.value",1,1,"","","QuestionnaireResponse.item.where(linkId='Medicals').item.where(linkId='Medicals.JobTitle').item.where(linkId='Medicals.JobTitle.Value')"
"HNBaseDataModel.medicals.jobTitle.other","HNBaseDataModel.medicals.jobTitle.other","","","",0,1,"","","","string {[]} {[]}
","補充說明","補充說明。選擇其他時應填寫說明。","","","","","","","","","",,,,,"",,,,"HNBaseDataModel.medicals.jobTitle.other",0,1,"","","QuestionnaireResponse.item.where(linkId='Medicals').item.where(linkId='Medicals.JobTitle').item.where(linkId='Medicals.JobTitle.Other')"
"HNBaseDataModel.medicals.tel","HNBaseDataModel.medicals.tel","","","",1,1,"","","","string {[]} {[]}
","電話","電話","","","","","","","","","",,,,,"",,,,"HNBaseDataModel.medicals.tel",1,1,"","","QuestionnaireResponse.item.where(linkId='Medicals').item.where(linkId='Medicals.Tel')"
"HNBaseDataModel.medicals.careRemark","HNBaseDataModel.medicals.careRemark","","","",0,1,"","","","string {[]} {[]}
","照護備註","照護備註","","","","","","","","","",,,,,"",,,,"HNBaseDataModel.medicals.careRemark",0,1,"","","QuestionnaireResponse.item.where(linkId='Medicals').item.where(linkId='Medicals.CareRemark')"
"HNBaseDataModel.relatives","HNBaseDataModel.relatives","","","",0,*,"","","","BackboneElement {[]} {[]}
","共照親友","共照親友","","","","","","","","","",,,,,"",,,,"HNBaseDataModel.relatives",0,*,"","ele-1:All FHIR elements must have a @value or children {hasValue() or (children().count() > id.count())}
","QuestionnaireResponse.item.where(linkId='Relatives')"
"HNBaseDataModel.relatives.id","HNBaseDataModel.relatives.id","","","",0,1,"","","","string {[]} {[]}
","Unique id for inter-element referencing","Unique id for the element within a resource (for internal references). This may be any string value that does not contain spaces.","","","","","","","","","",,,,,"",,,,"Element.id",0,1,"",""
"HNBaseDataModel.relatives.extension","HNBaseDataModel.relatives.extension","","extensions
user content","",0,*,"","","","Extension {[]} {[]}
","Additional content defined by implementations","May be used to represent additional information that is not part of the basic definition of the element. To make the use of extensions safe and manageable, there is a strict set of governance  applied to the definition and use of extensions. Though any implementer can define an extension, there is a set of requirements that SHALL be met as part of the definition of the extension.","There can be no stigma associated with the use of extensions by any application, project, or standard - regardless of the institution or jurisdiction that uses or defines the extensions.  The use of extensions is what allows the FHIR specification to retain a core level of simplicity for everyone.","","","","","","","","",,,,,"","value:url}
","Extensions are always sliced by (at least) url",,"open","Element.extension",0,*,"","ele-1:All FHIR elements must have a @value or children {hasValue() or (children().count() > id.count())}
ext-1:Must have either extensions or value[x], not both {extension.exists() != value.exists()}"
"HNBaseDataModel.relatives.modifierExtension","HNBaseDataModel.relatives.modifierExtension","","extensions
user contentmodifiers","",0,*,"","Y","Y","Extension {[]} {[]}
","Extensions that cannot be ignored even if unrecognized","May be used to represent additional information that is not part of the basic definition of the element and that modifies the understanding of the element in which it is contained and/or the understanding of the containing element's descendants. Usually modifier elements provide negation or qualification. To make the use of extensions safe and manageable, there is a strict set of governance applied to the definition and use of extensions. Though any implementer can define an extension, there is a set of requirements that SHALL be met as part of the definition of the extension. Applications processing a resource are required to check for modifier extensions.

Modifier extensions SHALL NOT change the meaning of any elements on Resource or DomainResource (including cannot change the meaning of modifierExtension itself).","There can be no stigma associated with the use of extensions by any application, project, or standard - regardless of the institution or jurisdiction that uses or defines the extensions.  The use of extensions is what allows the FHIR specification to retain a core level of simplicity for everyone.","Modifier extensions allow for extensions that *cannot* be safely ignored to be clearly distinguished from the vast majority of extensions which can be safely ignored.  This promotes interoperability by eliminating the need for implementers to prohibit the presence of extensions. For further information, see the [definition of modifier extensions](http://hl7.org/fhir/R4/extensibility.html#modifierExtension).","","","","","","","",,,,,"",,,,"BackboneElement.modifierExtension",0,*,"","ele-1:All FHIR elements must have a @value or children {hasValue() or (children().count() > id.count())}
ext-1:Must have either extensions or value[x], not both {extension.exists() != value.exists()}"
"HNBaseDataModel.relatives.name","HNBaseDataModel.relatives.name","","","",1,1,"","","","string {[]} {[]}
","成員姓名","成員姓名","","","","","","","","","",,,,,"",,,,"HNBaseDataModel.relatives.name",1,1,"","","QuestionnaireResponse.item.where(linkId='Relatives').item.where(linkId='Relatives.Name')"
"HNBaseDataModel.relatives.relationship","HNBaseDataModel.relatives.relationship","","","",1,1,"","","","BackboneElement {[]} {[]}
","關係","關係","","","","","","","","","",,,,,"",,,,"HNBaseDataModel.relatives.relationship",1,1,"","ele-1:All FHIR elements must have a @value or children {hasValue() or (children().count() > id.count())}
","QuestionnaireResponse.item.where(linkId='Relatives').item.where(linkId='Relatives.Relationship')"
"HNBaseDataModel.relatives.relationship.id","HNBaseDataModel.relatives.relationship.id","","","",0,1,"","","","string {[]} {[]}
","Unique id for inter-element referencing","Unique id for the element within a resource (for internal references). This may be any string value that does not contain spaces.","","","","","","","","","",,,,,"",,,,"Element.id",0,1,"",""
"HNBaseDataModel.relatives.relationship.extension","HNBaseDataModel.relatives.relationship.extension","","extensions
user content","",0,*,"","","","Extension {[]} {[]}
","Additional content defined by implementations","May be used to represent additional information that is not part of the basic definition of the element. To make the use of extensions safe and manageable, there is a strict set of governance  applied to the definition and use of extensions. Though any implementer can define an extension, there is a set of requirements that SHALL be met as part of the definition of the extension.","There can be no stigma associated with the use of extensions by any application, project, or standard - regardless of the institution or jurisdiction that uses or defines the extensions.  The use of extensions is what allows the FHIR specification to retain a core level of simplicity for everyone.","","","","","","","","",,,,,"","value:url}
","Extensions are always sliced by (at least) url",,"open","Element.extension",0,*,"","ele-1:All FHIR elements must have a @value or children {hasValue() or (children().count() > id.count())}
ext-1:Must have either extensions or value[x], not both {extension.exists() != value.exists()}"
"HNBaseDataModel.relatives.relationship.modifierExtension","HNBaseDataModel.relatives.relationship.modifierExtension","","extensions
user contentmodifiers","",0,*,"","Y","Y","Extension {[]} {[]}
","Extensions that cannot be ignored even if unrecognized","May be used to represent additional information that is not part of the basic definition of the element and that modifies the understanding of the element in which it is contained and/or the understanding of the containing element's descendants. Usually modifier elements provide negation or qualification. To make the use of extensions safe and manageable, there is a strict set of governance applied to the definition and use of extensions. Though any implementer can define an extension, there is a set of requirements that SHALL be met as part of the definition of the extension. Applications processing a resource are required to check for modifier extensions.

Modifier extensions SHALL NOT change the meaning of any elements on Resource or DomainResource (including cannot change the meaning of modifierExtension itself).","There can be no stigma associated with the use of extensions by any application, project, or standard - regardless of the institution or jurisdiction that uses or defines the extensions.  The use of extensions is what allows the FHIR specification to retain a core level of simplicity for everyone.","Modifier extensions allow for extensions that *cannot* be safely ignored to be clearly distinguished from the vast majority of extensions which can be safely ignored.  This promotes interoperability by eliminating the need for implementers to prohibit the presence of extensions. For further information, see the [definition of modifier extensions](http://hl7.org/fhir/R4/extensibility.html#modifierExtension).","","","","","","","",,,,,"",,,,"BackboneElement.modifierExtension",0,*,"","ele-1:All FHIR elements must have a @value or children {hasValue() or (children().count() > id.count())}
ext-1:Must have either extensions or value[x], not both {extension.exists() != value.exists()}"
"HNBaseDataModel.relatives.relationship.value","HNBaseDataModel.relatives.relationship.value","","","",1,1,"","","","Coding {[]} {[]}
","選項","選項","","","","","","","","","",,"required","","http://ltc-ig.fhir.tw/ValueSet/hn-vs-9570830f5a60","",,,,"HNBaseDataModel.relatives.relationship.value",1,1,"","","QuestionnaireResponse.item.where(linkId='Relatives').item.where(linkId='Relatives.Relationship').item.where(linkId='Relatives.Relationship.Value')"
"HNBaseDataModel.relatives.relationship.other","HNBaseDataModel.relatives.relationship.other","","","",0,1,"","","","string {[]} {[]}
","補充說明","補充說明。選擇其他時應填寫說明。","","","","","","","","","",,,,,"",,,,"HNBaseDataModel.relatives.relationship.other",0,1,"","","QuestionnaireResponse.item.where(linkId='Relatives').item.where(linkId='Relatives.Relationship').item.where(linkId='Relatives.Relationship.Other')"
"HNBaseDataModel.relatives.careTime","HNBaseDataModel.relatives.careTime","","","",1,1,"","","","BackboneElement {[]} {[]}
","主要照顧時間","主要照顧時間","","","","","","","","","",,,,,"",,,,"HNBaseDataModel.relatives.careTime",1,1,"","ele-1:All FHIR elements must have a @value or children {hasValue() or (children().count() > id.count())}
","QuestionnaireResponse.item.where(linkId='Relatives').item.where(linkId='Relatives.CareTime')"
"HNBaseDataModel.relatives.careTime.id","HNBaseDataModel.relatives.careTime.id","","","",0,1,"","","","string {[]} {[]}
","Unique id for inter-element referencing","Unique id for the element within a resource (for internal references). This may be any string value that does not contain spaces.","","","","","","","","","",,,,,"",,,,"Element.id",0,1,"",""
"HNBaseDataModel.relatives.careTime.extension","HNBaseDataModel.relatives.careTime.extension","","extensions
user content","",0,*,"","","","Extension {[]} {[]}
","Additional content defined by implementations","May be used to represent additional information that is not part of the basic definition of the element. To make the use of extensions safe and manageable, there is a strict set of governance  applied to the definition and use of extensions. Though any implementer can define an extension, there is a set of requirements that SHALL be met as part of the definition of the extension.","There can be no stigma associated with the use of extensions by any application, project, or standard - regardless of the institution or jurisdiction that uses or defines the extensions.  The use of extensions is what allows the FHIR specification to retain a core level of simplicity for everyone.","","","","","","","","",,,,,"","value:url}
","Extensions are always sliced by (at least) url",,"open","Element.extension",0,*,"","ele-1:All FHIR elements must have a @value or children {hasValue() or (children().count() > id.count())}
ext-1:Must have either extensions or value[x], not both {extension.exists() != value.exists()}"
"HNBaseDataModel.relatives.careTime.modifierExtension","HNBaseDataModel.relatives.careTime.modifierExtension","","extensions
user contentmodifiers","",0,*,"","Y","Y","Extension {[]} {[]}
","Extensions that cannot be ignored even if unrecognized","May be used to represent additional information that is not part of the basic definition of the element and that modifies the understanding of the element in which it is contained and/or the understanding of the containing element's descendants. Usually modifier elements provide negation or qualification. To make the use of extensions safe and manageable, there is a strict set of governance applied to the definition and use of extensions. Though any implementer can define an extension, there is a set of requirements that SHALL be met as part of the definition of the extension. Applications processing a resource are required to check for modifier extensions.

Modifier extensions SHALL NOT change the meaning of any elements on Resource or DomainResource (including cannot change the meaning of modifierExtension itself).","There can be no stigma associated with the use of extensions by any application, project, or standard - regardless of the institution or jurisdiction that uses or defines the extensions.  The use of extensions is what allows the FHIR specification to retain a core level of simplicity for everyone.","Modifier extensions allow for extensions that *cannot* be safely ignored to be clearly distinguished from the vast majority of extensions which can be safely ignored.  This promotes interoperability by eliminating the need for implementers to prohibit the presence of extensions. For further information, see the [definition of modifier extensions](http://hl7.org/fhir/R4/extensibility.html#modifierExtension).","","","","","","","",,,,,"",,,,"BackboneElement.modifierExtension",0,*,"","ele-1:All FHIR elements must have a @value or children {hasValue() or (children().count() > id.count())}
ext-1:Must have either extensions or value[x], not both {extension.exists() != value.exists()}"
"HNBaseDataModel.relatives.careTime.value","HNBaseDataModel.relatives.careTime.value","","","",1,1,"","","","Coding {[]} {[]}
","選項","選項","","","","","","","","","",,"required","","http://ltc-ig.fhir.tw/ValueSet/hn-vs-a946985c2125","",,,,"HNBaseDataModel.relatives.careTime.value",1,1,"","","QuestionnaireResponse.item.where(linkId='Relatives').item.where(linkId='Relatives.CareTime').item.where(linkId='Relatives.CareTime.Value')"
"HNBaseDataModel.relatives.careTime.other","HNBaseDataModel.relatives.careTime.other","","","",0,1,"","","","string {[]} {[]}
","補充說明","補充說明。選擇其他時應填寫說明。","","","","","","","","","",,,,,"",,,,"HNBaseDataModel.relatives.careTime.other",0,1,"","","QuestionnaireResponse.item.where(linkId='Relatives').item.where(linkId='Relatives.CareTime').item.where(linkId='Relatives.CareTime.Other')"
"HNBaseDataModel.relatives.tel1","HNBaseDataModel.relatives.tel1","","","",1,1,"","","","BackboneElement {[]} {[]}
","電話1","電話1","","","","","","","","","",,,,,"",,,,"HNBaseDataModel.relatives.tel1",1,1,"","ele-1:All FHIR elements must have a @value or children {hasValue() or (children().count() > id.count())}
","QuestionnaireResponse.item.where(linkId='Relatives').item.where(linkId='Relatives.Tel1')"
"HNBaseDataModel.relatives.tel1.id","HNBaseDataModel.relatives.tel1.id","","","",0,1,"","","","string {[]} {[]}
","Unique id for inter-element referencing","Unique id for the element within a resource (for internal references). This may be any string value that does not contain spaces.","","","","","","","","","",,,,,"",,,,"Element.id",0,1,"",""
"HNBaseDataModel.relatives.tel1.extension","HNBaseDataModel.relatives.tel1.extension","","extensions
user content","",0,*,"","","","Extension {[]} {[]}
","Additional content defined by implementations","May be used to represent additional information that is not part of the basic definition of the element. To make the use of extensions safe and manageable, there is a strict set of governance  applied to the definition and use of extensions. Though any implementer can define an extension, there is a set of requirements that SHALL be met as part of the definition of the extension.","There can be no stigma associated with the use of extensions by any application, project, or standard - regardless of the institution or jurisdiction that uses or defines the extensions.  The use of extensions is what allows the FHIR specification to retain a core level of simplicity for everyone.","","","","","","","","",,,,,"","value:url}
","Extensions are always sliced by (at least) url",,"open","Element.extension",0,*,"","ele-1:All FHIR elements must have a @value or children {hasValue() or (children().count() > id.count())}
ext-1:Must have either extensions or value[x], not both {extension.exists() != value.exists()}"
"HNBaseDataModel.relatives.tel1.modifierExtension","HNBaseDataModel.relatives.tel1.modifierExtension","","extensions
user contentmodifiers","",0,*,"","Y","Y","Extension {[]} {[]}
","Extensions that cannot be ignored even if unrecognized","May be used to represent additional information that is not part of the basic definition of the element and that modifies the understanding of the element in which it is contained and/or the understanding of the containing element's descendants. Usually modifier elements provide negation or qualification. To make the use of extensions safe and manageable, there is a strict set of governance applied to the definition and use of extensions. Though any implementer can define an extension, there is a set of requirements that SHALL be met as part of the definition of the extension. Applications processing a resource are required to check for modifier extensions.

Modifier extensions SHALL NOT change the meaning of any elements on Resource or DomainResource (including cannot change the meaning of modifierExtension itself).","There can be no stigma associated with the use of extensions by any application, project, or standard - regardless of the institution or jurisdiction that uses or defines the extensions.  The use of extensions is what allows the FHIR specification to retain a core level of simplicity for everyone.","Modifier extensions allow for extensions that *cannot* be safely ignored to be clearly distinguished from the vast majority of extensions which can be safely ignored.  This promotes interoperability by eliminating the need for implementers to prohibit the presence of extensions. For further information, see the [definition of modifier extensions](http://hl7.org/fhir/R4/extensibility.html#modifierExtension).","","","","","","","",,,,,"",,,,"BackboneElement.modifierExtension",0,*,"","ele-1:All FHIR elements must have a @value or children {hasValue() or (children().count() > id.count())}
ext-1:Must have either extensions or value[x], not both {extension.exists() != value.exists()}"
"HNBaseDataModel.relatives.tel1.value","HNBaseDataModel.relatives.tel1.value","","","",1,1,"","","","string {[]} {[]}
","電話號碼","電話號碼","","","","","","","","","",,,,,"",,,,"HNBaseDataModel.relatives.tel1.value",1,1,"","","QuestionnaireResponse.item.where(linkId='Relatives').item.where(linkId='Relatives.Tel1').item.where(linkId='Relatives.Tel1.Value')"
"HNBaseDataModel.relatives.tel1.remark","HNBaseDataModel.relatives.tel1.remark","","","",0,1,"","","","string {[]} {[]}
","聯絡時間與說明","聯絡時間與說明","","","","","","","","","",,,,,"",,,,"HNBaseDataModel.relatives.tel1.remark",0,1,"","","QuestionnaireResponse.item.where(linkId='Relatives').item.where(linkId='Relatives.Tel1').item.where(linkId='Relatives.Tel1.Remark')"
"HNBaseDataModel.relatives.tel2","HNBaseDataModel.relatives.tel2","","","",0,1,"","","","BackboneElement {[]} {[]}
","電話2","電話2","","","","","","","","","",,,,,"",,,,"HNBaseDataModel.relatives.tel2",0,1,"","ele-1:All FHIR elements must have a @value or children {hasValue() or (children().count() > id.count())}
","QuestionnaireResponse.item.where(linkId='Relatives').item.where(linkId='Relatives.Tel2')"
"HNBaseDataModel.relatives.tel2.id","HNBaseDataModel.relatives.tel2.id","","","",0,1,"","","","string {[]} {[]}
","Unique id for inter-element referencing","Unique id for the element within a resource (for internal references). This may be any string value that does not contain spaces.","","","","","","","","","",,,,,"",,,,"Element.id",0,1,"",""
"HNBaseDataModel.relatives.tel2.extension","HNBaseDataModel.relatives.tel2.extension","","extensions
user content","",0,*,"","","","Extension {[]} {[]}
","Additional content defined by implementations","May be used to represent additional information that is not part of the basic definition of the element. To make the use of extensions safe and manageable, there is a strict set of governance  applied to the definition and use of extensions. Though any implementer can define an extension, there is a set of requirements that SHALL be met as part of the definition of the extension.","There can be no stigma associated with the use of extensions by any application, project, or standard - regardless of the institution or jurisdiction that uses or defines the extensions.  The use of extensions is what allows the FHIR specification to retain a core level of simplicity for everyone.","","","","","","","","",,,,,"","value:url}
","Extensions are always sliced by (at least) url",,"open","Element.extension",0,*,"","ele-1:All FHIR elements must have a @value or children {hasValue() or (children().count() > id.count())}
ext-1:Must have either extensions or value[x], not both {extension.exists() != value.exists()}"
"HNBaseDataModel.relatives.tel2.modifierExtension","HNBaseDataModel.relatives.tel2.modifierExtension","","extensions
user contentmodifiers","",0,*,"","Y","Y","Extension {[]} {[]}
","Extensions that cannot be ignored even if unrecognized","May be used to represent additional information that is not part of the basic definition of the element and that modifies the understanding of the element in which it is contained and/or the understanding of the containing element's descendants. Usually modifier elements provide negation or qualification. To make the use of extensions safe and manageable, there is a strict set of governance applied to the definition and use of extensions. Though any implementer can define an extension, there is a set of requirements that SHALL be met as part of the definition of the extension. Applications processing a resource are required to check for modifier extensions.

Modifier extensions SHALL NOT change the meaning of any elements on Resource or DomainResource (including cannot change the meaning of modifierExtension itself).","There can be no stigma associated with the use of extensions by any application, project, or standard - regardless of the institution or jurisdiction that uses or defines the extensions.  The use of extensions is what allows the FHIR specification to retain a core level of simplicity for everyone.","Modifier extensions allow for extensions that *cannot* be safely ignored to be clearly distinguished from the vast majority of extensions which can be safely ignored.  This promotes interoperability by eliminating the need for implementers to prohibit the presence of extensions. For further information, see the [definition of modifier extensions](http://hl7.org/fhir/R4/extensibility.html#modifierExtension).","","","","","","","",,,,,"",,,,"BackboneElement.modifierExtension",0,*,"","ele-1:All FHIR elements must have a @value or children {hasValue() or (children().count() > id.count())}
ext-1:Must have either extensions or value[x], not both {extension.exists() != value.exists()}"
"HNBaseDataModel.relatives.tel2.value","HNBaseDataModel.relatives.tel2.value","","","",1,1,"","","","string {[]} {[]}
","電話號碼","電話號碼","","","","","","","","","",,,,,"",,,,"HNBaseDataModel.relatives.tel2.value",1,1,"","","QuestionnaireResponse.item.where(linkId='Relatives').item.where(linkId='Relatives.Tel2').item.where(linkId='Relatives.Tel2.Value')"
"HNBaseDataModel.relatives.tel2.remark","HNBaseDataModel.relatives.tel2.remark","","","",0,1,"","","","string {[]} {[]}
","聯絡時間與說明","聯絡時間與說明","","","","","","","","","",,,,,"",,,,"HNBaseDataModel.relatives.tel2.remark",0,1,"","","QuestionnaireResponse.item.where(linkId='Relatives').item.where(linkId='Relatives.Tel2').item.where(linkId='Relatives.Tel2.Remark')"
"HNBaseDataModel.relatives.tel3","HNBaseDataModel.relatives.tel3","","","",0,1,"","","","BackboneElement {[]} {[]}
","電話3","電話3","","","","","","","","","",,,,,"",,,,"HNBaseDataModel.relatives.tel3",0,1,"","ele-1:All FHIR elements must have a @value or children {hasValue() or (children().count() > id.count())}
","QuestionnaireResponse.item.where(linkId='Relatives').item.where(linkId='Relatives.Tel3')"
"HNBaseDataModel.relatives.tel3.id","HNBaseDataModel.relatives.tel3.id","","","",0,1,"","","","string {[]} {[]}
","Unique id for inter-element referencing","Unique id for the element within a resource (for internal references). This may be any string value that does not contain spaces.","","","","","","","","","",,,,,"",,,,"Element.id",0,1,"",""
"HNBaseDataModel.relatives.tel3.extension","HNBaseDataModel.relatives.tel3.extension","","extensions
user content","",0,*,"","","","Extension {[]} {[]}
","Additional content defined by implementations","May be used to represent additional information that is not part of the basic definition of the element. To make the use of extensions safe and manageable, there is a strict set of governance  applied to the definition and use of extensions. Though any implementer can define an extension, there is a set of requirements that SHALL be met as part of the definition of the extension.","There can be no stigma associated with the use of extensions by any application, project, or standard - regardless of the institution or jurisdiction that uses or defines the extensions.  The use of extensions is what allows the FHIR specification to retain a core level of simplicity for everyone.","","","","","","","","",,,,,"","value:url}
","Extensions are always sliced by (at least) url",,"open","Element.extension",0,*,"","ele-1:All FHIR elements must have a @value or children {hasValue() or (children().count() > id.count())}
ext-1:Must have either extensions or value[x], not both {extension.exists() != value.exists()}"
"HNBaseDataModel.relatives.tel3.modifierExtension","HNBaseDataModel.relatives.tel3.modifierExtension","","extensions
user contentmodifiers","",0,*,"","Y","Y","Extension {[]} {[]}
","Extensions that cannot be ignored even if unrecognized","May be used to represent additional information that is not part of the basic definition of the element and that modifies the understanding of the element in which it is contained and/or the understanding of the containing element's descendants. Usually modifier elements provide negation or qualification. To make the use of extensions safe and manageable, there is a strict set of governance applied to the definition and use of extensions. Though any implementer can define an extension, there is a set of requirements that SHALL be met as part of the definition of the extension. Applications processing a resource are required to check for modifier extensions.

Modifier extensions SHALL NOT change the meaning of any elements on Resource or DomainResource (including cannot change the meaning of modifierExtension itself).","There can be no stigma associated with the use of extensions by any application, project, or standard - regardless of the institution or jurisdiction that uses or defines the extensions.  The use of extensions is what allows the FHIR specification to retain a core level of simplicity for everyone.","Modifier extensions allow for extensions that *cannot* be safely ignored to be clearly distinguished from the vast majority of extensions which can be safely ignored.  This promotes interoperability by eliminating the need for implementers to prohibit the presence of extensions. For further information, see the [definition of modifier extensions](http://hl7.org/fhir/R4/extensibility.html#modifierExtension).","","","","","","","",,,,,"",,,,"BackboneElement.modifierExtension",0,*,"","ele-1:All FHIR elements must have a @value or children {hasValue() or (children().count() > id.count())}
ext-1:Must have either extensions or value[x], not both {extension.exists() != value.exists()}"
"HNBaseDataModel.relatives.tel3.value","HNBaseDataModel.relatives.tel3.value","","","",1,1,"","","","string {[]} {[]}
","電話號碼","電話號碼","","","","","","","","","",,,,,"",,,,"HNBaseDataModel.relatives.tel3.value",1,1,"","","QuestionnaireResponse.item.where(linkId='Relatives').item.where(linkId='Relatives.Tel3').item.where(linkId='Relatives.Tel3.Value')"
"HNBaseDataModel.relatives.tel3.remark","HNBaseDataModel.relatives.tel3.remark","","","",0,1,"","","","string {[]} {[]}
","聯絡時間與說明","聯絡時間與說明","","","","","","","","","",,,,,"",,,,"HNBaseDataModel.relatives.tel3.remark",0,1,"","","QuestionnaireResponse.item.where(linkId='Relatives').item.where(linkId='Relatives.Tel3').item.where(linkId='Relatives.Tel3.Remark')"
"HNBaseDataModel.relatives.careRemark","HNBaseDataModel.relatives.careRemark","","","",0,1,"","","","string {[]} {[]}
","照護備註","照護備註","","","","","","","","","",,,,,"",,,,"HNBaseDataModel.relatives.careRemark",0,1,"","","QuestionnaireResponse.item.where(linkId='Relatives').item.where(linkId='Relatives.CareRemark')"
