URL,Version,Status,OIDs,Name,Title,Description,Uses,Used,Sources
http://hl7.org/fhir/ValueSet/additional-instruction-codes,4.0.1,draft,"2.16.840.1.113883.4.642.3.95",SNOMEDCTAdditionalDosageInstructions,SNOMED CT Additional Dosage Instructions,"This value set includes all SNOMED CT Additional Dosage Instructions.","StructureDefinition/HAHMedicationRequest","SCT"
http://hl7.org/fhir/ValueSet/address-type,4.0.1,active,"2.16.840.1.113883.4.642.3.69",AddressType,AddressType,"The type of an address (physical / postal).","StructureDefinition/HNPatient,StructureDefinition/LTCPatientCMS,StructureDefinition/LTCPatient,StructureDefinition/LTCRelatedPerson,StructureDefinition/Organization-twltc,StructureDefinition/LTCPatientReferral,StructureDefinition/LTCLocationFeeAuditPlace,StructureDefinition/HAHPatient,StructureDefinition/Location-twltc","hl7.fhir.r4.core"
http://hl7.org/fhir/ValueSet/address-use,4.0.1,active,"2.16.840.1.113883.4.642.3.67",AddressUse,AddressUse,"The use of an address.","StructureDefinition/HNPatient,StructureDefinition/LTCPatientCMS,StructureDefinition/LTCPatient,StructureDefinition/LTCRelatedPerson,StructureDefinition/Organization-twltc,StructureDefinition/LTCPatientReferral,StructureDefinition/LTCLocationFeeAuditPlace,StructureDefinition/HAHPatient,StructureDefinition/Location-twltc","hl7.fhir.r4.core"
http://hl7.org/fhir/ValueSet/adjudication,4.0.1,draft,"2.16.840.1.113883.4.642.3.596",AdjudicationValueCodes,Adjudication Value Codes,"This value set includes a smattering of Adjudication Value codes which includes codes to indicate the amounts eligible under the plan, the amount of benefit, copays etc.","StructureDefinition/LTC-ClaimResponse-Export","THO"
http://hl7.org/fhir/ValueSet/adjudication-error,4.0.1,draft,"2.16.840.1.113883.4.642.3.39",Adjudication Error Codes,AdjudicationError,"This value set includes a smattering of adjudication codes.","StructureDefinition/LTC-CoverageEligibilityResponse,StructureDefinition/LTC-ClaimResponse-Export","THO"
http://hl7.org/fhir/ValueSet/adjudication-reason,4.0.1,draft,"2.16.840.1.113883.4.642.3.598",AdjudicationReasonCodes,Adjudication Reason Codes,"This value set includes smattering of Adjudication Reason codes.","StructureDefinition/LTCClaimResponseFeeAudit,StructureDefinition/LTC-ClaimResponse-Export","THO"
http://hl7.org/fhir/ValueSet/administration-method-codes,4.0.1,draft,"2.16.840.1.113883.4.642.3.97",SNOMEDCTAdministrationMethodCodes,SNOMED CT Administration Method Codes,"This value set includes some method codes from SNOMED CT - provided as an exemplar","StructureDefinition/HAHMedicationRequest,StructureDefinition/LTCMedicationAdministration,StructureDefinition/HAHMedicationAdministration","SCT"
http://hl7.org/fhir/ValueSet/administrative-gender,4.0.1,active,"2.16.840.1.113883.4.642.3.1",AdministrativeGender,AdministrativeGender,"The gender of a person used for administrative purposes.","StructureDefinition/HNPatient,StructureDefinition/HAHCareDataset,StructureDefinition/LTCPatientCMS,StructureDefinition/LTCPatient,StructureDefinition/LTCRelatedPerson,StructureDefinition/LTCPatientReferral,StructureDefinition/LTCPractitioner,StructureDefinition/HAHPatient","hl7.fhir.r4.core"
http://hl7.org/fhir/ValueSet/adverse-event-actuality,4.0.1,draft,"2.16.840.1.113883.4.642.3.831",AdverseEventActuality,AdverseEventActuality,"Overall nature of the adverse event, e.g. real or potential.","StructureDefinition/AdverseEvent-twltc","hl7.fhir.r4.core"
http://hl7.org/fhir/ValueSet/adverse-event-category,4.0.1,draft,"2.16.840.1.113883.4.642.3.833",AdverseEventCategory,AdverseEventCategory,"Overall categorization of the event, e.g. product-related or situational.","StructureDefinition/AdverseEvent-twltc","THO"
http://hl7.org/fhir/ValueSet/adverse-event-causality-assess,4.0.1,draft,"2.16.840.1.113883.4.642.3.840",AdverseEventCausalityAssessment,AdverseEventCausalityAssessment,"Codes for the assessment of whether the entity caused the event.","StructureDefinition/AdverseEvent-twltc","THO"
http://hl7.org/fhir/ValueSet/adverse-event-causality-method,4.0.1,draft,"2.16.840.1.113883.4.642.3.842",AdverseEventCausalityMethod,AdverseEventCausalityMethod,"TODO.","StructureDefinition/AdverseEvent-twltc","THO"
http://hl7.org/fhir/ValueSet/adverse-event-outcome,4.0.1,draft,"2.16.840.1.113883.4.642.3.836",AdverseEventOutcome,AdverseEventOutcome,"TODO (and should this be required?).","StructureDefinition/AdverseEvent-twltc","THO"
http://hl7.org/fhir/ValueSet/adverse-event-seriousness,4.0.1,draft,"2.16.840.1.113883.4.642.3.838",AdverseEventSeriousness,AdverseEventSeriousness,"Overall seriousness of this event for the patient.","StructureDefinition/AdverseEvent-twltc","THO"
http://hl7.org/fhir/ValueSet/adverse-event-severity,4.0.1,draft,"2.16.840.1.113883.4.642.3.844",AdverseEventSeverity,AdverseEventSeverity,"The severity of the adverse event itself, in direct relation to the subject.","StructureDefinition/AdverseEvent-twltc","THO"
http://hl7.org/fhir/ValueSet/allergy-intolerance-category,4.0.1,draft,"2.16.840.1.113883.4.642.3.133",AllergyIntoleranceCategory,AllergyIntoleranceCategory,"Category of an identified substance associated with allergies or intolerances.","StructureDefinition/HAHAllergyIntolerance","hl7.fhir.r4.core"
http://hl7.org/fhir/ValueSet/allergy-intolerance-criticality,4.0.1,draft,"2.16.840.1.113883.4.642.3.129",AllergyIntoleranceCriticality,AllergyIntoleranceCriticality,"Estimate of the potential clinical harm, or seriousness, of a reaction to an identified substance.","StructureDefinition/HAHAllergyIntolerance","hl7.fhir.r4.core"
http://hl7.org/fhir/ValueSet/allergy-intolerance-type,4.0.1,draft,"2.16.840.1.113883.4.642.3.131",AllergyIntoleranceType,AllergyIntoleranceType,"Identification of the underlying physiological mechanism for a Reaction Risk.","StructureDefinition/HAHAllergyIntolerance","hl7.fhir.r4.core"
http://hl7.org/fhir/ValueSet/allergyintolerance-clinical,4.0.1,draft,"2.16.840.1.113883.4.642.3.1372",AllergyIntoleranceClinicalStatusCodes,AllergyIntolerance Clinical Status Codes,"Preferred value set for AllergyIntolerance Clinical Status.","StructureDefinition/HAHAllergyIntolerance","THO"
http://hl7.org/fhir/ValueSet/allergyintolerance-code,4.0.1,draft,"2.16.840.1.113883.4.642.3.137",AllergyIntoleranceSubstance/Product,ConditionAndNegationCodes,AllergyIntolerance Substance/Product, Condition and Negation Codes,"This value set includes concept codes for specific substances/pharmaceutical products, allergy or intolerance conditions, and negation/exclusion codes to specify the absence of specific types of allergies or intolerances.","StructureDefinition/HAHAllergyIntolerance","SCT"
http://hl7.org/fhir/ValueSet/allergyintolerance-verification,4.0.1,draft,"2.16.840.1.113883.4.642.3.1370",AllergyIntoleranceVerificationStatusCodes,AllergyIntolerance Verification Status Codes,"Preferred value set for AllergyIntolerance Verification Status.","StructureDefinition/HAHAllergyIntolerance","THO"
http://hl7.org/fhir/ValueSet/approach-site-codes,4.0.1,draft,"2.16.840.1.113883.4.642.3.346",SNOMEDCTAnatomicalStructureForAdministrationSiteCodes,SNOMED CT Anatomical Structure for Administration Site Codes,"This value set includes Anatomical Structure codes from SNOMED CT - provided as an exemplar.","StructureDefinition/HAHMedicationRequest,StructureDefinition/LTCMedicationAdministration,StructureDefinition/HAHMedicationAdministration","SCT"
http://hl7.org/fhir/ValueSet/benefit-network,4.0.1,draft,"2.16.840.1.113883.4.642.3.608",NetworkTypeCodes,Network Type Codes,"This value set includes a smattering of Network type codes.","StructureDefinition/LTC-CoverageEligibilityResponse","THO"
http://hl7.org/fhir/ValueSet/benefit-term,4.0.1,draft,"2.16.840.1.113883.4.642.3.612",BenefitTermCodes,Benefit Term Codes,"This value set includes a smattering of Benefit Term codes.","StructureDefinition/LTC-CoverageEligibilityResponse","THO"
http://hl7.org/fhir/ValueSet/benefit-type,4.0.1,draft,"2.16.840.1.113883.4.642.3.606",BenefitTypeCodes,Benefit Type Codes,"This value set includes a smattering of Benefit type codes.","StructureDefinition/LTC-CoverageEligibilityResponse","THO"
http://hl7.org/fhir/ValueSet/benefit-unit,4.0.1,draft,"2.16.840.1.113883.4.642.3.610",UnitTypeCodes,Unit Type Codes,"This value set includes a smattering of Unit type codes.","StructureDefinition/LTC-CoverageEligibilityResponse","THO"
http://hl7.org/fhir/ValueSet/body-site,4.0.1,draft,"2.16.840.1.113883.4.642.3.141",SNOMEDCTBodyStructures,SNOMED CT Body Structures,"This value set includes all codes from [SNOMED CT](http://snomed.info/sct) where concept is-a 442083009 (Anatomical or acquired body site (body structure)).","StructureDefinition/PASportObservationMeanHeartRate,StructureDefinition/PASportObservationExtracellularWater,StructureDefinition/LTCServiceRequest,StructureDefinition/PASportObservationTotalBodyWater,StructureDefinition/PASportObservationMineral,StructureDefinition/LTCConditionDisabilityType,StructureDefinition/LTCConditionResidence,StructureDefinition/PASportServiceRequest,StructureDefinition/PASportObservationRestingHeartRate,StructureDefinition/PASportConditionExerciseHistory,StructureDefinition/LTCObservationAssessmentBase,StructureDefinition/PASportObservationWeight,StructureDefinition/LTCProcedureCareActivity,StructureDefinition/LTCObservationFallingHistory,StructureDefinition/PASportConditionMedicalHistory,StructureDefinition/HAHServiceRequest,StructureDefinition/PASportObservationBodyFatMass,StructureDefinition/PASportObservationWeightTraining,StructureDefinition/PASportObservationWaist,StructureDefinition/PASportObservationPeripheralOxygenSaturation,StructureDefinition/PASportObservationHeartRate,StructureDefinition/PASportObservationBodyTemperature,StructureDefinition/PASportObservationBasalMetabolicRate,StructureDefinition/LTCConditionDisability,StructureDefinition/LTCConditionNeed,StructureDefinition/PASportObservationHeartRateVariability,StructureDefinition/LTC-Observation-Assessment-Payload,StructureDefinition/PASportObservationGaitType,StructureDefinition/PASportObservationProtein,StructureDefinition/PASportObservationSkeletalMuscleMassIndex,StructureDefinition/LTCCondition,StructureDefinition/PASportObservationRespiratoryRate,StructureDefinition/PASportObservationSkeletalMuscleMass,StructureDefinition/PASportObservationVisceralFatArea,StructureDefinition/HAHCondition,StructureDefinition/LTCConditionTube,StructureDefinition/HNWound,StructureDefinition/LTCObservationVitalSignsPanel,StructureDefinition/PASportObservationBodyFatPercentage,StructureDefinition/LTCObservationVitalSigns,StructureDefinition/PASportObservationCellMass,StructureDefinition/PASportObservationSoftLeanMass,StructureDefinition/LTCConditionProblem,StructureDefinition/PASportObservationGaitCycle,StructureDefinition/PASportObservationHeight,StructureDefinition/PASportObservationBodyMassIndex,StructureDefinition/PASportObservationObesityDegree,StructureDefinition/PASportObservationExtracellularWaterRatio,StructureDefinition/PASportObservationWaistHipRate,StructureDefinition/PASportObservationBodyAge,StructureDefinition/PASportObservationBodyBoneMass,StructureDefinition/PASportObservationBloodPressure,StructureDefinition/HNVitalSigns,StructureDefinition/HAHObservationLab,StructureDefinition/PASportObservationGlucose,StructureDefinition/LTCConditionCaregiver,StructureDefinition/PASportObservationVisceralFatIndex,StructureDefinition/PASportObservationTreadmill,StructureDefinition/PASportObservationIntracellularWater,StructureDefinition/LTC-Observation-Assessment-CS100,StructureDefinition/HAHProcedure,StructureDefinition/LTCConditionCrush,StructureDefinition/PASportObservationFatFreeMass","SCT"
http://hl7.org/fhir/ValueSet/bundle-type,4.0.1,active,"2.16.840.1.113883.4.642.3.620",BundleType,BundleType,"Indicates the purpose of a bundle - how it is intended to be used.","StructureDefinition/HNCarePlanTransaction,StructureDefinition/LTCBundleCMS,StructureDefinition/HAHBundleSummary,StructureDefinition/LTCBundleReferral,StructureDefinition/LTCBundleFeeAuditResponse,StructureDefinition/LTCBundleFeeAuditStatus,StructureDefinition/LTC-Bundle-Payload,StructureDefinition/HNVitalSignsBundle,StructureDefinition/LTCBundleFeeApply","hl7.fhir.r4.core"
http://hl7.org/fhir/ValueSet/c80-facilitycodes,4.0.1,active,"2.16.840.1.113883.3.88.12.80.67",FacilityTypeCodeValueSet,Facility Type Code Value Set,"This is the code representing the type of organizational setting where the clinical encounter, service, interaction, or treatment occurred. The value set used for Healthcare Facility Type has been defined by HITSP to be the value set reproduced from HITSP C80 Table 2-147.","StructureDefinition/HAHDocumentReference","SCT"
http://hl7.org/fhir/ValueSet/c80-practice-codes,4.0.1,active,"2.16.840.1.113883.3.88.12.80.72",PracticeSettingCodeValueSet,Practice Setting Code Value Set,"This is the code representing the clinical specialty of the clinician or provider who interacted with, treated, or provided a service to/for the patient. The value set used for clinical specialty has been limited by HITSP to the value set reproduced from HITSP C80 Table 2-149 Clinical Specialty Value Set Definition.","StructureDefinition/HAHDocumentReference,StructureDefinition/LTCPractitionerRole","SCT"
http://hl7.org/fhir/ValueSet/care-plan-activity-kind,4.0.1,draft,"2.16.840.1.113883.4.642.3.145",CarePlanActivityKind,Care Plan Activity Kind,"Resource types defined as part of FHIR that can be represented as in-line definitions of a care plan activity.","StructureDefinition/LTC-CarePlan-Payload,StructureDefinition/LTCCarePlanReferral,StructureDefinition/LTCCarePlan,StructureDefinition/LTC-CarePlan-CS100,StructureDefinition/PASportCarePlan,StructureDefinition/HNCarePlan,StructureDefinition/HAHCarePlan","hl7.fhir.r4.core"
http://hl7.org/fhir/ValueSet/care-plan-activity-outcome,4.0.1,draft,"2.16.840.1.113883.4.642.3.149",CarePlanActivityOutcome,Care Plan Activity Outcome,"Example codes indicating the outcome of a care plan activity. Note that these are in no way complete and might not even be appropriate for some uses.","StructureDefinition/LTC-CarePlan-Payload,StructureDefinition/LTCCarePlanReferral,StructureDefinition/LTCCarePlan,StructureDefinition/LTC-CarePlan-CS100,StructureDefinition/PASportCarePlan,StructureDefinition/HNCarePlan,StructureDefinition/HAHCarePlan","SCT"
http://hl7.org/fhir/ValueSet/care-plan-activity-status,4.0.1,draft,"2.16.840.1.113883.4.642.3.146",CarePlanActivityStatus,CarePlanActivityStatus,"Codes that reflect the current state of a care plan activity within its overall life cycle.","StructureDefinition/LTC-CarePlan-Payload,StructureDefinition/LTCCarePlanReferral,StructureDefinition/LTCCarePlan,StructureDefinition/LTC-CarePlan-CS100,StructureDefinition/PASportCarePlan,StructureDefinition/HNCarePlan,StructureDefinition/HAHCarePlan","hl7.fhir.r4.core"
http://hl7.org/fhir/ValueSet/care-plan-category,4.0.1,draft,"2.16.840.1.113883.4.642.3.148",CarePlanCategory,Care Plan Category,"Example codes indicating the category a care plan falls within.  Note that these are in no way complete and might not even be appropriate for some uses.","StructureDefinition/LTC-CarePlan-Payload,StructureDefinition/LTCCarePlanReferral,StructureDefinition/LTCCarePlan,StructureDefinition/LTC-CarePlan-CS100,StructureDefinition/PASportCarePlan,StructureDefinition/HNCarePlan,StructureDefinition/HAHCarePlan","SCT"
http://hl7.org/fhir/ValueSet/care-plan-intent,4.0.1,draft,"2.16.840.1.113883.4.642.3.150",CarePlanIntent,Care Plan Intent,"Codes indicating the degree of authority/intentionality associated with a care plan.","StructureDefinition/LTC-CarePlan-Payload,StructureDefinition/LTCCarePlanReferral,StructureDefinition/LTCCarePlan,StructureDefinition/LTC-CarePlan-CS100,StructureDefinition/PASportCarePlan,StructureDefinition/HNCarePlan,StructureDefinition/HAHCarePlan","hl7.fhir.r4.core"
http://hl7.org/fhir/ValueSet/care-team-category,4.0.1,draft,"2.16.840.1.113883.4.642.3.155",CareTeamCategory,Care Team category,"Indicates the type of care team.","StructureDefinition/LTCCareTeam,StructureDefinition/HAHCareTeam","LOINC"
http://hl7.org/fhir/ValueSet/care-team-status,4.0.1,draft,"2.16.840.1.113883.4.642.3.153",CareTeamStatus,CareTeamStatus,"Indicates the status of the care team.","StructureDefinition/LTCCareTeam,StructureDefinition/HAHCareTeam","hl7.fhir.r4.core"
http://hl7.org/fhir/ValueSet/claim-careteamrole,4.0.1,draft,"2.16.840.1.113883.4.642.3.586",ClaimCareTeamRoleCodes,Claim Care Team Role Codes,"This value set includes sample Claim Care Team Role codes.","StructureDefinition/LTC-Claim-Export,StructureDefinition/LTCClaimFeeApply","THO"
http://hl7.org/fhir/ValueSet/claim-exception,4.0.1,draft,"2.16.840.1.113883.4.642.3.580",ExceptionCodes,Exception Codes,"This value set includes sample Exception codes.","StructureDefinition/LTC-Claim-Export,StructureDefinition/LTCClaimFeeApply","THO"
http://hl7.org/fhir/ValueSet/claim-informationcategory,4.0.1,draft,"2.16.840.1.113883.4.642.3.582",ClaimInformationCategoryCodes,Claim Information Category Codes,"This value set includes sample Information Category codes.","StructureDefinition/LTC-Claim-Export","THO"
http://hl7.org/fhir/ValueSet/claim-modifiers,4.0.1,draft,"2.16.840.1.113883.4.642.3.536",ModifierTypeCodes,Modifier type Codes,"This value set includes sample Modifier type codes.","StructureDefinition/LTCClaimResponseFeeAudit,StructureDefinition/LTC-Claim-Export,StructureDefinition/LTC-CoverageEligibilityResponse,StructureDefinition/LTC-ClaimResponse-Export,StructureDefinition/LTCClaimFeeApply","THO"
http://hl7.org/fhir/ValueSet/claim-subtype,4.0.1,draft,"2.16.840.1.113883.4.642.3.566",ExampleClaimSubTypeCodes,Example Claim SubType Codes,"This value set includes sample Claim SubType codes which are used to distinguish the claim types for example within type institutional there may be subtypes for emergency services, bed stay and transportation.","StructureDefinition/LTCClaimResponseFeeAudit,StructureDefinition/LTC-Claim-Export,StructureDefinition/LTC-ClaimResponse-Export,StructureDefinition/LTCClaimFeeApply","THO"
http://hl7.org/fhir/ValueSet/claim-type,4.0.1,draft,"2.16.840.1.113883.4.642.3.558",ClaimTypeCodes,Claim Type Codes,"This value set includes Claim Type codes.","StructureDefinition/LTCClaimResponseFeeAudit,StructureDefinition/LTC-Claim-Export,StructureDefinition/LTC-ClaimResponse-Export,StructureDefinition/LTCClaimFeeApply","THO"
http://hl7.org/fhir/ValueSet/claim-use,4.0.1,draft,"2.16.840.1.113883.4.642.3.544",Use,Use,"The purpose of the Claim: predetermination, preauthorization, claim.","StructureDefinition/LTCClaimResponseFeeAudit,StructureDefinition/LTC-Claim-Export,StructureDefinition/LTC-ClaimResponse-Export,StructureDefinition/LTCClaimFeeApply","hl7.fhir.r4.core"
http://hl7.org/fhir/ValueSet/clinical-findings,4.0.1,draft,"2.16.840.1.113883.4.642.3.232",SNOMEDCTClinicalFindings,SNOMED CT Clinical Findings,"This value set includes all the ""Clinical finding"" [SNOMED CT](http://snomed.info/sct) codes - concepts where concept is-a 404684003 (Clinical finding (finding)).","StructureDefinition/LTCGoal,StructureDefinition/HAHAllergyIntolerance,StructureDefinition/HNCommunication,StructureDefinition/LTCCarePlan,StructureDefinition/LTCCarePlanReferral,StructureDefinition/LTC-CarePlan-CS100,StructureDefinition/HAHDiagnosticReport,StructureDefinition/HAHCommunication,StructureDefinition/HNCarePlan,StructureDefinition/LTC-Communication-ServiceA,StructureDefinition/LTCCareTeam,StructureDefinition/LTC-CarePlan-Payload,StructureDefinition/HNGoal,StructureDefinition/HAHCareTeam,StructureDefinition/PASportCarePlan,StructureDefinition/PASportGoal,StructureDefinition/HAHGoal,StructureDefinition/HAHCarePlan","SCT"
http://hl7.org/fhir/ValueSet/clinicalimpression-prognosis,4.0.1,draft,"2.16.840.1.113883.4.642.3.160",ClinicalImpressionPrognosis,Clinical Impression Prognosis,"Example value set for clinical impression prognosis.","StructureDefinition/HAHClinicalImpression","SCT"
http://hl7.org/fhir/ValueSet/clinicalimpression-status,4.0.1,draft,"2.16.840.1.113883.4.642.3.1046",ClinicalImpressionStatus,Clinical Impression Status,"Codes that reflect the current state of a clinical impression within its overall lifecycle.","StructureDefinition/HAHClinicalImpression","hl7.fhir.r4.core"
http://hl7.org/fhir/ValueSet/communication-not-done-reason,4.0.1,draft,"2.16.840.1.113883.4.642.3.174",CommunicationNotDoneReason,CommunicationNotDoneReason,"Codes for the reason why a communication did not happen.","StructureDefinition/HNCommunication,StructureDefinition/HAHCommunication,StructureDefinition/LTC-Communication-ServiceA","THO"
http://hl7.org/fhir/ValueSet/composition-attestation-mode,4.0.1,draft,"2.16.840.1.113883.4.642.3.238",CompositionAttestationMode,CompositionAttestationMode,"The way in which a person authenticated a composition.","StructureDefinition/HAHCompositionSummary,StructureDefinition/LTCCompositionCMS,StructureDefinition/LTC-Composition-CS100,StructureDefinition/LTCCompositionBase,StructureDefinition/LTCCompositionReferral","hl7.fhir.r4.core"
http://hl7.org/fhir/ValueSet/composition-status,4.0.1,draft,"2.16.840.1.113883.4.642.3.241",CompositionStatus,CompositionStatus,"The workflow/clinical status of the composition.","StructureDefinition/HAHCompositionSummary,StructureDefinition/LTCCompositionCMS,StructureDefinition/HAHDocumentReference,StructureDefinition/LTC-Composition-CS100,StructureDefinition/LTCCompositionBase,StructureDefinition/LTCCompositionReferral","hl7.fhir.r4.core"
http://hl7.org/fhir/ValueSet/condition-category,4.0.1,draft,"2.16.840.1.113883.4.642.3.162",ConditionCategoryCodes,Condition Category Codes,"Preferred value set for Condition Categories.","StructureDefinition/LTCCondition,StructureDefinition/PASportConditionMedicalHistory,StructureDefinition/LTCConditionDisabilityType,StructureDefinition/LTCConditionCaregiver,StructureDefinition/LTCConditionCrush,StructureDefinition/LTCConditionResidence,StructureDefinition/LTCConditionProblem,StructureDefinition/LTCConditionTube,StructureDefinition/LTCConditionDisability,StructureDefinition/HAHCondition,StructureDefinition/LTCConditionNeed,StructureDefinition/PASportConditionExerciseHistory","THO"
http://hl7.org/fhir/ValueSet/condition-clinical,4.0.1,draft,"2.16.840.1.113883.4.642.3.164",ConditionClinicalStatusCodes,Condition Clinical Status Codes,"Preferred value set for Condition Clinical Status.","StructureDefinition/LTCCondition,StructureDefinition/PASportConditionMedicalHistory,StructureDefinition/LTCConditionDisabilityType,StructureDefinition/LTCConditionCaregiver,StructureDefinition/LTCConditionCrush,StructureDefinition/LTCConditionResidence,StructureDefinition/LTCConditionProblem,StructureDefinition/LTCConditionTube,StructureDefinition/LTCConditionDisability,StructureDefinition/HAHCondition,StructureDefinition/LTCConditionNeed,StructureDefinition/PASportConditionExerciseHistory","THO"
http://hl7.org/fhir/ValueSet/condition-code,4.0.1,draft,"2.16.840.1.113883.4.642.3.161",Condition/Problem/DiagnosisCodes,Condition/Problem/Diagnosis Codes,"Example value set for Condition/Problem/Diagnosis codes.","StructureDefinition/HAHProcedure,StructureDefinition/HAHClinicalImpression,StructureDefinition/LTCCondition,StructureDefinition/PASportConditionMedicalHistory,StructureDefinition/HAHMedicationRequest,StructureDefinition/LTCConditionProblem,StructureDefinition/HAHCondition,StructureDefinition/LTCConditionNeed,StructureDefinition/PASportConditionExerciseHistory,StructureDefinition/LTCProcedureCareActivity","SCT"
http://hl7.org/fhir/ValueSet/condition-severity,4.0.1,draft,"2.16.840.1.113883.4.642.3.168",Condition/DiagnosisSeverity,Condition/Diagnosis Severity,"Preferred value set for Condition/Diagnosis severity grading.","ValueSet/ConditionSeverityVS-TWLTC,StructureDefinition/LTCCondition,StructureDefinition/PASportConditionMedicalHistory,StructureDefinition/LTCConditionCaregiver,StructureDefinition/LTCConditionCrush,StructureDefinition/LTCConditionResidence,StructureDefinition/LTCConditionProblem,StructureDefinition/LTCConditionTube,StructureDefinition/LTCConditionDisability,StructureDefinition/HAHCondition,StructureDefinition/LTCConditionNeed,StructureDefinition/PASportConditionExerciseHistory","SCT"
http://hl7.org/fhir/ValueSet/condition-stage,4.0.1,draft,"2.16.840.1.113883.4.642.3.170",ConditionStage,Condition Stage,"Example value set for stages of cancer and other conditions.","StructureDefinition/LTCCondition,StructureDefinition/PASportConditionMedicalHistory,StructureDefinition/LTCConditionDisabilityType,StructureDefinition/LTCConditionCaregiver,StructureDefinition/LTCConditionCrush,StructureDefinition/LTCConditionResidence,StructureDefinition/LTCConditionProblem,StructureDefinition/LTCConditionTube,StructureDefinition/LTCConditionDisability,StructureDefinition/HAHCondition,StructureDefinition/LTCConditionNeed,StructureDefinition/PASportConditionExerciseHistory","SCT"
http://hl7.org/fhir/ValueSet/condition-stage-type,4.0.1,draft,"2.16.840.1.113883.4.642.3.171",ConditionStageType,Condition Stage Type,"Example value set for the type of stages of cancer and other conditions","StructureDefinition/LTCCondition,StructureDefinition/PASportConditionMedicalHistory,StructureDefinition/LTCConditionDisabilityType,StructureDefinition/LTCConditionCaregiver,StructureDefinition/LTCConditionCrush,StructureDefinition/LTCConditionResidence,StructureDefinition/LTCConditionProblem,StructureDefinition/LTCConditionTube,StructureDefinition/LTCConditionDisability,StructureDefinition/HAHCondition,StructureDefinition/LTCConditionNeed,StructureDefinition/PASportConditionExerciseHistory","SCT"
http://hl7.org/fhir/ValueSet/condition-ver-status,4.0.1,draft,"2.16.840.1.113883.4.642.3.166",ConditionVerificationStatus,ConditionVerificationStatus,"The verification status to support or decline the clinical status of the condition or diagnosis.","StructureDefinition/LTCCondition,StructureDefinition/PASportConditionMedicalHistory,StructureDefinition/LTCConditionDisabilityType,StructureDefinition/LTCConditionCaregiver,StructureDefinition/LTCConditionCrush,StructureDefinition/LTCConditionResidence,StructureDefinition/LTCConditionProblem,StructureDefinition/LTCConditionTube,StructureDefinition/LTCConditionDisability,StructureDefinition/HAHCondition,StructureDefinition/LTCConditionNeed,StructureDefinition/PASportConditionExerciseHistory","THO"
http://hl7.org/fhir/ValueSet/consent-action,4.0.1,draft,"2.16.840.1.113883.4.642.3.753",ConsentActionCodes,Consent Action Codes,"This value set includes sample Consent Action codes.","StructureDefinition/HAHConsent","THO"
http://hl7.org/fhir/ValueSet/consent-category,4.0.1,draft,"2.16.840.1.113883.4.642.3.751",ConsentCategoryCodes,Consent Category Codes,"This value set includes sample Consent Directive Type codes, including several consent directive related LOINC codes; HL7 VALUE SET: ActConsentType(2.16.840.1.113883.1.11.19897); examples of US realm consent directive legal descriptions and references to online and/or downloadable forms such as the SSA-827 Authorization to Disclose Information to the Social Security Administration; and other anticipated consent directives related to participation in a clinical trial, medical procedures, reproductive procedures; health care directive (Living Will); advance directive, do not resuscitate (DNR); Physician Orders for Life-Sustaining Treatment (POLST)","StructureDefinition/HAHConsent","LOINC,THO"
http://hl7.org/fhir/ValueSet/consent-content-class,4.0.1,draft,"2.16.840.1.113883.4.642.3.747",ConsentContentClass,Consent Content Class,"This value set includes the FHIR resource types, along with some other important content class codes","StructureDefinition/HAHConsent","hl7.fhir.r4.core,Other"
http://hl7.org/fhir/ValueSet/consent-content-code,4.0.1,draft,"2.16.840.1.113883.4.642.3.748",ConsentContentCodes,Consent Content Codes,"This example value set contains all LOINC code","StructureDefinition/HAHConsent","LOINC"
http://hl7.org/fhir/ValueSet/consent-data-meaning,4.0.1,draft,"2.16.840.1.113883.4.642.3.759",ConsentDataMeaning,ConsentDataMeaning,"How a resource reference is interpreted when testing consent restrictions.","StructureDefinition/HAHConsent","hl7.fhir.r4.core"
http://hl7.org/fhir/ValueSet/consent-policy,4.0.1,draft,"2.16.840.1.113883.4.642.3.1014",ConsentPolicyRuleCodes,Consent PolicyRule Codes,"This value set includes sample Regulatory consent policy types from the US and other regions.","StructureDefinition/HAHConsent","THO"
http://hl7.org/fhir/ValueSet/consent-provision-type,4.0.1,draft,"2.16.840.1.113883.4.642.3.757",ConsentProvisionType,ConsentProvisionType,"How a rule statement is applied, such as adding additional consent or removing consent.","StructureDefinition/HAHConsent","hl7.fhir.r4.core"
http://hl7.org/fhir/ValueSet/consent-scope,4.0.1,draft,"2.16.840.1.113883.4.642.3.761",ConsentScopeCodes,Consent Scope Codes,"This value set includes the four Consent scope codes.","StructureDefinition/HAHConsent","THO"
http://hl7.org/fhir/ValueSet/consent-state-codes,4.0.1,draft,"2.16.840.1.113883.4.642.3.755",ConsentState,ConsentState,"Indicates the state of the consent.","StructureDefinition/HAHConsent,StructureDefinition/HAHCareDataset","hl7.fhir.r4.core"
http://hl7.org/fhir/ValueSet/contact-point-system,4.0.1,active,"2.16.840.1.113883.4.642.3.71",ContactPointSystem,ContactPointSystem,"Telecommunications form for contact point.","StructureDefinition/HNPatient,StructureDefinition/LTCPatientCMS,StructureDefinition/LTCPatient,StructureDefinition/LTCRelatedPerson,StructureDefinition/Organization-twltc,StructureDefinition/LTCPatientReferral,StructureDefinition/LTCPractitioner,StructureDefinition/LTCLocationFeeAuditPlace,StructureDefinition/HAHPatient,StructureDefinition/LTCPractitionerRole,StructureDefinition/Location-twltc","hl7.fhir.r4.core"
http://hl7.org/fhir/ValueSet/contact-point-use,4.0.1,active,"2.16.840.1.113883.4.642.3.73",ContactPointUse,ContactPointUse,"Use of contact point.","StructureDefinition/HNPatient,StructureDefinition/LTCPatientCMS,StructureDefinition/LTCPatient,StructureDefinition/LTCRelatedPerson,StructureDefinition/Organization-twltc,StructureDefinition/LTCPatientReferral,StructureDefinition/LTCPractitioner,StructureDefinition/LTCLocationFeeAuditPlace,StructureDefinition/HAHPatient,StructureDefinition/LTCPractitionerRole,StructureDefinition/Location-twltc","hl7.fhir.r4.core"
http://hl7.org/fhir/ValueSet/contactentity-type,4.0.1,draft,"2.16.840.1.113883.4.642.3.416",ContactEntityType,Contact entity type,"This example value set defines a set of codes that can be used to indicate the purpose for which you would contact a contact party.","StructureDefinition/Organization-twltc","THO"
http://hl7.org/fhir/ValueSet/coverageeligibilityresponse-ex-auth-support,4.0.1,draft,"2.16.840.1.113883.4.642.3.1393",CoverageEligibilityResponseAuthSupportCodes,CoverageEligibilityResponse Auth Support Codes,"This value set includes CoverageEligibilityResponse Auth Support codes.","StructureDefinition/LTC-CoverageEligibilityResponse","THO"
http://hl7.org/fhir/ValueSet/data-absent-reason,4.0.1,active,"2.16.840.1.113883.4.642.3.5",DataAbsentReason,DataAbsentReason,"Used to specify why the normally expected content of the data element is missing.","StructureDefinition/LTCObservationVitalSignsPanel,StructureDefinition/PASportObservationMeanHeartRate,StructureDefinition/PASportObservationBodyFatPercentage,StructureDefinition/PASportObservationExtracellularWater,StructureDefinition/LTCObservationVitalSigns,StructureDefinition/PASportObservationTotalBodyWater,StructureDefinition/PASportObservationMineral,StructureDefinition/PASportObservationCellMass,StructureDefinition/PASportObservationRestingHeartRate,StructureDefinition/PASportObservationSoftLeanMass,StructureDefinition/PASportObservationGaitCycle,StructureDefinition/LTCObservationAssessmentBase,StructureDefinition/PASportObservationWeight,StructureDefinition/LTCObservationFallingHistory,StructureDefinition/PASportObservationHeight,StructureDefinition/PASportObservationBodyMassIndex,StructureDefinition/PASportObservationObesityDegree,StructureDefinition/PASportObservationWaistHipRate,StructureDefinition/PASportObservationExtracellularWaterRatio,StructureDefinition/PASportObservationBodyAge,StructureDefinition/PASportObservationBodyBoneMass,StructureDefinition/PASportObservationBodyFatMass,StructureDefinition/PASportObservationWeightTraining,StructureDefinition/PASportObservationBloodPressure,StructureDefinition/HNVitalSigns,StructureDefinition/PASportObservationWaist,StructureDefinition/HAHObservationLab,StructureDefinition/PASportObservationPeripheralOxygenSaturation,StructureDefinition/PASportObservationGlucose,StructureDefinition/PASportObservationBodyTemperature,StructureDefinition/PASportObservationHeartRate,StructureDefinition/PASportObservationVisceralFatIndex,StructureDefinition/PASportObservationBasalMetabolicRate,StructureDefinition/PASportObservationTreadmill,StructureDefinition/PASportObservationHeartRateVariability,StructureDefinition/LTC-Observation-Assessment-Payload,StructureDefinition/PASportObservationGaitType,StructureDefinition/PASportObservationProtein,StructureDefinition/PASportObservationIntracellularWater,StructureDefinition/PASportObservationSkeletalMuscleMassIndex,StructureDefinition/LTC-Observation-Assessment-CS100,StructureDefinition/PASportObservationFatFreeMass,StructureDefinition/PASportObservationRespiratoryRate,StructureDefinition/PASportObservationSkeletalMuscleMass,StructureDefinition/PASportObservationVisceralFatArea,StructureDefinition/HNWound","THO"
http://hl7.org/fhir/ValueSet/days-of-week,4.0.1,active,"2.16.840.1.113883.4.642.3.512",DaysOfWeek,DaysOfWeek,"The days of the week.","StructureDefinition/HAHMedicationRequest,StructureDefinition/LTCLocationFeeAuditPlace,StructureDefinition/LTCPractitionerRole,StructureDefinition/Location-twltc","hl7.fhir.r4.core"
http://hl7.org/fhir/ValueSet/device-action,4.0.1,draft,"2.16.840.1.113883.4.642.3.425",ProcedureDeviceActionCodes,Procedure Device Action Codes,"Example codes indicating the change that happened to the device during the procedure.  Note that these are in no way complete and might not even be appropriate for some uses.","StructureDefinition/HAHProcedure,StructureDefinition/LTCProcedureCareActivity","SCT"
http://hl7.org/fhir/ValueSet/device-kind,4.0.1,draft,"2.16.840.1.113883.4.642.3.208",FHIRDeviceTypes,FHIR Device Types,"Codes used to identify medical devices. Includes concepts from SNOMED CT (http://www.snomed.org/) where concept is-a 49062001 (Device)  and is provided as a suggestive example.","StructureDefinition/HAHProcedure,StructureDefinition/LTCProcedureCareActivity","SCT"
http://hl7.org/fhir/ValueSet/device-nametype,4.0.1,draft,"2.16.840.1.113883.4.642.3.1083",DeviceNameType,DeviceNameType,"The type of name the device is referred by.","StructureDefinition/HAHDevice","hl7.fhir.r4.core"
http://hl7.org/fhir/ValueSet/device-status,4.0.1,draft,"2.16.840.1.113883.4.642.3.209",FHIRDeviceStatus,FHIRDeviceStatus,"The availability status of the device.","StructureDefinition/HAHDevice","hl7.fhir.r4.core"
http://hl7.org/fhir/ValueSet/device-status-reason,4.0.1,draft,"2.16.840.1.113883.4.642.3.1081",FHIRDeviceStatusReason,FHIRDeviceStatusReason,"The availability status reason of the device.","StructureDefinition/HAHDevice","THO"
http://hl7.org/fhir/ValueSet/device-type,4.0.1,draft,"2.16.840.1.113883.4.642.3.1376",DeviceType,Device Type,"Codes used to identify medical devices. Includes concepts from SNOMED CT (http://www.snomed.org/) where concept is-a 49062001 (Device)  and is provided as a suggestive example.","StructureDefinition/HAHDevice","SCT"
http://hl7.org/fhir/ValueSet/diagnosis-role,4.0.1,draft,"2.16.840.1.113883.4.642.3.49",DiagnosisRole,DiagnosisRole,"This value set defines a set of codes that can be used to express the role of a diagnosis on the Encounter or EpisodeOfCare record.","StructureDefinition/HAHEncounter,StructureDefinition/HAHVisitEncounter,StructureDefinition/LTC-EpisodeOfCare-CS100,StructureDefinition/HNEpisodeOfCare,StructureDefinition/LTCEpisodeOfCareBase,StructureDefinition/LTC-EpisodeOfCare-Payload,StructureDefinition/HAHAdmissionEncounter,StructureDefinition/HAHEpisodeOfCare","THO"
http://hl7.org/fhir/ValueSet/diagnostic-report-status,4.0.1,draft,"2.16.840.1.113883.4.642.3.235",DiagnosticReportStatus,DiagnosticReportStatus,"The status of the diagnostic report.","StructureDefinition/HAHCareDataset,StructureDefinition/HAHDiagnosticReport","hl7.fhir.r4.core"
http://hl7.org/fhir/ValueSet/diagnostic-service-sections,4.0.1,draft,"2.16.840.1.113883.4.642.3.234",DiagnosticServiceSectionCodes,Diagnostic Service Section Codes,"This value set includes all the codes in HL7 V2 table 0074.","StructureDefinition/HAHDiagnosticReport","THO (V2)"
http://hl7.org/fhir/ValueSet/document-reference-status,4.0.1,draft,"2.16.840.1.113883.4.642.3.7",DocumentReferenceStatus,DocumentReferenceStatus,"The status of the document reference.","StructureDefinition/HAHDocumentReference","hl7.fhir.r4.core"
http://hl7.org/fhir/ValueSet/document-relationship-type,4.0.1,draft,"2.16.840.1.113883.4.642.3.244",DocumentRelationshipType,DocumentRelationshipType,"The type of relationship between documents.","StructureDefinition/HAHCompositionSummary,StructureDefinition/LTCCompositionCMS,StructureDefinition/HAHDocumentReference,StructureDefinition/LTC-Composition-CS100,StructureDefinition/LTCCompositionBase,StructureDefinition/LTCCompositionReferral","hl7.fhir.r4.core"
http://hl7.org/fhir/ValueSet/dose-rate-type,4.0.1,draft,"2.16.840.1.113883.4.642.3.981",DoseAndRateType,DoseAndRateType,"The kind of dose or rate specified.","StructureDefinition/HAHMedicationRequest","THO"
http://hl7.org/fhir/ValueSet/eligibilityresponse-purpose,4.0.1,draft,"2.16.840.1.113883.4.642.3.1184",EligibilityResponsePurpose,EligibilityResponsePurpose,"A code specifying the types of information being requested.","StructureDefinition/LTC-CoverageEligibilityResponse","hl7.fhir.r4.core"
http://hl7.org/fhir/ValueSet/encounter-admit-source,4.0.1,draft,"2.16.840.1.113883.4.642.3.257",AdmitSource,Admit source,"This value set defines a set of codes that can be used to indicate from where the patient came in.","StructureDefinition/HAHEncounter,StructureDefinition/HAHVisitEncounter,StructureDefinition/HAHAdmissionEncounter","THO"
http://hl7.org/fhir/ValueSet/encounter-diet,4.0.1,draft,"2.16.840.1.113883.4.642.3.255",Diet,Diet,"This value set defines a set of codes that can be used to indicate dietary preferences or restrictions a patient may have.","StructureDefinition/HAHEncounter,StructureDefinition/HAHVisitEncounter,StructureDefinition/HAHAdmissionEncounter","THO"
http://hl7.org/fhir/ValueSet/encounter-discharge-disposition,4.0.1,draft,"2.16.840.1.113883.4.642.3.259",DischargeDisposition,Discharge disposition,"This value set defines a set of codes that can be used to where the patient left the hospital.","StructureDefinition/HAHEncounter,StructureDefinition/HAHVisitEncounter,StructureDefinition/HAHAdmissionEncounter","THO"
http://hl7.org/fhir/ValueSet/encounter-location-status,4.0.1,draft,"2.16.840.1.113883.4.642.3.262",EncounterLocationStatus,EncounterLocationStatus,"The status of the location.","StructureDefinition/HAHEncounter,StructureDefinition/HAHVisitEncounter,StructureDefinition/HAHAdmissionEncounter","hl7.fhir.r4.core"
http://hl7.org/fhir/ValueSet/encounter-participant-type,4.0.1,draft,"2.16.840.1.113883.4.642.3.250",ParticipantType,Participant type,"This value set defines a set of codes that can be used to indicate how an individual participates in an encounter.","StructureDefinition/HAHEncounter,StructureDefinition/HAHVisitEncounter,StructureDefinition/HAHAdmissionEncounter","THO (V3),THO"
http://hl7.org/fhir/ValueSet/encounter-reason,4.0.1,draft,"2.16.840.1.113883.4.642.3.261",EncounterReasonCodes,Encounter Reason Codes,"This examples value set defines the set of codes that can be used to indicate reasons for an encounter.","StructureDefinition/HAHEncounter,StructureDefinition/HAHVisitEncounter,StructureDefinition/HAHAdmissionEncounter","SCT"
http://hl7.org/fhir/ValueSet/encounter-special-arrangements,4.0.1,draft,"2.16.840.1.113883.4.642.3.253",SpecialArrangements,Special arrangements,"This value set defines a set of codes that can be used to indicate the kinds of special arrangements in place for a patients visit.","StructureDefinition/HAHEncounter,StructureDefinition/HAHVisitEncounter,StructureDefinition/HAHAdmissionEncounter","THO"
http://hl7.org/fhir/ValueSet/encounter-special-courtesy,4.0.1,draft,"2.16.840.1.113883.4.642.3.252",SpecialCourtesy,Special courtesy,"This value set defines a set of codes that can be used to indicate special courtesies provided to the patient.","StructureDefinition/HAHEncounter,StructureDefinition/HAHVisitEncounter,StructureDefinition/HAHAdmissionEncounter","THO (V3)"
http://hl7.org/fhir/ValueSet/encounter-status,4.0.1,draft,"2.16.840.1.113883.4.642.3.246",EncounterStatus,EncounterStatus,"Current state of the encounter.","StructureDefinition/HAHEncounter,StructureDefinition/HAHCareDataset,StructureDefinition/HAHVisitEncounter,StructureDefinition/HAHAdmissionEncounter","hl7.fhir.r4.core"
http://hl7.org/fhir/ValueSet/encounter-type,4.0.1,draft,"2.16.840.1.113883.4.642.3.248",EncounterType,Encounter type,"This example value set defines a set of codes that can be used to indicate the type of encounter: a specific code indicating type of service provided.","StructureDefinition/HAHEncounter,StructureDefinition/HAHVisitEncounter,StructureDefinition/HAHAdmissionEncounter","THO"
http://hl7.org/fhir/ValueSet/episode-of-care-status,4.0.1,draft,"2.16.840.1.113883.4.642.3.664",EpisodeOfCareStatus,EpisodeOfCareStatus,"The status of the episode of care.","StructureDefinition/HAHCareDataset,StructureDefinition/LTC-EpisodeOfCare-CS100,StructureDefinition/HNEpisodeOfCare,StructureDefinition/LTCEpisodeOfCareBase,StructureDefinition/LTC-EpisodeOfCare-Payload,StructureDefinition/HAHEpisodeOfCare","hl7.fhir.r4.core"
http://hl7.org/fhir/ValueSet/episodeofcare-type,4.0.1,draft,"2.16.840.1.113883.4.642.3.666",EpisodeOfCareType,Episode of care type,"This example value set defines a set of codes that can be used to express the usage type of an EpisodeOfCare record.","StructureDefinition/LTC-EpisodeOfCare-CS100,StructureDefinition/HNEpisodeOfCare,StructureDefinition/LTCEpisodeOfCareBase,StructureDefinition/LTC-EpisodeOfCare-Payload,StructureDefinition/HAHEpisodeOfCare","THO"
http://hl7.org/fhir/ValueSet/event-status,4.0.1,draft,"2.16.840.1.113883.4.642.3.109",EventStatus,EventStatus,"Codes identifying the lifecycle stage of an event.","StructureDefinition/HAHCareDataset,StructureDefinition/HAHProcedure,StructureDefinition/HNCommunication,StructureDefinition/HAHCommunication,StructureDefinition/LTC-Communication-ServiceA,StructureDefinition/LTCProcedureCareActivity","hl7.fhir.r4.core"
http://hl7.org/fhir/ValueSet/event-timing,4.0.1,active,"2.16.840.1.113883.4.642.3.75",EventTiming,EventTiming,"Real world event relating to the schedule.","StructureDefinition/HAHMedicationRequest","THO (V3),hl7.fhir.r4.core"
http://hl7.org/fhir/ValueSet/ex-benefitcategory,4.0.1,draft,"2.16.840.1.113883.4.642.3.1174",BenefitCategoryCodes,Benefit Category Codes,"This value set includes examples of Benefit Category codes.","StructureDefinition/LTC-Claim-Export,StructureDefinition/LTC-CoverageEligibilityResponse,StructureDefinition/LTCClaimFeeApply","THO"
http://hl7.org/fhir/ValueSet/ex-diagnosis-on-admission,4.0.1,draft,"2.16.840.1.113883.4.642.3.1169",ExampleDiagnosisOnAdmissionCodes,Example Diagnosis on Admission Codes,"This value set includes example Diagnosis on Admission codes.","StructureDefinition/LTC-Claim-Export,StructureDefinition/LTCClaimFeeApply","THO"
http://hl7.org/fhir/ValueSet/ex-diagnosisrelatedgroup,4.0.1,draft,"2.16.840.1.113883.4.642.3.588",ExampleDiagnosisRelatedGroupCodes,Example Diagnosis Related Group Codes,"This value set includes example Diagnosis Related Group codes.","StructureDefinition/LTC-Claim-Export,StructureDefinition/LTCClaimFeeApply","THO"
http://hl7.org/fhir/ValueSet/ex-diagnosistype,4.0.1,draft,"2.16.840.1.113883.4.642.3.590",ExampleDiagnosisTypeCodes,Example Diagnosis Type Codes,"This value set includes example Diagnosis Type codes.","StructureDefinition/LTC-Claim-Export,StructureDefinition/LTCClaimFeeApply","THO"
http://hl7.org/fhir/ValueSet/ex-paymenttype,4.0.1,draft,"2.16.840.1.113883.4.642.3.616",ExamplePaymentTypeCodes,Example Payment Type Codes,"This value set includes example Payment Type codes.","StructureDefinition/LTCClaimResponseFeeAudit,StructureDefinition/LTC-ClaimResponse-Export","THO"
http://hl7.org/fhir/ValueSet/ex-procedure-type,4.0.1,draft,"2.16.840.1.113883.4.642.3.1387",ExampleProcedureTypeCodes,Example Procedure Type Codes,"This value set includes example Procedure Type codes.","StructureDefinition/LTC-Claim-Export,StructureDefinition/LTCClaimFeeApply","THO"
http://hl7.org/fhir/ValueSet/ex-program-code,4.0.1,draft,"2.16.840.1.113883.4.642.3.576",ExampleProgramReasonCodes,Example Program Reason Codes,"This value set includes sample Program Reason Span codes.","StructureDefinition/LTCClaimResponseFeeAudit,StructureDefinition/LTC-Claim-Export,StructureDefinition/LTC-ClaimResponse-Export,StructureDefinition/LTCClaimFeeApply","THO"
http://hl7.org/fhir/ValueSet/ex-revenue-center,4.0.1,draft,"2.16.840.1.113883.4.642.3.594",ExampleRevenueCenterCodes,Example Revenue Center Codes,"This value set includes sample Revenue Center codes.","StructureDefinition/LTC-Claim-Export,StructureDefinition/LTCClaimFeeApply","THO"
http://hl7.org/fhir/ValueSet/fm-status,4.0.1,draft,"2.16.840.1.113883.4.642.3.592",FinancialResourceStatusCodes,Financial Resource Status Codes,"This value set includes Status codes.","StructureDefinition/LTCClaimResponseFeeAudit,StructureDefinition/LTC-Claim-Export,StructureDefinition/LTC-CoverageEligibilityResponse,StructureDefinition/LTC-ClaimResponse-Export,StructureDefinition/LTCClaimFeeApply","hl7.fhir.r4.core"
http://hl7.org/fhir/ValueSet/formatcodes,4.0.1,active,"1.3.6.1.4.1.19376.1.2.7.1",DocumentReferenceFormatCodeSet,DocumentReference Format Code Set,"The value set is defined to be the set of format codes defined by the IHE Technical Framework, and also including additional format codes defined by the    HL7. The value set is listed in HITSP C80 Table 2-153 Format Code Value Set Definition,    with additions published later by IHE as published    at http://wiki.ihe.net/index.php?title=IHE_Format_Codes   and with additions published later by HL7 as published at https://confluence.hl7.org/display/SD/Format+Codes+for+IHE+XDS.   This is the code specifying the technical format of the document. Along with the typeCode,    it should provide sufficient information to allow any potential document consumer to know    if it will be able to process the document. The code shall be sufficiently specific to    ensure processing/display by identifying a document encoding, structure and template. The actual list of codes here is incomplete","StructureDefinition/HAHDocumentReference","Other"
http://hl7.org/fhir/ValueSet/forms,4.0.1,draft,"2.16.840.1.113883.4.642.3.37",Form Codes,Forms,"This value set includes a sample set of Forms codes.","StructureDefinition/LTCClaimResponseFeeAudit,StructureDefinition/LTC-CoverageEligibilityResponse,StructureDefinition/LTC-ClaimResponse-Export","THO"
http://hl7.org/fhir/ValueSet/fundsreserve,4.0.1,draft,"2.16.840.1.113883.4.642.3.33",Funds Reservation Codes,FundsReserve,"This value set includes sample funds reservation type codes.","StructureDefinition/LTCClaimResponseFeeAudit,StructureDefinition/LTC-Claim-Export,StructureDefinition/LTC-ClaimResponse-Export,StructureDefinition/LTCClaimFeeApply","THO"
http://hl7.org/fhir/ValueSet/goal-achievement,4.0.1,draft,"2.16.840.1.113883.4.642.3.1374",GoalAchievementStatus,Goal achievement status,"Describes the progression, or lack thereof, towards the goal against the target.","StructureDefinition/LTCGoal,StructureDefinition/HNGoal,StructureDefinition/PASportGoal,StructureDefinition/HAHGoal","THO"
http://hl7.org/fhir/ValueSet/goal-category,4.0.1,draft,"2.16.840.1.113883.4.642.3.275",GoalCategory,Goal category,"Example codes for grouping goals to use for filtering or presentation.","StructureDefinition/LTCGoal,StructureDefinition/HNGoal,StructureDefinition/PASportGoal,StructureDefinition/HAHGoal","THO"
http://hl7.org/fhir/ValueSet/goal-priority,4.0.1,draft,"2.16.840.1.113883.4.642.3.273",GoalPriority,Goal priority,"Indicates the level of importance associated with reaching or sustaining a goal.","StructureDefinition/LTCGoal,StructureDefinition/HNGoal,StructureDefinition/PASportGoal,StructureDefinition/HAHGoal","THO"
http://hl7.org/fhir/ValueSet/goal-start-event,4.0.1,draft,"2.16.840.1.113883.4.642.3.279",GoalStartEvent,Goal start event,"Identifies types of events that might trigger the start of a goal.","StructureDefinition/LTCGoal,StructureDefinition/PASportGoal,StructureDefinition/HAHGoal","SCT"
http://hl7.org/fhir/ValueSet/goal-status,4.0.1,draft,"2.16.840.1.113883.4.642.3.271",GoalLifecycleStatus,GoalLifecycleStatus,"Codes that reflect the current state of a goal and whether the goal is still being targeted.","StructureDefinition/LTCGoal,StructureDefinition/HAHCareDataset,StructureDefinition/HNGoal,StructureDefinition/PASportGoal,StructureDefinition/HAHGoal","hl7.fhir.r4.core"
http://hl7.org/fhir/ValueSet/http-verb,4.0.1,active,"2.16.840.1.113883.4.642.3.624",HTTPVerb,HTTPVerb,"HTTP verbs (in the HTTP command line). See [HTTP rfc](https://tools.ietf.org/html/rfc7231) for details.","StructureDefinition/HNCarePlanTransaction,StructureDefinition/LTCBundleCMS,StructureDefinition/HAHBundleSummary,StructureDefinition/LTCBundleReferral,StructureDefinition/LTCBundleFeeAuditResponse,StructureDefinition/LTCBundleFeeAuditStatus,StructureDefinition/LTC-Bundle-Payload,StructureDefinition/HNVitalSignsBundle,StructureDefinition/LTCBundleFeeApply","hl7.fhir.r4.core"
http://hl7.org/fhir/ValueSet/icd-10,4.0.1,draft,"2.16.840.1.113883.4.642.3.531",ICD-10Codes,ICD-10 Codes,"This value set includes sample ICD-10 codes.","StructureDefinition/LTC-Claim-Export,StructureDefinition/LTCClaimFeeApply","hl7.terminology.r4"
http://hl7.org/fhir/ValueSet/icd-10-procedures,4.0.1,draft,"2.16.840.1.113883.4.642.3.574",ICD-10ProcedureCodes,ICD-10 Procedure Codes,"This value set includes sample ICD-10 Procedure codes.","StructureDefinition/LTC-Claim-Export,StructureDefinition/LTCClaimFeeApply","hl7.fhir.r4.core"
http://hl7.org/fhir/ValueSet/identifier-type,4.0.1,active,"2.16.840.1.113883.4.642.3.45",Identifier Type Codes,IdentifierType,"A coded type for an identifier that can be used to determine which identifier to use for a specific purpose.","StructureDefinition/HNPatient,StructureDefinition/LTCClaimResponseFeeAudit,StructureDefinition/LTCPatientCMS,StructureDefinition/HNEpisodeOfCare,StructureDefinition/PASportServiceRequest,StructureDefinition/LTCClaimFeeApply,StructureDefinition/LTC-EpisodeOfCare-Payload,StructureDefinition/LTC-EpisodeOfCare-CS100,StructureDefinition/LTC-Claim-Export,StructureDefinition/PASportGoal,StructureDefinition/HAHEpisodeOfCare,StructureDefinition/HNAPITask,StructureDefinition/HAHVisitEncounter,StructureDefinition/LTC-Composition-CS100,StructureDefinition/LTCPatient,StructureDefinition/LTCBundleFeeApply,StructureDefinition/HAHEncounter,StructureDefinition/HAHBundleSummary,StructureDefinition/HAHDevice,StructureDefinition/LTCTaskFeeAudit,StructureDefinition/LTC-ClaimResponse-Export,StructureDefinition/AdverseEvent-twltc,StructureDefinition/LTCPatientReferral,StructureDefinition/HAHAdmissionEncounter,StructureDefinition/HAHPatient","THO (V2)"
http://hl7.org/fhir/ValueSet/identifier-use,4.0.1,active,"2.16.840.1.113883.4.642.3.57",IdentifierUse,IdentifierUse,"Identifies the purpose for this identifier, if known .","StructureDefinition/HNPatient,StructureDefinition/LTCClaimResponseFeeAudit,StructureDefinition/LTCPatientCMS,StructureDefinition/HNEpisodeOfCare,StructureDefinition/PASportServiceRequest,StructureDefinition/LTCClaimFeeApply,StructureDefinition/LTC-EpisodeOfCare-Payload,StructureDefinition/LTC-EpisodeOfCare-CS100,StructureDefinition/LTC-Claim-Export,StructureDefinition/PASportGoal,StructureDefinition/HAHEpisodeOfCare,StructureDefinition/HNAPITask,StructureDefinition/HAHVisitEncounter,StructureDefinition/LTC-Composition-CS100,StructureDefinition/LTCPatient,StructureDefinition/Organization-twltc,StructureDefinition/LTCBundleFeeApply,StructureDefinition/HAHEncounter,StructureDefinition/HAHBundleSummary,StructureDefinition/HAHDevice,StructureDefinition/LTCTaskFeeAudit,StructureDefinition/LTC-ClaimResponse-Export,StructureDefinition/AdverseEvent-twltc,StructureDefinition/LTCPatientReferral,StructureDefinition/LTCPractitioner,StructureDefinition/HAHAdmissionEncounter,StructureDefinition/HAHPatient","hl7.fhir.r4.core"
http://hl7.org/fhir/ValueSet/investigation-sets,4.0.1,draft,"2.16.840.1.113883.4.642.3.157",InvestigationType,Investigation Type,"Example value set for investigation type.","StructureDefinition/HAHClinicalImpression","SCT"
http://hl7.org/fhir/ValueSet/issue-severity,4.0.1,active,"2.16.840.1.113883.4.642.3.408",IssueSeverity,IssueSeverity,"How the issue affects the success of the action.","StructureDefinition/HNOperationOutcome,StructureDefinition/LTCOperationOutcomeFeeAudit,StructureDefinition/LTC-OperationOutcome-Check","hl7.fhir.r4.core"
http://hl7.org/fhir/ValueSet/issue-type,4.0.1,active,"2.16.840.1.113883.4.642.3.410",IssueType,IssueType,"A code that describes the type of issue.","StructureDefinition/HNOperationOutcome,StructureDefinition/LTCOperationOutcomeFeeAudit,StructureDefinition/LTC-OperationOutcome-Check","hl7.fhir.r4.core"
http://hl7.org/fhir/ValueSet/item-type,4.0.1,draft,"2.16.840.1.113883.4.642.3.444",QuestionnaireItemType,QuestionnaireItemType,"Distinguishes groups from questions and display text and indicates data type for questions.","StructureDefinition/LTCQuestionnaire","hl7.fhir.r4.core"
http://hl7.org/fhir/ValueSet/jurisdiction,4.0.1,active,"2.16.840.1.113883.4.642.3.48",Jurisdiction ValueSet,Jurisdiction,"This value set defines a base set of codes for country, country subdivision and region    for indicating where a resource is intended to be used.             Note: The codes for countries and country subdivisions are taken from    [ISO 3166](https://www.iso.org/iso-3166-country-codes.html)    while the codes for ""supra-national"" regions are from    [UN Standard country or area codes for statistical use (M49)](http://unstats.un.org/unsd/methods/m49/m49.htm).","StructureDefinition/LTCQuestionnaire","hl7.terminology.r4,Other"
http://hl7.org/fhir/ValueSet/languages,4.0.1,draft,"2.16.840.1.113883.4.642.3.20",CommonLanguages,Common Languages,"This value set includes common codes from BCP-47 (http://tools.ietf.org/html/bcp47)","StructureDefinition/PASportObservationMeanHeartRate,StructureDefinition/PASportObservationExtracellularWater,StructureDefinition/HNCarePlanCloseResponse,StructureDefinition/HNEpisodeOfCare,StructureDefinition/PASportObservationMineral,StructureDefinition/LTCConditionDisabilityType,StructureDefinition/LTCConditionResidence,StructureDefinition/HAHAssessmentResponse,StructureDefinition/PASportServiceRequest,StructureDefinition/LTCQuestionnaireResponseCMSMental,StructureDefinition/LTCObservationAssessmentBase,StructureDefinition/PASportObservationWeight,StructureDefinition/LTCProcedureCareActivity,StructureDefinition/HAHCompositionSummary,StructureDefinition/LTCObservationFallingHistory,StructureDefinition/HAHClinicalImpression,StructureDefinition/LTC-CoverageEligibilityResponse,StructureDefinition/LTC-Claim-Export,StructureDefinition/LTCQuestionnaireResponseAA02,StructureDefinition/LTCQuestionnaireResponseCMSSpecialCare,StructureDefinition/PASportObservationWeightTraining,StructureDefinition/LTCQuestionnaireResponseAA01,StructureDefinition/LTCGoal,StructureDefinition/LTCQuestionnaireResponse,StructureDefinition/PASportObservationWaist,StructureDefinition/HAHAllergyIntolerance,StructureDefinition/LTCCarePlan,StructureDefinition/HAHVisitEncounter,StructureDefinition/LTCCarePlanReferral,StructureDefinition/HNCareRecordResponse,StructureDefinition/LTC-Composition-CS100,StructureDefinition/HAHDiagnosticReport,StructureDefinition/HNSOFsResponse,StructureDefinition/Organization-twltc,StructureDefinition/HNBaseDataResponse,StructureDefinition/LTCConditionNeed,StructureDefinition/HNCaseCloseResponse,StructureDefinition/LTC-Observation-Assessment-Payload,StructureDefinition/HNBodyEvaluationsResponse,StructureDefinition/HAHDocumentReference,StructureDefinition/LTCBundleCMS,StructureDefinition/LTC-CarePlan-Payload,StructureDefinition/LTCCondition,StructureDefinition/PASportObservationRespiratoryRate,StructureDefinition/PASportObservationSkeletalMuscleMass,StructureDefinition/LTCQuestionnaire,StructureDefinition/LTCBundleFeeAuditResponse,StructureDefinition/HAHCondition,StructureDefinition/LTCConditionTube,StructureDefinition/AdverseEvent-twltc,StructureDefinition/LTCMedicationAdministration,StructureDefinition/HAHAdmissionEncounter,StructureDefinition/LTCQuestionnaireResponseCMSMemory,StructureDefinition/HNWound,StructureDefinition/LTCQuestionnaireResponseAA12,StructureDefinition/HNCarePlanTransaction,StructureDefinition/LTCObservationVitalSignsPanel,StructureDefinition/LTCObservationVitalSigns,StructureDefinition/LTCClaimResponseFeeAudit,StructureDefinition/LTCQuestionnaireResponseCMSSociety,StructureDefinition/PASportObservationSoftLeanMass,StructureDefinition/HNEvaluationsResponse,StructureDefinition/LTC-EpisodeOfCare-CS100,StructureDefinition/PASportObservationObesityDegree,StructureDefinition/HNVitalSignResponse,StructureDefinition/LTCRelatedPerson,StructureDefinition/PASportObservationBodyAge,StructureDefinition/PASportObservationBodyBoneMass,StructureDefinition/PASportGoal,StructureDefinition/HNMeasuresResponse,StructureDefinition/HAHEpisodeOfCare,StructureDefinition/HNVitalSigns,StructureDefinition/HNCommunication,StructureDefinition/HAHObservationLab,StructureDefinition/HNCaseSummaryResponse,StructureDefinition/HAHVisitTask,StructureDefinition/PASportObservationGlucose,StructureDefinition/LTCCompositionReferral,StructureDefinition/LTC-Bundle-Payload,StructureDefinition/LTCBundleFeeApply,StructureDefinition/LTCCareTeam,StructureDefinition/HAHDevice,StructureDefinition/PASportObservationIntracellularWater,StructureDefinition/HAHProcedure,StructureDefinition/HNGoal,StructureDefinition/HAHCareTeam,StructureDefinition/HNPainEvaluationsResponse,StructureDefinition/LTCQuestionnaireResponseReferralCaregiver,StructureDefinition/LTC-ClaimResponse-Export,StructureDefinition/LTCQuestionnaireResponseCDR,StructureDefinition/LTCBundleFeeAuditStatus,StructureDefinition/LTCPractitioner,StructureDefinition/LTC-OperationOutcome-Check,StructureDefinition/LTCServiceRequest,StructureDefinition/PASportObservationTotalBodyWater,StructureDefinition/LTCPatientCMS,StructureDefinition/LTC-CarePlan-CS100,StructureDefinition/LTCCompositionBase,StructureDefinition/PASportObservationRestingHeartRate,StructureDefinition/LTCClaimFeeApply,StructureDefinition/HNIADLsResponse,StructureDefinition/PASportConditionExerciseHistory,StructureDefinition/LTC-EpisodeOfCare-Payload,StructureDefinition/LTCLocationFeeAuditPlace,StructureDefinition/LTC-Communication-ServiceA,StructureDefinition/LTCQuestionnaireResponseCMSCaregiverLoad,StructureDefinition/HNGeriatricDepressionScalesResponse,StructureDefinition/HNPressureInjuriesResponse,StructureDefinition/PASportConditionMedicalHistory,StructureDefinition/HAHServiceRequest,StructureDefinition/LTCQuestionnaireResponseCMSCommunication,StructureDefinition/LTCTask,StructureDefinition/HNVitalSignsBundle,StructureDefinition/LTCQuestionnaireResponseIADL,StructureDefinition/PASportObservationBodyFatMass,StructureDefinition/HAHGoal,StructureDefinition/HNAPITask,StructureDefinition/PASportObservationPeripheralOxygenSaturation,StructureDefinition/PASportObservationBodyTemperature,StructureDefinition/PASportObservationHeartRate,StructureDefinition/HNMedicalHistoriesResponse,StructureDefinition/PASportObservationBasalMetabolicRate,StructureDefinition/LTCConditionDisability,StructureDefinition/PASportObservationHeartRateVariability,StructureDefinition/LTCCompositionCMS,StructureDefinition/PASportObservationProtein,StructureDefinition/PASportObservationGaitType,StructureDefinition/PASportObservationSkeletalMuscleMassIndex,StructureDefinition/HNDrugSafetiesResponse,StructureDefinition/HAHMedicationRequest,StructureDefinition/PASportObservationVisceralFatArea,StructureDefinition/LTCPatientReferral,StructureDefinition/HAHCarePlan,StructureDefinition/LTCQuestionnaireResponseCMSCaregiverSupport,StructureDefinition/HNPatient,StructureDefinition/HNADLsResponse,StructureDefinition/LTCBundleReferral,StructureDefinition/PASportObservationBodyFatPercentage,StructureDefinition/HNDementiasResponse,StructureDefinition/HAHCommunication,StructureDefinition/PASportObservationCellMass,StructureDefinition/LTCConditionProblem,StructureDefinition/PASportObservationGaitCycle,StructureDefinition/HNTargetsResponse,StructureDefinition/Location-twltc,StructureDefinition/HNStaffEgyResponse,StructureDefinition/PASportObservationHeight,StructureDefinition/PASportObservationBodyMassIndex,StructureDefinition/HNHealthyHabitsResponse,StructureDefinition/HNCaseDescResponse,StructureDefinition/PASportObservationExtracellularWaterRatio,StructureDefinition/PASportObservationWaistHipRate,StructureDefinition/HNFallRisksResponse,StructureDefinition/LTCQuestionnaireResponseReferralSOF,StructureDefinition/PASportCarePlan,StructureDefinition/LTCEpisodeOfCareBase,StructureDefinition/PASportObservationBloodPressure,StructureDefinition/LTCPatient,StructureDefinition/HNMNASFsResponse,StructureDefinition/LTCConditionCaregiver,StructureDefinition/HNCarePlan,StructureDefinition/PASportObservationVisceralFatIndex,StructureDefinition/PASportObservationTreadmill,StructureDefinition/HAHBundleSummary,StructureDefinition/HAHConsent,StructureDefinition/HAHEncounter,StructureDefinition/LTC-Observation-Assessment-CS100,StructureDefinition/LTCQuestionnaireResponseADL,StructureDefinition/HNOperationOutcome,StructureDefinition/LTCQuestionnaireResponseMMSE,StructureDefinition/PASportObservationFatFreeMass,StructureDefinition/LTCConditionCrush,StructureDefinition/LTCTaskFeeAudit,StructureDefinition/LTCOperationOutcomeFeeAudit,StructureDefinition/HAHMedicationAdministration,StructureDefinition/LTCPractitionerRole,StructureDefinition/HAHPatient","hl7.terminology.r4"
http://hl7.org/fhir/ValueSet/link-type,4.0.1,active,"2.16.840.1.113883.4.642.3.423",LinkType,LinkType,"The type of link between this patient resource and another patient resource.","StructureDefinition/HNPatient,StructureDefinition/LTCPatientCMS,StructureDefinition/LTCPatient,StructureDefinition/LTCPatientReferral,StructureDefinition/HAHPatient","hl7.fhir.r4.core"
http://hl7.org/fhir/ValueSet/list-empty-reason,4.0.1,draft,"2.16.840.1.113883.4.642.3.322",ListEmptyReasons,List Empty Reasons,"General reasons for a list to be empty. Reasons are either related to a summary list (i.e. problem or medication list) or to a workflow related list (i.e. consultation list).","StructureDefinition/HAHCompositionSummary,StructureDefinition/LTCCompositionCMS,StructureDefinition/LTC-Composition-CS100,StructureDefinition/LTCCompositionBase,StructureDefinition/LTCCompositionReferral","THO"
http://hl7.org/fhir/ValueSet/list-mode,4.0.1,draft,"2.16.840.1.113883.4.642.3.318",ListMode,ListMode,"The processing mode that applies to this list.","StructureDefinition/HAHCompositionSummary,StructureDefinition/LTCCompositionCMS,StructureDefinition/LTC-Composition-CS100,StructureDefinition/LTCCompositionBase,StructureDefinition/LTCCompositionReferral","hl7.fhir.r4.core"
http://hl7.org/fhir/ValueSet/list-order,4.0.1,draft,"2.16.840.1.113883.4.642.3.324",ListOrderCodes,List Order Codes,"Base values for the order of the items in a list resource.","StructureDefinition/HAHCompositionSummary,StructureDefinition/LTCCompositionCMS,StructureDefinition/LTC-Composition-CS100,StructureDefinition/LTCCompositionBase,StructureDefinition/LTCCompositionReferral","THO"
http://hl7.org/fhir/ValueSet/location-mode,4.0.1,draft,"2.16.840.1.113883.4.642.3.330",LocationMode,LocationMode,"Indicates whether a resource instance represents a specific location or a class of locations.","StructureDefinition/LTCLocationFeeAuditPlace,StructureDefinition/Location-twltc","hl7.fhir.r4.core"
http://hl7.org/fhir/ValueSet/location-physical-type,4.0.1,draft,"2.16.840.1.113883.4.642.3.328",LocationType,Location type,"This example value set defines a set of codes that can be used to indicate the physical form of the Location.","StructureDefinition/HAHEncounter,StructureDefinition/HAHVisitEncounter,StructureDefinition/LTCLocationFeeAuditPlace,StructureDefinition/HAHAdmissionEncounter,StructureDefinition/Location-twltc","THO"
http://hl7.org/fhir/ValueSet/location-status,4.0.1,draft,"2.16.840.1.113883.4.642.3.332",LocationStatus,LocationStatus,"Indicates whether the location is still in use.","StructureDefinition/LTCLocationFeeAuditPlace,StructureDefinition/Location-twltc","hl7.fhir.r4.core"
http://hl7.org/fhir/ValueSet/manifestation-or-symptom,4.0.1,draft,"2.16.840.1.113883.4.642.3.169",ManifestationAndSymptomCodes,Manifestation and Symptom Codes,"Example value set for Manifestation and Symptom codes.","StructureDefinition/LTCCondition,StructureDefinition/PASportConditionMedicalHistory,StructureDefinition/LTCConditionDisabilityType,StructureDefinition/LTCConditionCaregiver,StructureDefinition/LTCConditionCrush,StructureDefinition/LTCConditionResidence,StructureDefinition/LTCConditionProblem,StructureDefinition/LTCConditionTube,StructureDefinition/LTCConditionDisability,StructureDefinition/HAHCondition,StructureDefinition/LTCConditionNeed,StructureDefinition/PASportConditionExerciseHistory","SCT"
http://hl7.org/fhir/ValueSet/marital-status,4.0.1,active,"2.16.840.1.113883.4.642.3.29",Marital Status Codes,MaritalStatus,"This value set defines the set of codes that can be used to indicate the marital status of a person.","StructureDefinition/HNPatient,StructureDefinition/LTCPatientCMS,StructureDefinition/LTCPatient,StructureDefinition/LTCPatientReferral,StructureDefinition/HAHPatient","THO (V3)"
http://hl7.org/fhir/ValueSet/med-admin-perform-function,4.0.1,draft,"2.16.840.1.113883.4.642.3.349",MedicationAdministration Performer Function Codes,Medication administration  performer  function  codes,"MedicationAdministration Performer Function Codes","StructureDefinition/LTCMedicationAdministration,StructureDefinition/HAHMedicationAdministration","THO"
http://hl7.org/fhir/ValueSet/medication-admin-category,4.0.1,draft,"2.16.840.1.113883.4.642.3.347",MedicationAdministration Category Codes,Medication administration  category  codes,"MedicationAdministration Category Codes","StructureDefinition/LTCMedicationAdministration,StructureDefinition/HAHMedicationAdministration","THO"
http://hl7.org/fhir/ValueSet/medication-admin-status,4.0.1,draft,"2.16.840.1.113883.4.642.3.340",MedicationAdministration Status Codes,Medication administration  status  codes,"MedicationAdministration Status Codes","StructureDefinition/HAHCareDataset,StructureDefinition/LTCMedicationAdministration,StructureDefinition/HAHMedicationAdministration","THO"
http://hl7.org/fhir/ValueSet/medication-as-needed-reason,4.0.1,draft,"2.16.840.1.113883.4.642.3.96",SNOMEDCTMedicationAsNeededReasonCodes,SNOMED CT Medication As Needed Reason Codes,"This value set includes all clinical findings from SNOMED CT - provided as an exemplar value set.","StructureDefinition/LTCServiceRequest,StructureDefinition/HAHServiceRequest,StructureDefinition/HAHMedicationRequest,StructureDefinition/PASportServiceRequest","SCT"
http://hl7.org/fhir/ValueSet/medication-codes,4.0.1,draft,"2.16.840.1.113883.4.642.3.375",SNOMEDCTMedicationCodes,SNOMED CT Medication Codes,"This value set includes all drug or medicament substance codes and all pharmaceutical/biologic products from SNOMED CT - provided as an exemplar value set.","StructureDefinition/LTC-CarePlan-Payload,StructureDefinition/LTCCarePlanReferral,StructureDefinition/LTCCarePlan,StructureDefinition/LTC-CarePlan-CS100,StructureDefinition/HAHMedicationRequest,StructureDefinition/PASportCarePlan,StructureDefinition/HNCarePlan,StructureDefinition/LTCMedicationAdministration,StructureDefinition/HAHMedicationAdministration,StructureDefinition/HAHCarePlan","SCT"
http://hl7.org/fhir/ValueSet/medicationrequest-category,4.0.1,draft,"2.16.840.1.113883.4.642.3.1322",medicationRequest Category Codes,Medication request  category  codes,"MedicationRequest Category Codes","StructureDefinition/HAHMedicationRequest","THO"
http://hl7.org/fhir/ValueSet/medicationrequest-course-of-therapy,4.0.1,draft,"2.16.840.1.113883.4.642.3.1326",medicationRequest Course of Therapy Codes,Medication request  course of  therapy  codes,"MedicationRequest Course of Therapy Codes","StructureDefinition/HAHMedicationRequest","THO"
http://hl7.org/fhir/ValueSet/medicationrequest-intent,4.0.1,draft,"2.16.840.1.113883.4.642.3.1321",medicationRequest Intent,Medication request  intent,"MedicationRequest Intent Codes","StructureDefinition/HAHCareDataset,StructureDefinition/HAHMedicationRequest","hl7.fhir.r4.core"
http://hl7.org/fhir/ValueSet/medicationrequest-status,4.0.1,draft,"2.16.840.1.113883.4.642.3.1320",medicationrequest Status,Medicationrequest  status,"MedicationRequest Status Codes","StructureDefinition/HAHCareDataset,StructureDefinition/HAHMedicationRequest","hl7.fhir.r4.core"
http://hl7.org/fhir/ValueSet/medicationrequest-status-reason,4.0.1,draft,"2.16.840.1.113883.4.642.3.1324",medicationRequest Status Reason Codes,Medication request  status  reason  codes,"MedicationRequest Status Reason Codes","StructureDefinition/HAHMedicationRequest","THO"
http://hl7.org/fhir/ValueSet/mimetypes,4.0.1,active,"2.16.840.1.113883.4.642.3.1024",Mime Types,MimeType,"This value set includes all possible codes from BCP-13 (http://tools.ietf.org/html/bcp13)","StructureDefinition/HAHDocumentReference","Other"
http://hl7.org/fhir/ValueSet/missing-tooth-reason,4.0.1,draft,"2.16.840.1.113883.4.642.3.534",MissingToothReasonCodes,Missing Tooth Reason Codes,"This value set includes sample Missing Tooth Reason codes.","StructureDefinition/LTC-Claim-Export,StructureDefinition/LTCClaimFeeApply","THO"
http://hl7.org/fhir/ValueSet/name-use,4.0.1,active,"2.16.840.1.113883.4.642.3.65",NameUse,NameUse,"The use of a human name.","StructureDefinition/HNPatient,StructureDefinition/LTCPatientCMS,StructureDefinition/LTCPatient,StructureDefinition/LTCRelatedPerson,StructureDefinition/LTCPatientReferral,StructureDefinition/LTCPractitioner,StructureDefinition/HAHPatient","hl7.fhir.r4.core"
http://hl7.org/fhir/ValueSet/note-type,4.0.1,draft,"2.16.840.1.113883.4.642.3.15",NoteType,NoteType,"The presentation types of notes.","StructureDefinition/LTCClaimResponseFeeAudit,StructureDefinition/LTC-ClaimResponse-Export","hl7.fhir.r4.core"
http://hl7.org/fhir/ValueSet/observation-category,4.0.1,draft,"2.16.840.1.113883.4.642.3.403",ObservationCategoryCodes,Observation Category Codes,"Observation Category codes.","StructureDefinition/LTCObservationVitalSignsPanel,StructureDefinition/PASportObservationMeanHeartRate,StructureDefinition/PASportObservationBodyFatPercentage,StructureDefinition/PASportObservationExtracellularWater,StructureDefinition/LTCObservationVitalSigns,StructureDefinition/PASportObservationTotalBodyWater,StructureDefinition/PASportObservationMineral,StructureDefinition/PASportObservationCellMass,StructureDefinition/PASportObservationRestingHeartRate,StructureDefinition/PASportObservationSoftLeanMass,StructureDefinition/PASportObservationGaitCycle,StructureDefinition/LTCObservationAssessmentBase,StructureDefinition/PASportObservationWeight,StructureDefinition/PASportObservationHeight,StructureDefinition/PASportObservationBodyMassIndex,StructureDefinition/PASportObservationObesityDegree,StructureDefinition/PASportObservationWaistHipRate,StructureDefinition/PASportObservationExtracellularWaterRatio,StructureDefinition/PASportObservationBodyAge,StructureDefinition/PASportObservationBodyBoneMass,StructureDefinition/PASportObservationBodyFatMass,StructureDefinition/PASportObservationWeightTraining,StructureDefinition/PASportObservationBloodPressure,StructureDefinition/HNVitalSigns,StructureDefinition/PASportObservationWaist,StructureDefinition/HAHObservationLab,StructureDefinition/PASportObservationPeripheralOxygenSaturation,StructureDefinition/PASportObservationGlucose,StructureDefinition/PASportObservationBodyTemperature,StructureDefinition/PASportObservationHeartRate,StructureDefinition/PASportObservationVisceralFatIndex,StructureDefinition/PASportObservationBasalMetabolicRate,StructureDefinition/PASportObservationTreadmill,StructureDefinition/PASportObservationHeartRateVariability,StructureDefinition/LTC-Observation-Assessment-Payload,StructureDefinition/PASportObservationGaitType,StructureDefinition/PASportObservationProtein,StructureDefinition/PASportObservationIntracellularWater,StructureDefinition/PASportObservationSkeletalMuscleMassIndex,StructureDefinition/LTC-Observation-Assessment-CS100,StructureDefinition/PASportObservationFatFreeMass,StructureDefinition/PASportObservationRespiratoryRate,StructureDefinition/PASportObservationSkeletalMuscleMass,StructureDefinition/PASportObservationVisceralFatArea,StructureDefinition/HNWound","THO"
http://hl7.org/fhir/ValueSet/observation-codes,4.0.1,draft,"2.16.840.1.113883.4.642.3.396",LOINCCodes,LOINC Codes,"This value set includes all LOINC codes","StructureDefinition/PASportObservationMeanHeartRate,StructureDefinition/PASportObservationBodyFatPercentage,StructureDefinition/PASportObservationExtracellularWater,StructureDefinition/LTCServiceRequest,StructureDefinition/PASportObservationTotalBodyWater,StructureDefinition/PASportObservationMineral,StructureDefinition/PASportObservationCellMass,StructureDefinition/PASportServiceRequest,StructureDefinition/PASportObservationRestingHeartRate,StructureDefinition/PASportObservationSoftLeanMass,StructureDefinition/PASportObservationGaitCycle,StructureDefinition/LTCObservationAssessmentBase,StructureDefinition/LTCProcedureCareActivity,StructureDefinition/LTCObservationFallingHistory,StructureDefinition/PASportObservationObesityDegree,StructureDefinition/HAHServiceRequest,StructureDefinition/PASportObservationWaistHipRate,StructureDefinition/PASportObservationExtracellularWaterRatio,StructureDefinition/PASportObservationBodyAge,StructureDefinition/PASportObservationBodyBoneMass,StructureDefinition/PASportGoal,StructureDefinition/PASportObservationBodyFatMass,StructureDefinition/PASportObservationWeightTraining,StructureDefinition/HAHGoal,StructureDefinition/LTCGoal,StructureDefinition/PASportObservationWaist,StructureDefinition/PASportObservationGlucose,StructureDefinition/HAHDiagnosticReport,StructureDefinition/PASportObservationVisceralFatIndex,StructureDefinition/PASportObservationBasalMetabolicRate,StructureDefinition/PASportObservationTreadmill,StructureDefinition/PASportObservationHeartRateVariability,StructureDefinition/LTC-Observation-Assessment-Payload,StructureDefinition/PASportObservationGaitType,StructureDefinition/PASportObservationProtein,StructureDefinition/PASportObservationIntracellularWater,StructureDefinition/PASportObservationSkeletalMuscleMassIndex,StructureDefinition/LTC-Observation-Assessment-CS100,StructureDefinition/HAHProcedure,StructureDefinition/HNGoal,StructureDefinition/PASportObservationFatFreeMass,StructureDefinition/PASportObservationSkeletalMuscleMass,StructureDefinition/PASportObservationVisceralFatArea,StructureDefinition/HNWound","LOINC"
http://hl7.org/fhir/ValueSet/observation-interpretation,4.0.1,active,"2.16.840.1.113883.4.642.3.399",ObservationInterpretationCodes,Observation Interpretation Codes,"A categorical assessment, providing a rough qualitative interpretation of the observation value,    such as “normal”/ “abnormal”,”low” / “high”, “better” / “worse”, “susceptible” / “resistant”, “expected”/ “not expected”.    The value set is intended to be for ANY use where coded representation of an interpretation is needed.             Notes:          This is being communicated in v2.x in OBX-8 (Observation Interpretation), in v3 in ObservationInterpretation (CWE) in R1 (Representative Realm) and in FHIR in    Observation.interpretation. Historically these values come from the laboratory domain, and these codes are extensively    used. The value set binding is extensible, so codes outside the value set that are needed for interpretation concepts    (i.e. particular meanings) that are not included in the value set can be used, and these new codes may also be added to    the value set and published in a future version.","StructureDefinition/LTCObservationVitalSignsPanel,StructureDefinition/PASportObservationMeanHeartRate,StructureDefinition/PASportObservationBodyFatPercentage,StructureDefinition/PASportObservationExtracellularWater,StructureDefinition/LTCObservationVitalSigns,StructureDefinition/PASportObservationTotalBodyWater,StructureDefinition/PASportObservationMineral,StructureDefinition/PASportObservationCellMass,StructureDefinition/PASportObservationRestingHeartRate,StructureDefinition/PASportObservationSoftLeanMass,StructureDefinition/PASportObservationGaitCycle,StructureDefinition/LTCObservationAssessmentBase,StructureDefinition/PASportObservationWeight,StructureDefinition/LTCObservationFallingHistory,StructureDefinition/PASportObservationHeight,StructureDefinition/PASportObservationBodyMassIndex,StructureDefinition/PASportObservationObesityDegree,StructureDefinition/PASportObservationWaistHipRate,StructureDefinition/PASportObservationExtracellularWaterRatio,StructureDefinition/PASportObservationBodyAge,StructureDefinition/PASportObservationBodyBoneMass,StructureDefinition/PASportObservationBodyFatMass,StructureDefinition/PASportObservationWeightTraining,StructureDefinition/PASportObservationBloodPressure,StructureDefinition/HNVitalSigns,StructureDefinition/PASportObservationWaist,StructureDefinition/HAHObservationLab,StructureDefinition/PASportObservationPeripheralOxygenSaturation,StructureDefinition/PASportObservationGlucose,StructureDefinition/PASportObservationBodyTemperature,StructureDefinition/PASportObservationHeartRate,StructureDefinition/PASportObservationVisceralFatIndex,StructureDefinition/PASportObservationBasalMetabolicRate,StructureDefinition/PASportObservationTreadmill,StructureDefinition/PASportObservationHeartRateVariability,StructureDefinition/LTC-Observation-Assessment-Payload,StructureDefinition/PASportObservationGaitType,StructureDefinition/PASportObservationProtein,StructureDefinition/PASportObservationIntracellularWater,StructureDefinition/PASportObservationSkeletalMuscleMassIndex,StructureDefinition/LTC-Observation-Assessment-CS100,StructureDefinition/PASportObservationFatFreeMass,StructureDefinition/PASportObservationRespiratoryRate,StructureDefinition/PASportObservationSkeletalMuscleMass,StructureDefinition/PASportObservationVisceralFatArea,StructureDefinition/HNWound","THO (V3)"
http://hl7.org/fhir/ValueSet/observation-methods,4.0.1,draft,"2.16.840.1.113883.4.642.3.395",ObservationMethods,Observation Methods,"Observation Method codes from [SNOMED CT](http://snomed.info/sct) where concept is-a 272394005 (Technique (qualifier value)) or is-a 129264002 (Action (qualifier value)) or is-a 386053000 (Evaluation procedure(procedure))","StructureDefinition/LTCObservationVitalSignsPanel,StructureDefinition/PASportObservationMeanHeartRate,StructureDefinition/PASportObservationBodyFatPercentage,StructureDefinition/PASportObservationExtracellularWater,StructureDefinition/LTCObservationVitalSigns,StructureDefinition/PASportObservationTotalBodyWater,StructureDefinition/PASportObservationMineral,StructureDefinition/PASportObservationCellMass,StructureDefinition/PASportObservationRestingHeartRate,StructureDefinition/PASportObservationSoftLeanMass,StructureDefinition/PASportObservationGaitCycle,StructureDefinition/LTCObservationAssessmentBase,StructureDefinition/PASportObservationWeight,StructureDefinition/LTCObservationFallingHistory,StructureDefinition/PASportObservationHeight,StructureDefinition/PASportObservationBodyMassIndex,StructureDefinition/PASportObservationObesityDegree,StructureDefinition/PASportObservationWaistHipRate,StructureDefinition/PASportObservationExtracellularWaterRatio,StructureDefinition/PASportObservationBodyAge,StructureDefinition/PASportObservationBodyBoneMass,StructureDefinition/PASportObservationBodyFatMass,StructureDefinition/PASportObservationWeightTraining,StructureDefinition/PASportObservationBloodPressure,StructureDefinition/HNVitalSigns,StructureDefinition/PASportObservationWaist,StructureDefinition/HAHObservationLab,StructureDefinition/PASportObservationPeripheralOxygenSaturation,StructureDefinition/PASportObservationGlucose,StructureDefinition/PASportObservationBodyTemperature,StructureDefinition/PASportObservationHeartRate,StructureDefinition/PASportObservationVisceralFatIndex,StructureDefinition/PASportObservationBasalMetabolicRate,StructureDefinition/PASportObservationTreadmill,StructureDefinition/PASportObservationHeartRateVariability,StructureDefinition/LTC-Observation-Assessment-Payload,StructureDefinition/PASportObservationGaitType,StructureDefinition/PASportObservationProtein,StructureDefinition/PASportObservationIntracellularWater,StructureDefinition/PASportObservationSkeletalMuscleMassIndex,StructureDefinition/LTC-Observation-Assessment-CS100,StructureDefinition/PASportObservationFatFreeMass,StructureDefinition/PASportObservationRespiratoryRate,StructureDefinition/PASportObservationSkeletalMuscleMass,StructureDefinition/PASportObservationVisceralFatArea,StructureDefinition/HNWound","SCT"
http://hl7.org/fhir/ValueSet/observation-status,4.0.1,active,"2.16.840.1.113883.4.642.3.400",ObservationStatus,ObservationStatus,"Codes providing the status of an observation.","StructureDefinition/LTCObservationVitalSignsPanel,StructureDefinition/PASportObservationMeanHeartRate,StructureDefinition/PASportObservationBodyFatPercentage,StructureDefinition/PASportObservationExtracellularWater,StructureDefinition/LTCObservationVitalSigns,StructureDefinition/PASportObservationTotalBodyWater,StructureDefinition/PASportObservationMineral,StructureDefinition/PASportObservationCellMass,StructureDefinition/PASportObservationRestingHeartRate,StructureDefinition/PASportObservationSoftLeanMass,StructureDefinition/PASportObservationGaitCycle,StructureDefinition/LTCObservationAssessmentBase,StructureDefinition/PASportObservationWeight,StructureDefinition/HAHCareDataset,StructureDefinition/LTCObservationFallingHistory,StructureDefinition/PASportObservationHeight,StructureDefinition/PASportObservationBodyMassIndex,StructureDefinition/PASportObservationObesityDegree,StructureDefinition/PASportObservationWaistHipRate,StructureDefinition/PASportObservationExtracellularWaterRatio,StructureDefinition/PASportObservationBodyAge,StructureDefinition/PASportObservationBodyBoneMass,StructureDefinition/PASportObservationBodyFatMass,StructureDefinition/PASportObservationWeightTraining,StructureDefinition/PASportObservationBloodPressure,StructureDefinition/HNVitalSigns,StructureDefinition/PASportObservationWaist,StructureDefinition/HAHObservationLab,StructureDefinition/PASportObservationPeripheralOxygenSaturation,StructureDefinition/PASportObservationGlucose,StructureDefinition/PASportObservationBodyTemperature,StructureDefinition/PASportObservationHeartRate,StructureDefinition/PASportObservationVisceralFatIndex,StructureDefinition/PASportObservationBasalMetabolicRate,StructureDefinition/PASportObservationTreadmill,StructureDefinition/PASportObservationHeartRateVariability,StructureDefinition/LTC-Observation-Assessment-Payload,StructureDefinition/PASportObservationGaitType,StructureDefinition/PASportObservationProtein,StructureDefinition/PASportObservationIntracellularWater,StructureDefinition/PASportObservationSkeletalMuscleMassIndex,StructureDefinition/LTC-Observation-Assessment-CS100,StructureDefinition/PASportObservationFatFreeMass,StructureDefinition/PASportObservationRespiratoryRate,StructureDefinition/PASportObservationSkeletalMuscleMass,StructureDefinition/PASportObservationVisceralFatArea,StructureDefinition/HNWound","hl7.fhir.r4.core"
http://hl7.org/fhir/ValueSet/observation-vitalsignresult,4.0.1,active,"2.16.840.1.113883.3.88.12.80.62",VitalSigns,Vital Signs,"This value set indicates the allowed vital sign result types.   The LOINC code for Vitals Signs panel (85353-1) is a grouping structure for a set of vital signs and includes related links (with type=has-member) to the Observations in this set (e.g. respiratory rate, heart rate, BP).  The Blood pressure panel (85354-9) is used to group the component observations Systolic blood pressure (8480-6) and Diastolic blood pressure (8462-4).","StructureDefinition/HNVitalSigns,StructureDefinition/PASportObservationBodyMassIndex,StructureDefinition/PASportObservationBloodPressure","LOINC"
http://hl7.org/fhir/ValueSet/operation-outcome,4.0.1,draft,"2.16.840.1.113883.4.642.3.412",OperationOutcomeCodes,Operation Outcome Codes,"Operation Outcome codes used by FHIR test servers (see Implementation file translations.xml)","StructureDefinition/HNOperationOutcome,StructureDefinition/LTCOperationOutcomeFeeAudit,StructureDefinition/LTC-OperationOutcome-Check","THO"
http://hl7.org/fhir/ValueSet/organization-type,4.0.1,draft,"2.16.840.1.113883.4.642.3.414",OrganizationType,Organization type,"This example value set defines a set of codes that can be used to indicate a type of organization.","StructureDefinition/Organization-twltc","THO"
http://hl7.org/fhir/ValueSet/participant-role,4.0.1,draft,"2.16.840.1.113883.4.642.3.152",ParticipantRoles,Participant Roles,"Roles of participants that may be included in a care team.  Defined as: Is a Person, Healthcare professional (occupation) or Healthcare related organization (qualifier value).","StructureDefinition/LTCCareTeam,StructureDefinition/LTCServiceRequest,StructureDefinition/HAHCareTeam,StructureDefinition/HAHServiceRequest,StructureDefinition/PASportServiceRequest","SCT"
http://hl7.org/fhir/ValueSet/payeetype,4.0.1,draft,"2.16.840.1.113883.4.642.3.31",Claim Payee Type Codes,PayeeType,"This value set includes sample Payee Type codes.","StructureDefinition/LTCClaimResponseFeeAudit,StructureDefinition/LTC-Claim-Export,StructureDefinition/LTC-ClaimResponse-Export,StructureDefinition/LTCClaimFeeApply","THO"
http://hl7.org/fhir/ValueSet/payment-adjustment-reason,4.0.1,draft,"2.16.840.1.113883.4.642.3.600",PaymentAdjustmentReasonCodes,Payment Adjustment Reason Codes,"This value set includes smattering of Payment Adjustment Reason codes.","StructureDefinition/LTCClaimResponseFeeAudit,StructureDefinition/LTC-ClaimResponse-Export","THO"
http://hl7.org/fhir/ValueSet/performer-role,4.0.1,draft,"2.16.840.1.113883.4.642.3.433",ProcedurePerformerRoleCodes,Procedure Performer Role Codes,"This example value set defines the set of codes that can be used to indicate a role of a procedure performer.","StructureDefinition/HNAPITask,StructureDefinition/HAHProcedure,StructureDefinition/HAHVisitTask,StructureDefinition/LTCTaskFeeAudit,StructureDefinition/HAHMedicationRequest,StructureDefinition/LTCTask,StructureDefinition/LTCProcedureCareActivity","SCT"
http://hl7.org/fhir/ValueSet/procedure-category,4.0.1,draft,"2.16.840.1.113883.4.642.3.430",ProcedureCategoryCodes(SNOMEDCT),Procedure Category Codes (SNOMED CT),"Procedure Category code: A selection of relevant SNOMED CT codes.","StructureDefinition/HAHProcedure,StructureDefinition/LTCProcedureCareActivity","SCT"
http://hl7.org/fhir/ValueSet/procedure-code,4.0.1,draft,"2.16.840.1.113883.4.642.3.427",ProcedureCodes(SNOMEDCT),Procedure Codes (SNOMED CT),"Procedure Code: All SNOMED CT procedure codes.","StructureDefinition/LTC-CarePlan-Payload,StructureDefinition/HAHProcedure,StructureDefinition/LTCCarePlan,StructureDefinition/LTCServiceRequest,StructureDefinition/LTC-CarePlan-CS100,StructureDefinition/HAHServiceRequest,StructureDefinition/PASportServiceRequest,StructureDefinition/PASportCarePlan,StructureDefinition/HNCarePlan,StructureDefinition/LTCProcedureCareActivity,StructureDefinition/HAHCarePlan","SCT"
http://hl7.org/fhir/ValueSet/procedure-followup,4.0.1,draft,"2.16.840.1.113883.4.642.3.429",ProcedureFollowUpCodes(SNOMEDCT),Procedure Follow up Codes (SNOMED CT),"Procedure follow up codes: A selection of SNOMED CT codes relevant to procedure follow up.","StructureDefinition/HAHProcedure,StructureDefinition/LTCProcedureCareActivity","SCT"
http://hl7.org/fhir/ValueSet/procedure-not-performed-reason,4.0.1,active,"2.16.840.1.113883.4.642.3.431",ProcedureNotPerformedReason(SNOMED-CT),Procedure Not Performed Reason (SNOMED-CT),"Situation codes describing the reason that a procedure, which might otherwise be expected, was not performed, or a procedure that was started and was not completed. Consists of SNOMED CT codes, children of procedure contraindicated (183932001), procedure discontinued (416406003), procedure not done (416237000), procedure not indicated (428119001), procedure not offered (416064006), procedure not wanted (416432009), procedure refused (183944003), and procedure stopped (394908001).","StructureDefinition/HAHProcedure,StructureDefinition/LTCProcedureCareActivity","SCT"
http://hl7.org/fhir/ValueSet/procedure-outcome,4.0.1,draft,"2.16.840.1.113883.4.642.3.428",ProcedureOutcomeCodes(SNOMEDCT),Procedure Outcome Codes (SNOMED CT),"Procedure Outcome code: A selection of relevant SNOMED CT codes.","StructureDefinition/HAHProcedure,StructureDefinition/LTCProcedureCareActivity","SCT"
http://hl7.org/fhir/ValueSet/procedure-reason,4.0.1,draft,"2.16.840.1.113883.4.642.3.432",ProcedureReasonCodes,Procedure Reason Codes,"This example value set defines the set of codes that can be used to indicate a reason for a procedure.","StructureDefinition/HAHProcedure,StructureDefinition/LTCProcedureCareActivity","SCT"
http://hl7.org/fhir/ValueSet/process-priority,4.0.1,draft,"2.16.840.1.113883.4.642.3.552",ProcessPriorityCodes,Process Priority Codes,"This value set includes the financial processing priority codes.","StructureDefinition/LTC-Claim-Export,StructureDefinition/LTCClaimFeeApply","THO"
http://hl7.org/fhir/ValueSet/provider-qualification,4.0.1,draft,"2.16.840.1.113883.4.642.3.570",ExampleProviderQualificationCodes,Example Provider Qualification Codes,"This value set includes sample Provider Qualification codes.","StructureDefinition/LTC-Claim-Export,StructureDefinition/LTCClaimFeeApply","THO"
http://hl7.org/fhir/ValueSet/publication-status,4.0.1,active,"2.16.840.1.113883.4.642.3.3",PublicationStatus,PublicationStatus,"The lifecycle status of an artifact.","StructureDefinition/LTCQuestionnaire","hl7.fhir.r4.core"
http://hl7.org/fhir/ValueSet/quantity-comparator,4.0.1,active,"2.16.840.1.113883.4.642.3.59",QuantityComparator,QuantityComparator,"How the Quantity should be understood and represented.","StructureDefinition/PASportObservationMeanHeartRate,StructureDefinition/PASportObservationBodyFatPercentage,StructureDefinition/PASportObservationExtracellularWater,StructureDefinition/PASportObservationTotalBodyWater,StructureDefinition/PASportObservationMineral,StructureDefinition/PASportObservationCellMass,StructureDefinition/PASportObservationRestingHeartRate,StructureDefinition/PASportObservationSoftLeanMass,StructureDefinition/PASportObservationGaitCycle,StructureDefinition/PASportObservationWeight,StructureDefinition/PASportObservationHeight,StructureDefinition/PASportObservationBodyMassIndex,StructureDefinition/PASportObservationObesityDegree,StructureDefinition/PASportObservationWaistHipRate,StructureDefinition/PASportObservationExtracellularWaterRatio,StructureDefinition/PASportObservationBodyAge,StructureDefinition/PASportObservationBodyBoneMass,StructureDefinition/PASportGoal,StructureDefinition/PASportObservationBodyFatMass,StructureDefinition/PASportObservationWeightTraining,StructureDefinition/PASportObservationBloodPressure,StructureDefinition/PASportObservationWaist,StructureDefinition/HAHObservationLab,StructureDefinition/PASportObservationPeripheralOxygenSaturation,StructureDefinition/PASportObservationGlucose,StructureDefinition/PASportObservationBodyTemperature,StructureDefinition/PASportObservationHeartRate,StructureDefinition/PASportObservationVisceralFatIndex,StructureDefinition/PASportObservationBasalMetabolicRate,StructureDefinition/PASportObservationTreadmill,StructureDefinition/PASportObservationHeartRateVariability,StructureDefinition/PASportObservationGaitType,StructureDefinition/PASportObservationProtein,StructureDefinition/PASportObservationIntracellularWater,StructureDefinition/PASportObservationSkeletalMuscleMassIndex,StructureDefinition/PASportObservationFatFreeMass,StructureDefinition/PASportObservationRespiratoryRate,StructureDefinition/PASportObservationSkeletalMuscleMass,StructureDefinition/PASportObservationVisceralFatArea,StructureDefinition/HNWound","hl7.fhir.r4.core"
http://hl7.org/fhir/ValueSet/questionnaire-answers,4.0.1,draft,"2.16.840.1.113883.4.642.3.446",QuestionnaireAnswerCodes,Questionnaire Answer Codes,"Example list of codes for answers to questions. (Not complete or necessarily appropriate.)","StructureDefinition/LTCQuestionnaireResponseCMSCaregiverSupport,StructureDefinition/HNADLsResponse,StructureDefinition/HNCarePlanCloseResponse,StructureDefinition/HNDementiasResponse,StructureDefinition/LTCQuestionnaireResponseCMSMental,StructureDefinition/HAHAssessmentResponse,StructureDefinition/LTCQuestionnaireResponseCMSSociety,StructureDefinition/HNIADLsResponse,StructureDefinition/HNTargetsResponse,StructureDefinition/HNEvaluationsResponse,StructureDefinition/HNStaffEgyResponse,StructureDefinition/HNHealthyHabitsResponse,StructureDefinition/HNGeriatricDepressionScalesResponse,StructureDefinition/HNPressureInjuriesResponse,StructureDefinition/HNCaseDescResponse,StructureDefinition/LTCQuestionnaireResponseAA02,StructureDefinition/HNVitalSignResponse,StructureDefinition/HNFallRisksResponse,StructureDefinition/LTCQuestionnaireResponseCMSSpecialCare,StructureDefinition/LTCQuestionnaireResponseCMSCommunication,StructureDefinition/LTCQuestionnaireResponseIADL,StructureDefinition/HNMeasuresResponse,StructureDefinition/LTCQuestionnaireResponseAA01,StructureDefinition/LTCQuestionnaireResponse,StructureDefinition/HNCaseSummaryResponse,StructureDefinition/HNCareRecordResponse,StructureDefinition/HNMNASFsResponse,StructureDefinition/HNMedicalHistoriesResponse,StructureDefinition/HNSOFsResponse,StructureDefinition/HNBaseDataResponse,StructureDefinition/HNCaseCloseResponse,StructureDefinition/HNBodyEvaluationsResponse,StructureDefinition/LTCQuestionnaireResponseADL,StructureDefinition/HNPainEvaluationsResponse,StructureDefinition/LTCQuestionnaireResponseReferralCaregiver,StructureDefinition/LTCQuestionnaireResponseMMSE,StructureDefinition/HNDrugSafetiesResponse,StructureDefinition/LTCQuestionnaire,StructureDefinition/LTCQuestionnaireResponseCDR,StructureDefinition/LTCQuestionnaireResponseAA12,StructureDefinition/LTCQuestionnaireResponseCMSMemory","SCT"
http://hl7.org/fhir/ValueSet/questionnaire-answers-status,4.0.1,draft,"required",QuestionnaireResponseStatus,QuestionnaireResponseStatus,"Lifecycle status of the questionnaire response.","StructureDefinition/LTCQuestionnaireResponseCMSCaregiverSupport,StructureDefinition/HNADLsResponse,StructureDefinition/HNCarePlanCloseResponse,StructureDefinition/HNDementiasResponse,StructureDefinition/LTCQuestionnaireResponseCMSMental,StructureDefinition/HAHAssessmentResponse,StructureDefinition/LTCQuestionnaireResponseCMSSociety,StructureDefinition/HNIADLsResponse,StructureDefinition/HNTargetsResponse,StructureDefinition/HNEvaluationsResponse,StructureDefinition/HNStaffEgyResponse,StructureDefinition/LTCQuestionnaireResponseCMSCaregiverLoad,StructureDefinition/HNHealthyHabitsResponse,StructureDefinition/HNGeriatricDepressionScalesResponse,StructureDefinition/HNPressureInjuriesResponse,StructureDefinition/HNCaseDescResponse,StructureDefinition/LTCQuestionnaireResponseAA02,StructureDefinition/HNVitalSignResponse,StructureDefinition/HNFallRisksResponse,StructureDefinition/LTCQuestionnaireResponseReferralSOF,StructureDefinition/LTCQuestionnaireResponseCMSSpecialCare,StructureDefinition/LTCQuestionnaireResponseCMSCommunication,StructureDefinition/LTCQuestionnaireResponseIADL,StructureDefinition/HNMeasuresResponse,StructureDefinition/LTCQuestionnaireResponseAA01,StructureDefinition/LTCQuestionnaireResponse,StructureDefinition/HNCaseSummaryResponse,StructureDefinition/HNCareRecordResponse,StructureDefinition/HNMNASFsResponse,StructureDefinition/HNMedicalHistoriesResponse,StructureDefinition/HNSOFsResponse,StructureDefinition/HNBaseDataResponse,StructureDefinition/HNCaseCloseResponse,StructureDefinition/HNBodyEvaluationsResponse,StructureDefinition/LTCQuestionnaireResponseADL,StructureDefinition/HNPainEvaluationsResponse,StructureDefinition/LTCQuestionnaireResponseReferralCaregiver,StructureDefinition/LTCQuestionnaireResponseMMSE,StructureDefinition/HNDrugSafetiesResponse,StructureDefinition/LTCQuestionnaireResponseCDR,StructureDefinition/LTCQuestionnaireResponseAA12,StructureDefinition/LTCQuestionnaireResponseCMSMemory","hl7.fhir.r4.core"
http://hl7.org/fhir/ValueSet/questionnaire-enable-behavior,4.0.1,draft,"2.16.840.1.113883.4.642.3.1007",EnableWhenBehavior,EnableWhenBehavior,"Controls how multiple enableWhen values are interpreted -  whether all or any must be true.","StructureDefinition/LTCQuestionnaire","hl7.fhir.r4.core"
http://hl7.org/fhir/ValueSet/questionnaire-enable-operator,4.0.1,draft,"2.16.840.1.113883.4.642.3.1005",QuestionnaireItemOperator,QuestionnaireItemOperator,"The criteria by which a question is enabled.","StructureDefinition/LTCQuestionnaire","hl7.fhir.r4.core"
http://hl7.org/fhir/ValueSet/questionnaire-questions,4.0.1,draft,"2.16.840.1.113883.4.642.3.443",QuestionnaireQuestionCodes,Questionnaire Question Codes,"Example list of codes for questions and groups of questions. (Not necessarily complete or appropriate.)","StructureDefinition/LTCQuestionnaire","LOINC"
http://hl7.org/fhir/ValueSet/reaction-event-severity,4.0.1,draft,"2.16.840.1.113883.4.642.3.135",AllergyIntoleranceSeverity,AllergyIntoleranceSeverity,"Clinical assessment of the severity of a reaction event as a whole, potentially considering multiple different manifestations.","StructureDefinition/HAHAllergyIntolerance","hl7.fhir.r4.core"
http://hl7.org/fhir/ValueSet/reason-medication-given-codes,4.0.1,draft,"2.16.840.1.113883.4.642.3.344",ReasonMedicationGivenCodes,Reason Medication Given Codes,"This value set is provided as an example. The value set to instantiate this attribute should be drawn from a robust terminology code system that consists of or contains concepts to support the medication process.","StructureDefinition/LTCMedicationAdministration,StructureDefinition/HAHMedicationAdministration","THO"
http://hl7.org/fhir/ValueSet/reason-medication-not-given-codes,4.0.1,draft,"2.16.840.1.113883.4.642.3.342",SNOMEDCTReasonMedicationNotGivenCodes,SNOMED CT Reason Medication Not Given Codes,"This value set includes all medication refused, medication not administered, and non-administration of necessary drug or medicine codes from SNOMED CT - provided as an exemplar value set.","StructureDefinition/LTCMedicationAdministration,StructureDefinition/HAHMedicationAdministration","SCT"
http://hl7.org/fhir/ValueSet/referencerange-appliesto,4.0.1,draft,"2.16.840.1.113883.4.642.3.407",ObservationReferenceRangeAppliesToCodes,Observation Reference Range Applies To Codes,"This value set defines a set of codes that can be used to indicate the particular target population the reference range applies to.","StructureDefinition/LTCObservationVitalSignsPanel,StructureDefinition/PASportObservationMeanHeartRate,StructureDefinition/PASportObservationBodyFatPercentage,StructureDefinition/PASportObservationExtracellularWater,StructureDefinition/LTCObservationVitalSigns,StructureDefinition/PASportObservationTotalBodyWater,StructureDefinition/PASportObservationMineral,StructureDefinition/PASportObservationCellMass,StructureDefinition/PASportObservationRestingHeartRate,StructureDefinition/PASportObservationSoftLeanMass,StructureDefinition/PASportObservationGaitCycle,StructureDefinition/LTCObservationAssessmentBase,StructureDefinition/PASportObservationWeight,StructureDefinition/LTCObservationFallingHistory,StructureDefinition/PASportObservationHeight,StructureDefinition/PASportObservationBodyMassIndex,StructureDefinition/PASportObservationObesityDegree,StructureDefinition/PASportObservationWaistHipRate,StructureDefinition/PASportObservationExtracellularWaterRatio,StructureDefinition/PASportObservationBodyAge,StructureDefinition/PASportObservationBodyBoneMass,StructureDefinition/PASportObservationBodyFatMass,StructureDefinition/PASportObservationWeightTraining,StructureDefinition/PASportObservationBloodPressure,StructureDefinition/HNVitalSigns,StructureDefinition/PASportObservationWaist,StructureDefinition/HAHObservationLab,StructureDefinition/PASportObservationPeripheralOxygenSaturation,StructureDefinition/PASportObservationGlucose,StructureDefinition/PASportObservationBodyTemperature,StructureDefinition/PASportObservationHeartRate,StructureDefinition/PASportObservationVisceralFatIndex,StructureDefinition/PASportObservationBasalMetabolicRate,StructureDefinition/PASportObservationTreadmill,StructureDefinition/PASportObservationHeartRateVariability,StructureDefinition/LTC-Observation-Assessment-Payload,StructureDefinition/PASportObservationGaitType,StructureDefinition/PASportObservationProtein,StructureDefinition/PASportObservationIntracellularWater,StructureDefinition/PASportObservationSkeletalMuscleMassIndex,StructureDefinition/LTC-Observation-Assessment-CS100,StructureDefinition/PASportObservationFatFreeMass,StructureDefinition/PASportObservationRespiratoryRate,StructureDefinition/PASportObservationSkeletalMuscleMass,StructureDefinition/PASportObservationVisceralFatArea,StructureDefinition/HNWound","SCT"
http://hl7.org/fhir/ValueSet/referencerange-meaning,4.0.1,draft,"2.16.840.1.113883.4.642.3.397",ObservationReferenceRangeMeaningCodes,Observation Reference Range Meaning Codes,"This value set defines a set of codes that can be used to indicate the meaning/use of a reference range for a particular target population.","StructureDefinition/LTCObservationVitalSignsPanel,StructureDefinition/PASportObservationMeanHeartRate,StructureDefinition/PASportObservationBodyFatPercentage,StructureDefinition/PASportObservationExtracellularWater,StructureDefinition/LTCObservationVitalSigns,StructureDefinition/PASportObservationTotalBodyWater,StructureDefinition/PASportObservationMineral,StructureDefinition/PASportObservationCellMass,StructureDefinition/PASportObservationRestingHeartRate,StructureDefinition/PASportObservationSoftLeanMass,StructureDefinition/PASportObservationGaitCycle,StructureDefinition/LTCObservationAssessmentBase,StructureDefinition/PASportObservationWeight,StructureDefinition/LTCObservationFallingHistory,StructureDefinition/PASportObservationHeight,StructureDefinition/PASportObservationBodyMassIndex,StructureDefinition/PASportObservationObesityDegree,StructureDefinition/PASportObservationWaistHipRate,StructureDefinition/PASportObservationExtracellularWaterRatio,StructureDefinition/PASportObservationBodyAge,StructureDefinition/PASportObservationBodyBoneMass,StructureDefinition/PASportObservationBodyFatMass,StructureDefinition/PASportObservationWeightTraining,StructureDefinition/PASportObservationBloodPressure,StructureDefinition/HNVitalSigns,StructureDefinition/PASportObservationWaist,StructureDefinition/HAHObservationLab,StructureDefinition/PASportObservationPeripheralOxygenSaturation,StructureDefinition/PASportObservationGlucose,StructureDefinition/PASportObservationBodyTemperature,StructureDefinition/PASportObservationHeartRate,StructureDefinition/PASportObservationVisceralFatIndex,StructureDefinition/PASportObservationBasalMetabolicRate,StructureDefinition/PASportObservationTreadmill,StructureDefinition/PASportObservationHeartRateVariability,StructureDefinition/LTC-Observation-Assessment-Payload,StructureDefinition/PASportObservationGaitType,StructureDefinition/PASportObservationProtein,StructureDefinition/PASportObservationIntracellularWater,StructureDefinition/PASportObservationSkeletalMuscleMassIndex,StructureDefinition/LTC-Observation-Assessment-CS100,StructureDefinition/PASportObservationFatFreeMass,StructureDefinition/PASportObservationRespiratoryRate,StructureDefinition/PASportObservationSkeletalMuscleMass,StructureDefinition/PASportObservationVisceralFatArea,StructureDefinition/HNWound","THO"
http://hl7.org/fhir/ValueSet/related-claim-relationship,4.0.1,draft,"2.16.840.1.113883.4.642.3.568",ExampleRelatedClaimRelationshipCodes,Example Related Claim Relationship Codes,"This value set includes sample Related Claim Relationship codes.","StructureDefinition/LTC-Claim-Export,StructureDefinition/LTCClaimFeeApply","THO"
http://hl7.org/fhir/ValueSet/relatedperson-relationshiptype,4.0.1,draft,"2.16.840.1.113883.4.642.3.449",PatientRelationshipType,Patient relationship type,"A set of codes that can be used to indicate the relationship between a Patient and a Related Person.","StructureDefinition/HNPatient,StructureDefinition/LTCPatientCMS,StructureDefinition/LTCPatient,StructureDefinition/LTCPatientReferral,StructureDefinition/HAHPatient","THO (V3),THO (V2)"
http://hl7.org/fhir/ValueSet/remittance-outcome,4.0.1,draft,"2.16.840.1.113883.4.642.3.13",ClaimProcessingCodes,Claim Processing Codes,"This value set includes Claim Processing Outcome codes.","StructureDefinition/LTCClaimResponseFeeAudit,StructureDefinition/LTC-CoverageEligibilityResponse,StructureDefinition/LTC-ClaimResponse-Export","hl7.fhir.r4.core"
http://hl7.org/fhir/ValueSet/request-intent,4.0.1,draft,"2.16.840.1.113883.4.642.3.113",RequestIntent,RequestIntent,"Codes indicating the degree of authority/intentionality associated with a request.","StructureDefinition/HAHCareDataset,StructureDefinition/LTCServiceRequest,StructureDefinition/HAHServiceRequest,StructureDefinition/PASportServiceRequest","hl7.fhir.r4.core"
http://hl7.org/fhir/ValueSet/request-priority,4.0.1,draft,"2.16.840.1.113883.4.642.3.115",RequestPriority,Request priority,"The clinical priority of a diagnostic order.","StructureDefinition/HNAPITask,StructureDefinition/HNCommunication,StructureDefinition/LTCServiceRequest,StructureDefinition/HAHVisitTask,StructureDefinition/HAHCommunication,StructureDefinition/HAHServiceRequest,StructureDefinition/LTCTaskFeeAudit,StructureDefinition/HAHMedicationRequest,StructureDefinition/PASportServiceRequest,StructureDefinition/LTCTask,StructureDefinition/LTC-Communication-ServiceA","hl7.fhir.r4.core"
http://hl7.org/fhir/ValueSet/request-status,4.0.1,draft,"2.16.840.1.113883.4.642.3.111",RequestStatus,RequestStatus,"Codes identifying the lifecycle stage of a request.","StructureDefinition/HAHCareDataset,StructureDefinition/LTC-CarePlan-Payload,StructureDefinition/LTCCarePlanReferral,StructureDefinition/LTCCarePlan,StructureDefinition/LTCServiceRequest,StructureDefinition/LTC-CarePlan-CS100,StructureDefinition/HAHServiceRequest,StructureDefinition/PASportServiceRequest,StructureDefinition/PASportCarePlan,StructureDefinition/HNCarePlan,StructureDefinition/HAHCarePlan","hl7.fhir.r4.core"
http://hl7.org/fhir/ValueSet/resource-types,4.0.1,active,"2.16.840.1.113883.4.642.3.27",ResourceType,ResourceType,"One of the resource types defined as part of this version of FHIR.","StructureDefinition/PASportObservationMeanHeartRate,StructureDefinition/PASportObservationExtracellularWater,StructureDefinition/HNCarePlanCloseResponse,StructureDefinition/PASportObservationMineral,StructureDefinition/LTCConditionDisabilityType,StructureDefinition/HAHAssessmentResponse,StructureDefinition/LTCQuestionnaireResponseCMSMental,StructureDefinition/PASportObservationWeight,StructureDefinition/LTCProcedureCareActivity,StructureDefinition/LTCQuestionnaireResponseAA02,StructureDefinition/LTCQuestionnaireResponseCMSSpecialCare,StructureDefinition/PASportObservationWeightTraining,StructureDefinition/LTCQuestionnaireResponseAA01,StructureDefinition/LTCGoal,StructureDefinition/LTCQuestionnaireResponse,StructureDefinition/PASportObservationWaist,StructureDefinition/LTCCarePlan,StructureDefinition/LTCCarePlanReferral,StructureDefinition/HNCareRecordResponse,StructureDefinition/HNSOFsResponse,StructureDefinition/HNBaseDataResponse,StructureDefinition/LTCConditionNeed,StructureDefinition/HNCaseCloseResponse,StructureDefinition/HNBodyEvaluationsResponse,StructureDefinition/LTCCondition,StructureDefinition/PASportObservationRespiratoryRate,StructureDefinition/PASportObservationSkeletalMuscleMass,StructureDefinition/LTCQuestionnaire,StructureDefinition/HAHCondition,StructureDefinition/AdverseEvent-twltc,StructureDefinition/LTCQuestionnaireResponseCMSMemory,StructureDefinition/LTCQuestionnaireResponseAA12,StructureDefinition/LTCObservationVitalSignsPanel,StructureDefinition/LTCQuestionnaireResponseCMSSociety,StructureDefinition/PASportObservationSoftLeanMass,StructureDefinition/HNEvaluationsResponse,StructureDefinition/PASportObservationObesityDegree,StructureDefinition/HNVitalSignResponse,StructureDefinition/LTCRelatedPerson,StructureDefinition/PASportObservationBodyAge,StructureDefinition/PASportObservationBodyBoneMass,StructureDefinition/HNMeasuresResponse,StructureDefinition/HNCaseSummaryResponse,StructureDefinition/PASportObservationGlucose,StructureDefinition/LTCCompositionReferral,StructureDefinition/LTCCareTeam,StructureDefinition/PASportObservationIntracellularWater,StructureDefinition/HAHProcedure,StructureDefinition/HNGoal,StructureDefinition/HNPainEvaluationsResponse,StructureDefinition/LTCQuestionnaireResponseReferralCaregiver,StructureDefinition/LTCQuestionnaireResponseCDR,StructureDefinition/PASportObservationTotalBodyWater,StructureDefinition/LTCPatientCMS,StructureDefinition/PASportObservationRestingHeartRate,StructureDefinition/HNIADLsResponse,StructureDefinition/PASportConditionExerciseHistory,StructureDefinition/LTCQuestionnaireResponseCMSCaregiverLoad,StructureDefinition/HNGeriatricDepressionScalesResponse,StructureDefinition/HNPressureInjuriesResponse,StructureDefinition/PASportConditionMedicalHistory,StructureDefinition/LTCQuestionnaireResponseCMSCommunication,StructureDefinition/LTCQuestionnaireResponseIADL,StructureDefinition/PASportObservationBodyFatMass,StructureDefinition/HAHGoal,StructureDefinition/PASportObservationPeripheralOxygenSaturation,StructureDefinition/PASportObservationBodyTemperature,StructureDefinition/PASportObservationHeartRate,StructureDefinition/HNMedicalHistoriesResponse,StructureDefinition/PASportObservationBasalMetabolicRate,StructureDefinition/LTCConditionDisability,StructureDefinition/PASportObservationHeartRateVariability,StructureDefinition/LTCCompositionCMS,StructureDefinition/PASportObservationProtein,StructureDefinition/PASportObservationGaitType,StructureDefinition/PASportObservationSkeletalMuscleMassIndex,StructureDefinition/HNDrugSafetiesResponse,StructureDefinition/PASportObservationVisceralFatArea,StructureDefinition/LTCPatientReferral,StructureDefinition/HAHCarePlan,StructureDefinition/LTCQuestionnaireResponseCMSCaregiverSupport,StructureDefinition/HNPatient,StructureDefinition/HNADLsResponse,StructureDefinition/PASportObservationBodyFatPercentage,StructureDefinition/HNDementiasResponse,StructureDefinition/PASportObservationCellMass,StructureDefinition/LTCConditionProblem,StructureDefinition/PASportObservationGaitCycle,StructureDefinition/HNTargetsResponse,StructureDefinition/Location-twltc,StructureDefinition/PASportObservationHeight,StructureDefinition/HNHealthyHabitsResponse,StructureDefinition/HNCaseDescResponse,StructureDefinition/PASportObservationExtracellularWaterRatio,StructureDefinition/PASportObservationWaistHipRate,StructureDefinition/HNFallRisksResponse,StructureDefinition/LTCQuestionnaireResponseReferralSOF,StructureDefinition/PASportCarePlan,StructureDefinition/LTCPatient,StructureDefinition/HNMNASFsResponse,StructureDefinition/HNCarePlan,StructureDefinition/PASportObservationVisceralFatIndex,StructureDefinition/PASportObservationTreadmill,StructureDefinition/LTCQuestionnaireResponseADL,StructureDefinition/LTCQuestionnaireResponseMMSE,StructureDefinition/PASportObservationFatFreeMass,StructureDefinition/LTCPractitionerRole,StructureDefinition/HAHPatient","hl7.fhir.r4.core"
http://hl7.org/fhir/ValueSet/route-codes,4.0.1,draft,"2.16.840.1.113883.4.642.3.98",SNOMEDCTRouteCodes,SNOMED CT Route Codes,"This value set includes all Route codes from SNOMED CT - provided as an exemplar.","StructureDefinition/HAHAllergyIntolerance,StructureDefinition/HAHMedicationRequest,StructureDefinition/LTCMedicationAdministration,StructureDefinition/HAHMedicationAdministration","SCT"
http://hl7.org/fhir/ValueSet/search-entry-mode,4.0.1,active,"2.16.840.1.113883.4.642.3.622",SearchEntryMode,SearchEntryMode,"Why an entry is in the result set - whether it's included as a match or because of an _include requirement, or to convey information or warning information about the search process.","StructureDefinition/HNCarePlanTransaction,StructureDefinition/LTCBundleCMS,StructureDefinition/HAHBundleSummary,StructureDefinition/LTCBundleReferral,StructureDefinition/LTCBundleFeeAuditResponse,StructureDefinition/LTCBundleFeeAuditStatus,StructureDefinition/LTC-Bundle-Payload,StructureDefinition/HNVitalSignsBundle,StructureDefinition/LTCBundleFeeApply","hl7.fhir.r4.core"
http://hl7.org/fhir/ValueSet/security-labels,4.0.1,active,"2.16.840.1.113883.4.642.3.47",All Security Labels,SecurityLabels,"A single value set for all security labels defined by FHIR.","StructureDefinition/HAHConsent,StructureDefinition/HAHDocumentReference",
http://hl7.org/fhir/ValueSet/security-role-type,4.0.1,draft,"2.16.840.1.113883.4.642.3.978",SecurityRoleType,SecurityRoleType,"This example FHIR value set is comprised of example Actor Type codes, which can be used to value FHIR agents, actors, and other role         elements such as those specified in financial transactions. The FHIR Actor value set is based on    DICOM Audit Message, C402;   ASTM Standard, E1762-95 [2013]; selected codes and          derived actor roles from HL7 RoleClass OID 2.16.840.1.113883.5.110;    HL7 Role Code 2.16.840.1.113883.5.111, including AgentRoleType;          HL7 ParticipationType OID: 2.16.840.1.113883.5.90; and    HL7 ParticipationFunction codes OID: 2.16.840.1.113883.5.88.           This value set includes, by reference, role codes from external code systems: NUCC Health Care Provider Taxonomy OID: 2.16.840.1.113883.6.101;          North American Industry Classification System [NAICS]OID: 2.16.840.1.113883.6.85; IndustryClassificationSystem 2.16.840.1.113883.1.11.16039;          and US Census Occupation Code OID: 2.16.840.1.113883.6.243 for relevant recipient or custodian codes not included in this value set.            If no source is indicated in the definition comments, then these are example FHIR codes.          It can be extended with appropriate roles described by SNOMED as well as those described in the HL7 Role Based Access Control Catalog and the          HL7 Healthcare (Security and Privacy) Access Control Catalog.            In Role-Based Access Control (RBAC), permissions are operations on an object that a user wishes to access. Permissions are grouped into roles.          A role characterizes the functions a user is allowed to perform. Roles are assigned to users. If the user's role has the appropriate permissions          to access an object, then that user is granted access to the object. FHIR readily enables RBAC, as FHIR Resources are object types and the CRUDE          events (the FHIR equivalent to permissions in the RBAC scheme) are operations on those objects.          In Attribute-Based Access Control (ABAC), a user requests to perform operations on objects. That user's access request is granted or denied          based on a set of access control policies that are specified in terms of attributes and conditions. FHIR readily enables ABAC, as instances of          a Resource in FHIR (again, Resources are object types) can have attributes associated with them. These attributes include security tags,          environment conditions, and a host of user and object characteristics, which are the same attributes as those used in ABAC. Attributes help          define the access control policies that determine the operations a user may perform on a Resource (in FHIR) or object (in ABAC). For example,          a tag (or attribute) may specify that the identified Resource (object) is not to be further disclosed without explicit consent from the patient.","StructureDefinition/HAHConsent","THO (V3),THO,DICOM"
http://hl7.org/fhir/ValueSet/service-place,4.0.1,draft,"2.16.840.1.113883.4.642.3.564",ExampleServicePlaceCodes,Example Service Place Codes,"This value set includes a smattering of Service Place codes.","StructureDefinition/LTCClaimResponseFeeAudit,StructureDefinition/LTC-Claim-Export,StructureDefinition/LTC-ClaimResponse-Export","THO"
http://hl7.org/fhir/ValueSet/service-type,4.0.1,draft,"2.16.840.1.113883.4.642.3.518",ServiceType,Service type,"This value set defines an example set of codes of service-types.","StructureDefinition/HAHEncounter,StructureDefinition/HAHVisitEncounter,StructureDefinition/HAHAdmissionEncounter","THO"
http://hl7.org/fhir/ValueSet/service-uscls,4.0.1,draft,"2.16.840.1.113883.4.642.3.542",USCLSCodes,USCLS Codes,"This value set includes a smattering of USCLS codes.","StructureDefinition/LTCClaimResponseFeeAudit,StructureDefinition/LTC-Claim-Export,StructureDefinition/LTC-CoverageEligibilityResponse,StructureDefinition/LTC-ClaimResponse-Export,StructureDefinition/LTCClaimFeeApply","THO"
http://hl7.org/fhir/ValueSet/servicerequest-category,4.0.1,draft,"2.16.840.1.113883.4.642.3.434",ServiceRequestCategoryCodes,Service Request Category Codes,"An example value set of SNOMED CT concepts that can classify a requested service","StructureDefinition/LTCServiceRequest,StructureDefinition/PASportServiceRequest","SCT"
http://hl7.org/fhir/ValueSet/servicerequest-orderdetail,4.0.1,draft,"2.16.840.1.113883.4.642.3.435",ServiceRequestOrderDetailsCodes,Service Request Order Details Codes,"An example value set of Codified order entry details concepts.  These concepts only make sense in the context of what is being ordered.  This example is for a patient ventilation order","StructureDefinition/LTCServiceRequest,StructureDefinition/HAHServiceRequest,StructureDefinition/PASportServiceRequest","SCT"
http://hl7.org/fhir/ValueSet/substance-code,4.0.1,draft,"2.16.840.1.113883.4.642.3.473",SubstanceCode,Substance Code,"This value set contains concept codes for specific substances. It includes codes from [SNOMED](http://snomed.info/sct) where concept is-a 105590001 (Substance (substance)) and where concept is-a 373873005 (Pharmaceutical / biologic product (product))","StructureDefinition/HAHAllergyIntolerance","SCT"
http://hl7.org/fhir/ValueSet/surface,4.0.1,draft,"2.16.840.1.113883.4.642.3.546",SurfaceCodes,Surface Codes,"This value set includes a smattering of FDI tooth surface codes.","StructureDefinition/LTCClaimResponseFeeAudit,StructureDefinition/LTC-Claim-Export,StructureDefinition/LTC-ClaimResponse-Export,StructureDefinition/LTCClaimFeeApply","THO"
http://hl7.org/fhir/ValueSet/task-code,4.0.1,active,"2.16.840.1.113883.4.642.3.1396",TaskCode,Task Codes,"Codes indicating the type of action that is expected to be performed","StructureDefinition/LTCTask","hl7.fhir.r4.core"
http://hl7.org/fhir/ValueSet/task-intent,4.0.1,draft,"2.16.840.1.113883.4.642.3.1240",TaskIntent,TaskIntent,"Distinguishes whether the task is a proposal, plan or full order.","StructureDefinition/HNAPITask,StructureDefinition/HAHVisitTask,StructureDefinition/LTCTaskFeeAudit,StructureDefinition/LTCTask","hl7.fhir.r4.core"
http://hl7.org/fhir/ValueSet/task-status,4.0.1,draft,"2.16.840.1.113883.4.642.3.790",TaskStatus,TaskStatus,"The current status of the task.","StructureDefinition/HNAPITask,StructureDefinition/HAHCareDataset,StructureDefinition/HAHVisitTask,StructureDefinition/LTCTaskFeeAudit,StructureDefinition/LTCTask","hl7.fhir.r4.core"
http://hl7.org/fhir/ValueSet/tooth,4.0.1,draft,"2.16.840.1.113883.4.642.3.540",OralSiteCodes,Oral Site Codes,"This value set includes a smattering of FDI oral site codes.","StructureDefinition/LTCClaimResponseFeeAudit,StructureDefinition/LTC-Claim-Export,StructureDefinition/LTC-ClaimResponse-Export,StructureDefinition/LTCClaimFeeApply","THO"
http://hl7.org/fhir/ValueSet/ucum-vitals-common,4.0.1,draft,"2.16.840.1.113883.4.642.3.955",VitalSignsUnits,Vital Signs Units,"Common UCUM units for recording Vital Signs","StructureDefinition/HNVitalSigns,StructureDefinition/PASportObservationHeight,StructureDefinition/PASportObservationBodyMassIndex,StructureDefinition/LTCObservationVitalSignsPanel,StructureDefinition/LTCObservationVitalSigns,StructureDefinition/PASportObservationPeripheralOxygenSaturation,StructureDefinition/PASportObservationBodyTemperature,StructureDefinition/PASportObservationHeartRate,StructureDefinition/PASportObservationRespiratoryRate,StructureDefinition/PASportObservationWeight,StructureDefinition/PASportObservationBloodPressure","UCUM"
http://hl7.org/fhir/ValueSet/udi-entry-type,4.0.1,draft,"2.16.840.1.113883.4.642.3.211",UDIEntryType,UDIEntryType,"Codes to identify how UDI data was entered.","StructureDefinition/HAHDevice","hl7.fhir.r4.core"
http://hl7.org/fhir/ValueSet/units-of-time,4.0.1,active,"2.16.840.1.113883.4.642.3.77",UnitsOfTime,UnitsOfTime,"A unit of time (units from UCUM).","StructureDefinition/HAHMedicationRequest","UCUM"
http://hl7.org/fhir/uv/ips/ValueSet/absent-or-unknown-problems-uv-ips,1.1.0,active,,AbsentOrUnknownProblemsUvIps,Absent or Unknown Problems - IPS,"Absent or Unknown Problems","StructureDefinition/LTCCondition,StructureDefinition/PASportConditionMedicalHistory,StructureDefinition/LTCConditionDisabilityType,StructureDefinition/LTCConditionCaregiver,StructureDefinition/LTCConditionCrush,StructureDefinition/LTCConditionResidence,StructureDefinition/LTCConditionProblem,StructureDefinition/LTCConditionTube,StructureDefinition/LTCConditionDisability,StructureDefinition/HAHCondition,StructureDefinition/LTCConditionNeed,StructureDefinition/PASportConditionExerciseHistory","hl7.fhir.uv.ips"
http://ltc-ig.fhir.tw/ValueSet/AddressUseVS-TWLTC,1.1.0,active,"2.25.74479291720515125532267282249642267508",AddressUseVSTWLTC,地址用途擴展值集,"地址的用途，新增戶籍地與現居地等代碼",,"Internal"
http://ltc-ig.fhir.tw/ValueSet/ConditionDisabilityTypeVS-TWLTC,1.1.0,active,"2.25.321758608038491974232931062581721483610",ConditionDisabilityTypeVSTWLTC,身心障礙類型值集,"個案身心障礙類型","StructureDefinition/LTCConditionDisabilityType","Internal"
http://ltc-ig.fhir.tw/ValueSet/ConditionDisabilityVS-TWLTC,1.1.0,active,"2.25.87500079605613807043050943031366402975",ConditionDisabilityVSTWLTC,身心障礙手冊持有狀況值集,"個案持有身心障礙手冊的狀況","StructureDefinition/LTCConditionDisability","Internal"
http://ltc-ig.fhir.tw/ValueSet/ConditionSeverityVS-TWLTC,1.1.0,active,"2.25.290717288293434558866263121671520644301",ConditionSeverityVSTWLTC,疾病嚴重度擴展值集,"用以表述疾病嚴重度之擴展值集，包含疾病嚴重度之描述內容。配合身心障礙手冊障礙程度分級，包含輕度、中度、重度、極重度等代碼。","StructureDefinition/LTCConditionDisabilityType","SCT"
http://ltc-ig.fhir.tw/ValueSet/EconomyStatusVS-TWLTC,1.1.0,active,"2.25.277024788164347100560362132953014393040",EconomyStatusVSTWLTC,個案經濟狀況值集,"用以表述個案經濟狀況之值集，包含個案經濟狀況之描述內容。","StructureDefinition/LTCPatientReferral,StructureDefinition/ExtPatientEconomyStatus-TWLTC","Internal"
http://ltc-ig.fhir.tw/ValueSet/EducationStatusVS-TWLTC,1.1.0,active,"2.25.264892108691424086956090133934518960920",EducationStatusVSTWLTC,教育程度值集,"用以表述教育程度之值集，包含教育程度之描述內容。","StructureDefinition/ExtPatientEducationStatus-TWLTC","Internal"
http://ltc-ig.fhir.tw/ValueSet/ExerciseHistoryVS-Sport,1.1.0,active,"2.25.339599518222940892970780100406147484135",ExerciseHistoryVSSport,身體活動量測-最近(目前)運動史值集,"最近(目前)運動史。本 ValueSet 繼承自身體活動量測 IG，後續將配合原始 IG 進行更新。",,"SCT"
http://ltc-ig.fhir.tw/ValueSet/FallHistoryResultVS-TWLTC,1.1.0,active,"2.25.115369481939195704806136599724148707602",FallHistoryResultVSTWLTC,跌倒紀錄結果值集,"紀錄住民跌倒的偵測結果。","StructureDefinition/LTCObservationFallingHistory","LOINC"
http://ltc-ig.fhir.tw/ValueSet/GaitCycleVS-Sport,1.1.0,active,"2.25.287099124258231051216636463428916743191",GaitCycleVSSport,身體活動量測-步態週期值集,"一個步伐的完整過程，從一隻腳接觸地面開始到同一隻腳再次接觸地面結束。這個過程可以分為兩個主要階段：支撐期（stance phase）和擺動期（swing phase）。本 ValueSet 繼承自身體活動量測 IG，後續將配合原始 IG 進行更新。",,"Internal"
http://ltc-ig.fhir.tw/ValueSet/GaitTypeVS-Sport,1.1.0,active,"2.25.87450635089000044283605225525837307585",GaitTypeVSSport,身體活動量測-步態分析值集,"用於描述步態（walking gait）時腳的着地位置和運動模式。本 ValueSet 繼承自身體活動量測 IG，後續將配合原始 IG 進行更新。","StructureDefinition/PASportObservationGaitType","SCT"
http://ltc-ig.fhir.tw/ValueSet/GoalDescriptionVS-TWLTC,1.1.0,active,"2.25.178125711072361151936479110609637557300",GoalDescriptionVSTWLTC,照顧目標描述值集,"照顧目標的描述值集，用以表述長期照顧情境中涉及之照顧目標描述內容。本值集列舉臺灣長期照顧情境常用之 SNOMED CT 照顧目標代碼，綁定強度為 extensible，實作者可依需求使用其他 SNOMED CT 或 LOINC 代碼。","StructureDefinition/LTCGoal,StructureDefinition/HNGoal,StructureDefinition/HAHGoal","SCT"
http://ltc-ig.fhir.tw/ValueSet/ICD-10-PCS-2023-TW-F-VS,1.1.0,active,"2.25.117037232722564749633108736248946724683",ICD10PCS2023TWFVS,臺灣 2023 年中文版 ICD-10-PCS-F 值集,"臺灣 2023 年中文版 ICD-10-PCS 復健及診斷性聽力學(Physical Rehabilitation and Diagnostic Audiology)，章節數值為「F」。 包括：復健、診斷性聽力學。 代碼出版日期：2023-11-10；資料所屬單位：衛生福利部中央健康保險署。 因原始資料無代碼版本資訊，故使用其法規「公布日期」作為版本資訊。本 ValueSet 繼承自身體活動量測 IG，後續將配合原始 IG 進行更新。","StructureDefinition/PASportServiceRequest","Internal"
http://ltc-ig.fhir.tw/ValueSet/PatientIdentityVS-TWLTC,1.1.0,active,"2.25.305024746164004866710557731153486000865",PatientIdentityVSTWLTC,個案身分別值集,"個案身分別的值集","StructureDefinition/ExtPatientIdentity-TWLTC","Internal"
http://ltc-ig.fhir.tw/ValueSet/ReferralCarePlanVS-TWLTC,1.1.0,active,"2.25.64751612194387231425492984710444044495",ReferralCarePlanVSTWLTC,轉介單申請服務種類值集,"轉介單申請服務種類的值集","StructureDefinition/LTCCarePlanReferral","Internal"
http://ltc-ig.fhir.tw/ValueSet/ReferralConditionCaregiverVS-TWLTC,1.1.0,active,"2.25.166193561574044356154290069329504631161",ReferralConditionCaregiverVSTWLTC,看護狀況值集,"個案雇用看護的狀況","StructureDefinition/LTCConditionCaregiver","Internal"
http://ltc-ig.fhir.tw/ValueSet/ReferralConditionCrushVS-TWLTC,1.1.0,active,"2.25.124757791910943408406775589187202221698",ReferralConditionCrushVSTWLTC,壓傷狀況值集,"個案壓傷的狀況","StructureDefinition/LTCConditionCrush","Internal"
http://ltc-ig.fhir.tw/ValueSet/ReferralConditionResidenceVS-TWLTC,1.1.0,active,"2.25.91399101256539222749831668650894952345",ReferralConditionResidenceVSTWLTC,居住狀況值集,"個案的居住狀況","StructureDefinition/LTCConditionResidence","Internal"
http://ltc-ig.fhir.tw/ValueSet/ReferralConditionTubeVS-TWLTC,1.1.0,active,"2.25.253197882496686084669009825017125945834",ReferralConditionTubeVSTWLTC,管路狀況值集,"個案持有管路的狀況","StructureDefinition/LTCConditionTube","Internal"
http://ltc-ig.fhir.tw/ValueSet/RelationshipTypeVS-TWLTC,1.1.0,active,"2.25.201597545885992489564101901823159969635",RelationshipTypeVSTWLTC,關係類型擴展值集,"關係人與個案的關係類型擴展代碼值集，新增孫媳婦、孫女婿、聘用看護-本國籍、聘用看護-外國籍等代碼","StructureDefinition/LTCRelatedPerson","THO (V3),THO (V2),Internal"
http://ltc-ig.fhir.tw/ValueSet/ServiceRequestPAVS-Sport,1.1.0,active,"2.25.108081609301721935419141474874375089116",ServiceRequestPAVSSport,身體活動量測-適用運動處方之服務請求代碼值集,"適用運動處方之服務請求代碼。本 ValueSet 繼承自身體活動量測 IG，後續將配合原始 IG 進行更新。","StructureDefinition/PASportServiceRequest","SCT"
http://ltc-ig.fhir.tw/ValueSet/SportTrainingVS-Sport,1.1.0,active,"2.25.62818101448678794587536818280703838807",SportTrainingVSSport,身體活動量測-重量訓練代碼值集,"定義重量訓練各個方面的代碼，包括使用的重量、執行的組數以及每組的重複次數。本 ValueSet 繼承自身體活動量測 IG，後續將配合原始 IG 進行更新。",,"Internal"
http://ltc-ig.fhir.tw/ValueSet/TempCodeVS-Sport,1.1.0,active,"2.25.274626690570919936419037161228615609864",TempCodeVSSport,身體活動量測-暫用代碼值集,"身體活動量測暫時使用的代碼，目前無官方代碼。本 ValueSet 繼承自身體活動量測 IG，後續將配合官方代碼更新。",,"Internal"
http://ltc-ig.fhir.tw/ValueSet/TreadmillTypeVS-Sport,1.1.0,active,"2.25.82104155355568824777434375135779318240",TreadmillTypeVSSport,身體活動量測-跑步機類型值集,"用於描述跑步機的類型。本 ValueSet 繼承自身體活動量測 IG，後續將配合原始 IG 進行更新。","StructureDefinition/PASportObservationTreadmill","SCT"
http://ltc-ig.fhir.tw/ValueSet/hah-communication,1.1.0,draft,,HAHCommunicationVS,在宅急症－溝通類型值集,"區分照會、交班與衛教內容。","StructureDefinition/HAHCommunication","Internal"
http://ltc-ig.fhir.tw/ValueSet/hah-eligibility,1.1.0,draft,,HAHEligibilityVS,在宅急症－收案評估結果值集,"本次收案評估的建議結果。","StructureDefinition/HAHCareDataset,StructureDefinition/HAHAssessmentResponse,Questionnaire/hah-intake-assessment","Internal"
http://ltc-ig.fhir.tw/ValueSet/hah-outcome,1.1.0,draft,,HAHOutcomeVS,在宅急症－療程結束原因值集,"本次療程已結束時填寫的原因。","StructureDefinition/ExtHAHOutcome,StructureDefinition/HAHCareDataset","Internal"
http://ltc-ig.fhir.tw/ValueSet/hah-section,1.1.0,draft,,HAHSectionVS,在宅急症－摘要章節值集,"摘要文件中的臨床章節。","StructureDefinition/HAHCompositionSummary","Internal"
http://ltc-ig.fhir.tw/ValueSet/hah-service,1.1.0,draft,,HAHServiceVS,在宅急症－服務項目值集,"服務請求與工作可用的本地分類；詳細檢驗或處置仍應使用適切標準代碼。","StructureDefinition/HAHVisitTask,StructureDefinition/HAHServiceRequest","Internal"
http://ltc-ig.fhir.tw/ValueSet/hah-summary-type,1.1.0,draft,,HAHSummaryTypeVS,在宅急症－摘要種類值集,"結案或轉銜摘要。","StructureDefinition/HAHCompositionSummary,StructureDefinition/HAHCareDataset","Internal"
http://ltc-ig.fhir.tw/ValueSet/hah-visit-mode,1.1.0,draft,,HAHVisitModeVS,在宅急症－訪視方式值集,"實地、視訊或電話評估。","StructureDefinition/HAHCareDataset,StructureDefinition/ExtHAHVisitMode","Internal"
http://ltc-ig.fhir.tw/ValueSet/hn-api,1.1.0,active,"2.25.327029042831774211468818290978451932487",HNAPIVS,居家護理－API 作業值集,"限定 V5.0.16 的十二支 API 名稱。","StructureDefinition/HNAPITask","Internal"
http://ltc-ig.fhir.tw/ValueSet/hn-collection,1.1.0,active,"2.25.303919743223251822680213880309982753488",HNCollectionVS,居家護理－共照名單種類,"指定需更新的共照名單。","StructureDefinition/ExtHNCollectionUpdate","Internal"
http://ltc-ig.fhir.tw/ValueSet/hn-disability-type,1.1.0,active,"2.25.57490884695334546608865020451243411787",HNDisabilityTypeVS,居家護理－身障類別,"重用長照新制身心障礙類型代碼，限居護 V5.0.16 的第一至第八類。","Questionnaire/hn-basedata,StructureDefinition/HNBaseDataResponse,StructureDefinition/HNBaseDataModel","Internal"
http://ltc-ig.fhir.tw/ValueSet/hn-update-action,1.1.0,active,"2.25.206248524088810760731602015317753358895",HNUpdateActionVS,居家護理－共照名單更新方式,"區分未填或 null 的保留、非空陣列的取代及空陣列的清空。","StructureDefinition/ExtHNCollectionUpdate","Internal"
http://ltc-ig.fhir.tw/ValueSet/hn-vs-00697b86a7bc,1.1.0,draft,"2.25.294209081876094077202097818346458470965",HNAnswerVS00697b86a7bc,居家護理－左上肢選項,"限定左上肢可填入的 V5.0.16 選項。","StructureDefinition/HNBodyEvaluationsResponse,StructureDefinition/HNBodyEvaluationsModel,Questionnaire/hn-bodyevaluations","Internal"
http://ltc-ig.fhir.tw/ValueSet/hn-vs-0467df08a056,1.1.0,draft,"2.25.189608729951553171280526041396554124420",HNAnswerVS0467df08a056,居家護理－排便輔助多選選項,"限定排便輔助多選可填入的 V5.0.16 選項。","StructureDefinition/HNBodyEvaluationsResponse,StructureDefinition/HNBodyEvaluationsModel,Questionnaire/hn-bodyevaluations","Internal"
http://ltc-ig.fhir.tw/ValueSet/hn-vs-04e9c37073f4,1.1.0,draft,"2.25.303330707716125816048158790879545645161",HNAnswerVS04e9c37073f4,居家護理－紀錄來源選項,"限定紀錄來源可填入的 V5.0.16 選項。","StructureDefinition/HNCareRecordModel,StructureDefinition/HNCareRecordResponse,Questionnaire/hn-carerecord","Internal"
http://ltc-ig.fhir.tw/ValueSet/hn-vs-0655870f5454,1.1.0,draft,"2.25.325568702833567893600020090280871185049",HNAnswerVS0655870f5454,居家護理－溝通選項,"限定溝通可填入的 V5.0.16 選項。","StructureDefinition/HNBodyEvaluationsResponse,StructureDefinition/HNBodyEvaluationsModel,Questionnaire/hn-bodyevaluations","Internal"
http://ltc-ig.fhir.tw/ValueSet/hn-vs-076f2d014436,1.1.0,draft,"2.25.99773248073930889740996074958004720720",HNAnswerVS076f2d014436,居家護理－樓梯選項,"限定樓梯可填入的 V5.0.16 選項。","StructureDefinition/HNADLsResponse,Questionnaire/hn-adls,StructureDefinition/HNADLsModel","Internal"
http://ltc-ig.fhir.tw/ValueSet/hn-vs-082869c8d896,1.1.0,draft,"2.25.262530139607192467487881984529138839126",HNAnswerVS082869c8d896,居家護理－個案類型選項,"限定個案類型可填入的 V5.0.16 選項。","Questionnaire/hn-basedata,StructureDefinition/HNBaseDataResponse,StructureDefinition/HNBaseDataModel","Internal"
http://ltc-ig.fhir.tw/ValueSet/hn-vs-0a65df60cccf,1.1.0,draft,"2.25.325336354892396014835711230814890522188",HNAnswerVS0a65df60cccf,居家護理－項目分類選項,"限定項目分類可填入的 V5.0.16 選項。","StructureDefinition/HNCareRecordModel,StructureDefinition/HNCareRecordResponse,Questionnaire/hn-carerecord","Internal"
http://ltc-ig.fhir.tw/ValueSet/hn-vs-13d13792ca45,1.1.0,draft,"2.25.331852711887651932886383168502717036965",HNAnswerVS13d13792ca45,居家護理－溫度選項,"限定溫度可填入的 V5.0.16 選項。","StructureDefinition/HNBodyEvaluationsResponse,StructureDefinition/HNBodyEvaluationsModel,Questionnaire/hn-bodyevaluations","Internal"
http://ltc-ig.fhir.tw/ValueSet/hn-vs-14764e5914f7,1.1.0,draft,"2.25.104709048415922433631427692989887298839",HNAnswerVS14764e5914f7,居家護理－評估項目選項,"限定評估項目可填入的 V5.0.16 選項。","StructureDefinition/HNCareRecordModel,StructureDefinition/HNCareRecordResponse,Questionnaire/hn-carerecord","Internal"
http://ltc-ig.fhir.tw/ValueSet/hn-vs-15ba9c15ead1,1.1.0,draft,"2.25.196437414705180533755439020932526401878",HNAnswerVS15ba9c15ead1,居家護理－備食選項,"限定備食可填入的 V5.0.16 選項。","StructureDefinition/HNIADLsModel,Questionnaire/hn-iadls,StructureDefinition/HNIADLsResponse","Internal"
http://ltc-ig.fhir.tw/ValueSet/hn-vs-19264db8df7b,1.1.0,draft,"2.25.46427079544254199940473143262610640000",HNAnswerVS19264db8df7b,居家護理－有無與未知選項,"限定有無與未知可填入的 V5.0.16 選項。","StructureDefinition/HNBodyEvaluationsResponse,StructureDefinition/HNHealthyHabitsResponse,Questionnaire/hn-drugsafeties,StructureDefinition/HNDrugSafetiesResponse,StructureDefinition/HNBodyEvaluationsModel,StructureDefinition/HNDrugSafetiesModel,Questionnaire/hn-bodyevaluations,Questionnaire/hn-healthyhabits,StructureDefinition/HNHealthyHabitsModel","Internal"
http://ltc-ig.fhir.tw/ValueSet/hn-vs-1a72d15a5965,1.1.0,draft,"2.25.139177464520617106912554017088892473991",HNAnswerVS1a72d15a5965,居家護理－肌力-輔具多選選項,"限定肌力-輔具多選可填入的 V5.0.16 選項。","StructureDefinition/HNBodyEvaluationsResponse,StructureDefinition/HNBodyEvaluationsModel,Questionnaire/hn-bodyevaluations","Internal"
http://ltc-ig.fhir.tw/ValueSet/hn-vs-1c0dbbd93870,1.1.0,draft,"2.25.189517575852414774347997275902492797528",HNAnswerVS1c0dbbd93870,居家護理－服藥選項,"限定服藥可填入的 V5.0.16 選項。","StructureDefinition/HNIADLsModel,Questionnaire/hn-iadls,StructureDefinition/HNIADLsResponse","Internal"
http://ltc-ig.fhir.tw/ValueSet/hn-vs-1c644096303f,1.1.0,draft,"2.25.55871459565657547161924413728067078291",HNAnswerVS1c644096303f,居家護理－有輔助器多選選項,"限定有輔助器多選可填入的 V5.0.16 選項。","StructureDefinition/HNBodyEvaluationsResponse,StructureDefinition/HNBodyEvaluationsModel,Questionnaire/hn-bodyevaluations","Internal"
http://ltc-ig.fhir.tw/ValueSet/hn-vs-1ffa1d5d3bef,1.1.0,draft,"2.25.145308206149008344165079825682621662683",HNAnswerVS1ffa1d5d3bef,居家護理－行動能力問題選項,"限定行動能力問題可填入的 V5.0.16 選項。","StructureDefinition/HNBodyEvaluationsResponse,StructureDefinition/HNBodyEvaluationsModel,Questionnaire/hn-bodyevaluations","Internal"
http://ltc-ig.fhir.tw/ValueSet/hn-vs-2029890a4c12,1.1.0,draft,"2.25.205646740206617662172157159090298984246",HNAnswerVS2029890a4c12,居家護理－緊急聯絡人關係選項,"限定緊急聯絡人關係可填入的 V5.0.16 選項。","Questionnaire/hn-basedata,StructureDefinition/HNBaseDataResponse,StructureDefinition/HNBaseDataModel","Internal"
http://ltc-ig.fhir.tw/ValueSet/hn-vs-2a3bd76ba6eb,1.1.0,draft,"2.25.140576923652561890349648914749919093301",HNAnswerVS2a3bd76ba6eb,居家護理－今天是幾年幾月幾日？__年__月__日選項,"限定今天是幾年幾月幾日？__年__月__日可填入的 V5.0.16 選項。","StructureDefinition/HNDementiasResponse,Questionnaire/hn-dementias,StructureDefinition/HNDementiasModel","Internal"
http://ltc-ig.fhir.tw/ValueSet/hn-vs-2fd20e6427ff,1.1.0,draft,"2.25.334471448234452063083389731433006436358",HNAnswerVS2fd20e6427ff,居家護理－視力-部位多選選項,"限定視力-部位多選可填入的 V5.0.16 選項。","StructureDefinition/HNBodyEvaluationsResponse,StructureDefinition/HNBodyEvaluationsModel,Questionnaire/hn-bodyevaluations","Internal"
http://ltc-ig.fhir.tw/ValueSet/hn-vs-3330cbe2f937,1.1.0,draft,"2.25.210924545851858311328560548884658717905",HNAnswerVS3330cbe2f937,居家護理－說話選項,"限定說話可填入的 V5.0.16 選項。","StructureDefinition/HNBodyEvaluationsResponse,StructureDefinition/HNBodyEvaluationsModel,Questionnaire/hn-bodyevaluations","Internal"
http://ltc-ig.fhir.tw/ValueSet/hn-vs-3435b7eace88,1.1.0,draft,"2.25.86149792653855327536929354683897232041",HNAnswerVS3435b7eace88,居家護理－特殊進食多選選項,"限定特殊進食多選可填入的 V5.0.16 選項。","StructureDefinition/HNBodyEvaluationsResponse,StructureDefinition/HNBodyEvaluationsModel,Questionnaire/hn-bodyevaluations","Internal"
http://ltc-ig.fhir.tw/ValueSet/hn-vs-3435e7a5a84d,1.1.0,draft,"2.25.224833679709358411708812927165720783826",HNAnswerVS3435e7a5a84d,居家護理－洗衣選項,"限定洗衣可填入的 V5.0.16 選項。","StructureDefinition/HNIADLsModel,Questionnaire/hn-iadls,StructureDefinition/HNIADLsResponse","Internal"
http://ltc-ig.fhir.tw/ValueSet/hn-vs-365bfce838bb,1.1.0,draft,"2.25.232155523067191870855729925583247706859",HNAnswerVS365bfce838bb,居家護理－行為選項,"限定行為可填入的 V5.0.16 選項。","StructureDefinition/HNBodyEvaluationsResponse,StructureDefinition/HNBodyEvaluationsModel,Questionnaire/hn-bodyevaluations","Internal"
http://ltc-ig.fhir.tw/ValueSet/hn-vs-38762eb1c742,1.1.0,draft,"2.25.96562761045375509397463580250518048188",HNAnswerVS38762eb1c742,居家護理－使用資源多選選項,"限定使用資源多選可填入的 V5.0.16 選項。","StructureDefinition/HNCareRecordModel,StructureDefinition/HNCareRecordResponse,Questionnaire/hn-carerecord","Internal"
http://ltc-ig.fhir.tw/ValueSet/hn-vs-3baefb430e5b,1.1.0,draft,"2.25.320996269017317727014512409961720306498",HNAnswerVS3baefb430e5b,居家護理－行動力選項,"限定行動力可填入的 V5.0.16 選項。","Questionnaire/hn-mnasfs,StructureDefinition/HNMNASFsResponse,StructureDefinition/HNMNASFsModel","Internal"
http://ltc-ig.fhir.tw/ValueSet/hn-vs-3bbfa4b4f8db,1.1.0,draft,"2.25.68228807338489623080725366839321364157",HNAnswerVS3bbfa4b4f8db,居家護理－跌倒多選選項,"限定跌倒多選可填入的 V5.0.16 選項。","StructureDefinition/HNBodyEvaluationsResponse,StructureDefinition/HNBodyEvaluationsModel,Questionnaire/hn-bodyevaluations","Internal"
http://ltc-ig.fhir.tw/ValueSet/hn-vs-3c038851248f,1.1.0,draft,"2.25.225183720435307435405947754074934423141",HNAnswerVS3c038851248f,居家護理－洗澡選項,"限定洗澡可填入的 V5.0.16 選項。","StructureDefinition/HNADLsResponse,Questionnaire/hn-adls,StructureDefinition/HNADLsModel","Internal"
http://ltc-ig.fhir.tw/ValueSet/hn-vs-3d4ed1f2575b,1.1.0,draft,"2.25.42731771123791160638822905458815589219",HNAnswerVS3d4ed1f2575b,居家護理－腸蠕動選項,"限定腸蠕動可填入的 V5.0.16 選項。","StructureDefinition/HNBodyEvaluationsResponse,StructureDefinition/HNBodyEvaluationsModel,Questionnaire/hn-bodyevaluations","Internal"
http://ltc-ig.fhir.tw/ValueSet/hn-vs-40193bb109d6,1.1.0,draft,"2.25.288084804537005338278824586124863384215",HNAnswerVS40193bb109d6,居家護理－福利種類多選選項,"限定福利種類多選可填入的 V5.0.16 選項。","Questionnaire/hn-basedata,StructureDefinition/HNBaseDataResponse,StructureDefinition/HNBaseDataModel","Internal"
http://ltc-ig.fhir.tw/ValueSet/hn-vs-415683173294,1.1.0,draft,"2.25.319626655780691739070809366735760243479",HNAnswerVS415683173294,居家護理－口腔外觀多選選項,"限定口腔外觀多選可填入的 V5.0.16 選項。","StructureDefinition/HNBodyEvaluationsResponse,StructureDefinition/HNBodyEvaluationsModel,Questionnaire/hn-bodyevaluations","Internal"
http://ltc-ig.fhir.tw/ValueSet/hn-vs-41cb9f76208c,1.1.0,draft,"2.25.37933252757540681296639376939032595441",HNAnswerVS41cb9f76208c,居家護理－理財選項,"限定理財可填入的 V5.0.16 選項。","StructureDefinition/HNIADLsModel,Questionnaire/hn-iadls,StructureDefinition/HNIADLsResponse","Internal"
http://ltc-ig.fhir.tw/ValueSet/hn-vs-46c8866533a0,1.1.0,draft,"2.25.151381712476425967239751227169498821393",HNAnswerVS46c8866533a0,居家護理－行為多選選項,"限定行為多選可填入的 V5.0.16 選項。","StructureDefinition/HNBodyEvaluationsResponse,StructureDefinition/HNBodyEvaluationsModel,Questionnaire/hn-bodyevaluations","Internal"
http://ltc-ig.fhir.tw/ValueSet/hn-vs-49fe20230ec3,1.1.0,draft,"2.25.289355627531236977102033212170544551583",HNAnswerVS49fe20230ec3,居家護理－有無選項,"限定有無可填入的 V5.0.16 選項。","StructureDefinition/HNBodyEvaluationsResponse,Questionnaire/hn-drugsafeties,StructureDefinition/HNDrugSafetiesResponse,Questionnaire/hn-basedata,StructureDefinition/HNBodyEvaluationsModel,StructureDefinition/HNDrugSafetiesModel,StructureDefinition/HNBaseDataResponse,Questionnaire/hn-bodyevaluations,StructureDefinition/HNBaseDataModel","Internal"
http://ltc-ig.fhir.tw/ValueSet/hn-vs-4a8dcdb04d9b,1.1.0,draft,"2.25.189901454547221192622251836724406339416",HNAnswerVS4a8dcdb04d9b,居家護理－家庭經濟狀況選項,"限定家庭經濟狀況可填入的 V5.0.16 選項。","Questionnaire/hn-basedata,StructureDefinition/HNBaseDataResponse,StructureDefinition/HNBaseDataModel","Internal"
http://ltc-ig.fhir.tw/ValueSet/hn-vs-4abebe47a94c,1.1.0,draft,"2.25.123531869420368873941215485583898416368",HNAnswerVS4abebe47a94c,居家護理－事件類型選項,"限定事件類型可填入的 V5.0.16 選項。","StructureDefinition/HNCareRecordModel,StructureDefinition/HNCareRecordResponse,Questionnaire/hn-carerecord","Internal"
http://ltc-ig.fhir.tw/ValueSet/hn-vs-5154109e8985,1.1.0,draft,"2.25.89923828473280229109904514083980819285",HNAnswerVS5154109e8985,居家護理－足部護理評估狀態選項,"限定足部護理評估狀態可填入的 V5.0.16 選項。","StructureDefinition/HNCareRecordModel,StructureDefinition/HNCareRecordResponse,Questionnaire/hn-carerecord","Internal"
http://ltc-ig.fhir.tw/ValueSet/hn-vs-523a43c4a46a,1.1.0,draft,"2.25.232788398708565154741595025427832804600",HNAnswerVS523a43c4a46a,居家護理－是否存在多重用藥問題選項,"限定是否存在多重用藥問題可填入的 V5.0.16 選項。","Questionnaire/hn-drugsafeties,StructureDefinition/HNDrugSafetiesResponse,StructureDefinition/HNDrugSafetiesModel","Internal"
http://ltc-ig.fhir.tw/ValueSet/hn-vs-543807b1d856,1.1.0,draft,"2.25.334361399454260006424501105777046070732",HNAnswerVS543807b1d856,居家護理－交通選項,"限定交通可填入的 V5.0.16 選項。","StructureDefinition/HNIADLsModel,Questionnaire/hn-iadls,StructureDefinition/HNIADLsResponse","Internal"
http://ltc-ig.fhir.tw/ValueSet/hn-vs-548098d5ace2,1.1.0,draft,"2.25.134445305041884122790785731287582888588",HNAnswerVS548098d5ace2,居家護理－潮溼程度選項,"限定潮溼程度可填入的 V5.0.16 選項。","StructureDefinition/HNPressureInjuriesResponse,StructureDefinition/HNPressureInjuriesModel,Questionnaire/hn-pressureinjuries","Internal"
http://ltc-ig.fhir.tw/ValueSet/hn-vs-5509cc9b0f4c,1.1.0,draft,"2.25.186786168720411692248048717485344484391",HNAnswerVS5509cc9b0f4c,居家護理－移位選項,"限定移位可填入的 V5.0.16 選項。","StructureDefinition/HNADLsResponse,Questionnaire/hn-adls,StructureDefinition/HNADLsModel","Internal"
http://ltc-ig.fhir.tw/ValueSet/hn-vs-58e4d598f859,1.1.0,draft,"2.25.259766125604152179920464932975932487231",HNAnswerVS58e4d598f859,居家護理－是否選項,"限定是否可填入的 V5.0.16 選項。","StructureDefinition/HNADLsResponse,Questionnaire/hn-fallrisks,StructureDefinition/HNDementiasResponse,Questionnaire/hn-dementias,StructureDefinition/HNMNASFsModel,StructureDefinition/HNIADLsResponse,Questionnaire/hn-pressureinjuries,StructureDefinition/HNSOFsModel,Questionnaire/hn-geriatricdepressionscales,StructureDefinition/HNHealthyHabitsResponse,StructureDefinition/HNGeriatricDepressionScalesResponse,StructureDefinition/HNPressureInjuriesResponse,Questionnaire/hn-iadls,StructureDefinition/HNFallRisksResponse,StructureDefinition/HNADLsModel,StructureDefinition/HNGeriatricDepressionScalesModel,Questionnaire/hn-healthyhabits,StructureDefinition/HNFallRisksModel,StructureDefinition/HNPressureInjuriesModel,StructureDefinition/HNCareRecordResponse,Questionnaire/hn-painevaluations,Questionnaire/hn-mnasfs,StructureDefinition/HNMNASFsResponse,Questionnaire/hn-medicalhistories,StructureDefinition/HNMedicalHistoriesResponse,StructureDefinition/HNSOFsResponse,Questionnaire/hn-bodyevaluations,StructureDefinition/HNHealthyHabitsModel,StructureDefinition/HNBodyEvaluationsResponse,StructureDefinition/HNCareRecordModel,Questionnaire/hn-adls,StructureDefinition/HNMedicalHistoriesModel,Questionnaire/hn-drugsafeties,StructureDefinition/HNPainEvaluationsResponse,StructureDefinition/HNDrugSafetiesResponse,StructureDefinition/HNBodyEvaluationsModel,Questionnaire/hn-carerecord,StructureDefinition/HNIADLsModel,Questionnaire/hn-sofs,StructureDefinition/HNDrugSafetiesModel,StructureDefinition/HNDementiasModel,StructureDefinition/HNPainEvaluationsModel","Internal"
http://ltc-ig.fhir.tw/ValueSet/hn-vs-5a0da2e50fde,1.1.0,draft,"2.25.147384154274176596936907685045565161018",HNAnswerVS5a0da2e50fde,居家護理－如廁選項,"限定如廁可填入的 V5.0.16 選項。","StructureDefinition/HNADLsResponse,Questionnaire/hn-adls,StructureDefinition/HNADLsModel","Internal"
http://ltc-ig.fhir.tw/ValueSet/hn-vs-5cb9bbd6d620,1.1.0,draft,"2.25.278593389214699667141890332966696160929",HNAnswerVS5cb9bbd6d620,居家護理－排尿型態選項,"限定排尿型態可填入的 V5.0.16 選項。","StructureDefinition/HNBodyEvaluationsResponse,StructureDefinition/HNBodyEvaluationsModel,Questionnaire/hn-bodyevaluations","Internal"
http://ltc-ig.fhir.tw/ValueSet/hn-vs-5d29c89b2d60,1.1.0,draft,"2.25.306245113063243942686583160310207425580",HNAnswerVS5d29c89b2d60,居家護理－若BMI 無法取得，用小腿圍或臂中圍代替(公分)選項,"限定若BMI 無法取得，用小腿圍或臂中圍代替(公分)可填入的 V5.0.16 選項。","Questionnaire/hn-mnasfs,StructureDefinition/HNMNASFsResponse,StructureDefinition/HNMNASFsModel","Internal"
http://ltc-ig.fhir.tw/ValueSet/hn-vs-5f4a5d3ebea4,1.1.0,draft,"2.25.280521813996784078034457876298858362659",HNAnswerVS5f4a5d3ebea4,居家護理－神經精神問題選項,"限定神經精神問題可填入的 V5.0.16 選項。","Questionnaire/hn-mnasfs,StructureDefinition/HNMNASFsResponse,StructureDefinition/HNMNASFsModel","Internal"
http://ltc-ig.fhir.tw/ValueSet/hn-vs-5f96e05811ec,1.1.0,draft,"2.25.307933459521967882034123161586322310799",HNAnswerVS5f96e05811ec,居家護理－飲酒狀態選項,"限定飲酒狀態可填入的 V5.0.16 選項。","StructureDefinition/HNHealthyHabitsResponse,Questionnaire/hn-healthyhabits,StructureDefinition/HNHealthyHabitsModel","Internal"
http://ltc-ig.fhir.tw/ValueSet/hn-vs-6380f9a50deb,1.1.0,draft,"2.25.141332771717088300457490805109149739150",HNAnswerVS6380f9a50deb,居家護理－睜眼選項,"限定睜眼可填入的 V5.0.16 選項。","StructureDefinition/HNBodyEvaluationsResponse,StructureDefinition/HNBodyEvaluationsModel,Questionnaire/hn-bodyevaluations","Internal"
http://ltc-ig.fhir.tw/ValueSet/hn-vs-66dfb92df102,1.1.0,draft,"2.25.279514654465903985351225453304945213094",HNAnswerVS66dfb92df102,居家護理－知覺感受選項,"限定知覺感受可填入的 V5.0.16 選項。","StructureDefinition/HNPressureInjuriesResponse,StructureDefinition/HNPressureInjuriesModel,Questionnaire/hn-pressureinjuries","Internal"
http://ltc-ig.fhir.tw/ValueSet/hn-vs-6892f4f30c24,1.1.0,draft,"2.25.124536926131538732335515283279559745579",HNAnswerVS6892f4f30c24,居家護理－緊急事件類型選項,"限定緊急事件類型可填入的 V5.0.16 選項。","Questionnaire/hn-staffegy,StructureDefinition/HNStaffEgyModel,StructureDefinition/HNStaffEgyResponse","Internal"
http://ltc-ig.fhir.tw/ValueSet/hn-vs-6d733f47d6f4,1.1.0,draft,"2.25.337681940730560668388851930046134106785",HNAnswerVS6d733f47d6f4,居家護理－藥物類別多選選項,"限定藥物類別多選可填入的 V5.0.16 選項。","StructureDefinition/HNBodyEvaluationsResponse,StructureDefinition/HNBodyEvaluationsModel,Questionnaire/hn-bodyevaluations","Internal"
http://ltc-ig.fhir.tw/ValueSet/hn-vs-723d296bd93d,1.1.0,draft,"2.25.228728423545659924499134611301424595157",HNAnswerVS723d296bd93d,居家護理－穿脫選項,"限定穿脫可填入的 V5.0.16 選項。","StructureDefinition/HNADLsResponse,Questionnaire/hn-adls,StructureDefinition/HNADLsModel","Internal"
http://ltc-ig.fhir.tw/ValueSet/hn-vs-738f974cf008,1.1.0,draft,"2.25.282780987563733695819785810102153198511",HNAnswerVS738f974cf008,居家護理－主要照顧者關係選項,"限定主要照顧者關係可填入的 V5.0.16 選項。","Questionnaire/hn-basedata,StructureDefinition/HNBaseDataResponse,StructureDefinition/HNBaseDataModel","Internal"
http://ltc-ig.fhir.tw/ValueSet/hn-vs-75dc5876369b,1.1.0,draft,"2.25.66633944791334089765916443638179145417",HNAnswerVS75dc5876369b,居家護理－結案原因選項,"限定結案原因可填入的 V5.0.16 選項。","Questionnaire/hn-caseclose,StructureDefinition/HNCaseCloseModel,StructureDefinition/HNCaseCloseResponse","Internal"
http://ltc-ig.fhir.tw/ValueSet/hn-vs-78444472aa70,1.1.0,draft,"2.25.221887972072564885138204884398949467093",HNAnswerVS78444472aa70,居家護理－活動能力選項,"限定活動能力可填入的 V5.0.16 選項。","StructureDefinition/HNPressureInjuriesResponse,StructureDefinition/HNPressureInjuriesModel,Questionnaire/hn-pressureinjuries","Internal"
http://ltc-ig.fhir.tw/ValueSet/hn-vs-784e3567e13b,1.1.0,draft,"2.25.191759364976976914167729176552811933132",HNAnswerVS784e3567e13b,居家護理－運動選項,"限定運動可填入的 V5.0.16 選項。","StructureDefinition/HNBodyEvaluationsResponse,StructureDefinition/HNBodyEvaluationsModel,Questionnaire/hn-bodyevaluations","Internal"
http://ltc-ig.fhir.tw/ValueSet/hn-vs-7bc89358fe37,1.1.0,draft,"2.25.127107768713918090403238853085041725947",HNAnswerVS7bc89358fe37,居家護理－聽力-部位多選選項,"限定聽力-部位多選可填入的 V5.0.16 選項。","StructureDefinition/HNBodyEvaluationsResponse,StructureDefinition/HNBodyEvaluationsModel,Questionnaire/hn-bodyevaluations","Internal"
http://ltc-ig.fhir.tw/ValueSet/hn-vs-7c98e63372ac,1.1.0,draft,"2.25.62628778062788862375825146562225318337",HNAnswerVS7c98e63372ac,居家護理－口腔外觀選項,"限定口腔外觀可填入的 V5.0.16 選項。","StructureDefinition/HNBodyEvaluationsResponse,StructureDefinition/HNBodyEvaluationsModel,Questionnaire/hn-bodyevaluations","Internal"
http://ltc-ig.fhir.tw/ValueSet/hn-vs-7ce3f119b854,1.1.0,draft,"2.25.339626796846781394340552663376861431801",HNAnswerVS7ce3f119b854,居家護理－消化狀態選項,"限定消化狀態可填入的 V5.0.16 選項。","StructureDefinition/HNBodyEvaluationsResponse,StructureDefinition/HNBodyEvaluationsModel,Questionnaire/hn-bodyevaluations","Internal"
http://ltc-ig.fhir.tw/ValueSet/hn-vs-7d118ae5ad21,1.1.0,draft,"2.25.2221033918870499235460446629655668062",HNAnswerVS7d118ae5ad21,居家護理－發生時段選項,"限定發生時段可填入的 V5.0.16 選項。","StructureDefinition/HNCareRecordModel,StructureDefinition/HNCareRecordResponse,Questionnaire/hn-carerecord","Internal"
http://ltc-ig.fhir.tw/ValueSet/hn-vs-7f8a5cfdf9c9,1.1.0,draft,"2.25.56262613044544545196127970124064387688",HNAnswerVS7f8a5cfdf9c9,居家護理－排便型態選項,"限定排便型態可填入的 V5.0.16 選項。","StructureDefinition/HNBodyEvaluationsResponse,StructureDefinition/HNBodyEvaluationsModel,Questionnaire/hn-bodyevaluations","Internal"
http://ltc-ig.fhir.tw/ValueSet/hn-vs-85c814c9b8ba,1.1.0,draft,"2.25.64005444427884601563771578878040745738",HNAnswerVS85c814c9b8ba,居家護理－吸菸狀態選項,"限定吸菸狀態可填入的 V5.0.16 選項。","StructureDefinition/HNHealthyHabitsResponse,Questionnaire/hn-healthyhabits,StructureDefinition/HNHealthyHabitsModel","Internal"
http://ltc-ig.fhir.tw/ValueSet/hn-vs-8aa8b9aed3b2,1.1.0,draft,"2.25.18111047810395780957885142341253424729",HNAnswerVS8aa8b9aed3b2,居家護理－有輔助器選項,"限定有輔助器可填入的 V5.0.16 選項。","StructureDefinition/HNBodyEvaluationsResponse,StructureDefinition/HNBodyEvaluationsModel,Questionnaire/hn-bodyevaluations","Internal"
http://ltc-ig.fhir.tw/ValueSet/hn-vs-8bcd09f153b7,1.1.0,draft,"2.25.164879648753831433890807551302858034422",HNAnswerVS8bcd09f153b7,居家護理－教育程度選項,"限定教育程度可填入的 V5.0.16 選項。","Questionnaire/hn-basedata,StructureDefinition/HNBaseDataResponse,StructureDefinition/HNBaseDataModel","Internal"
http://ltc-ig.fhir.tw/ValueSet/hn-vs-8c7bcb320a01,1.1.0,draft,"2.25.238244618766236828514718936232296782456",HNAnswerVS8c7bcb320a01,居家護理－大便選項,"限定大便可填入的 V5.0.16 選項。","StructureDefinition/HNADLsResponse,Questionnaire/hn-adls,StructureDefinition/HNADLsModel","Internal"
http://ltc-ig.fhir.tw/ValueSet/hn-vs-924b837448d2,1.1.0,draft,"2.25.160635928306489661154068005677891219286",HNAnswerVS924b837448d2,居家護理－婚姻狀況選項,"限定婚姻狀況可填入的 V5.0.16 選項。","Questionnaire/hn-basedata,StructureDefinition/HNBaseDataResponse,StructureDefinition/HNBaseDataModel","Internal"
http://ltc-ig.fhir.tw/ValueSet/hn-vs-94d2d2fdf018,1.1.0,draft,"2.25.275963709798283800578874629056141892968",HNAnswerVS94d2d2fdf018,居家護理－成員職稱選項,"限定成員職稱可填入的 V5.0.16 選項。","Questionnaire/hn-staffegy,StructureDefinition/HNStaffEgyModel,StructureDefinition/HNCaseDescResponse,StructureDefinition/HNCaseDescModel,Questionnaire/hn-basedata,StructureDefinition/HNBaseDataResponse,Questionnaire/hn-casedesc,StructureDefinition/HNBaseDataModel,StructureDefinition/HNStaffEgyResponse","Internal"
http://ltc-ig.fhir.tw/ValueSet/hn-vs-9570830f5a60,1.1.0,draft,"2.25.216030153186045269702211193934064705294",HNAnswerVS9570830f5a60,居家護理－關係選項,"限定關係可填入的 V5.0.16 選項。","Questionnaire/hn-basedata,StructureDefinition/HNBaseDataResponse,StructureDefinition/HNBaseDataModel","Internal"
http://ltc-ig.fhir.tw/ValueSet/hn-vs-9a2ed66b6061,1.1.0,draft,"2.25.76102853236229330301910749089123963212",HNAnswerVS9a2ed66b6061,居家護理－走動選項,"限定走動可填入的 V5.0.16 選項。","StructureDefinition/HNADLsResponse,Questionnaire/hn-adls,StructureDefinition/HNADLsModel","Internal"
http://ltc-ig.fhir.tw/ValueSet/hn-vs-9bf58092b1d4,1.1.0,draft,"2.25.305529965453742755188022896283239708532",HNAnswerVS9bf58092b1d4,居家護理－主要職業選項,"限定主要職業可填入的 V5.0.16 選項。","Questionnaire/hn-basedata,StructureDefinition/HNBaseDataResponse,StructureDefinition/HNBaseDataModel","Internal"
http://ltc-ig.fhir.tw/ValueSet/hn-vs-9d4f84a14066,1.1.0,draft,"2.25.63752690834272500050016216364972673811",HNAnswerVS9d4f84a14066,居家護理－營養攝取選項,"限定營養攝取可填入的 V5.0.16 選項。","StructureDefinition/HNPressureInjuriesResponse,StructureDefinition/HNPressureInjuriesModel,Questionnaire/hn-pressureinjuries","Internal"
http://ltc-ig.fhir.tw/ValueSet/hn-vs-a051b2c062af,1.1.0,draft,"2.25.284979812376314021256330943417295353991",HNAnswerVSa051b2c062af,居家護理－假牙狀況選項,"限定假牙狀況可填入的 V5.0.16 選項。","StructureDefinition/HNBodyEvaluationsResponse,StructureDefinition/HNBodyEvaluationsModel,Questionnaire/hn-bodyevaluations","Internal"
http://ltc-ig.fhir.tw/ValueSet/hn-vs-a370027f399e,1.1.0,draft,"2.25.330685521281219406495204004413230877130",HNAnswerVSa370027f399e,居家護理－言語狀態選項,"限定言語狀態可填入的 V5.0.16 選項。","Questionnaire/hn-painevaluations,StructureDefinition/HNPainEvaluationsResponse,StructureDefinition/HNPainEvaluationsModel","Internal"
http://ltc-ig.fhir.tw/ValueSet/hn-vs-a5f17d46becb,1.1.0,draft,"2.25.211915606251829288403076525164030838356",HNAnswerVSa5f17d46becb,居家護理－嚼食檳榔狀態選項,"限定嚼食檳榔狀態可填入的 V5.0.16 選項。","StructureDefinition/HNHealthyHabitsResponse,Questionnaire/hn-healthyhabits,StructureDefinition/HNHealthyHabitsModel","Internal"
http://ltc-ig.fhir.tw/ValueSet/hn-vs-a88d0ac6ee1a,1.1.0,draft,"2.25.311446720360817253978083594833910034778",HNAnswerVSa88d0ac6ee1a,居家護理－排便顏色選項,"限定排便顏色可填入的 V5.0.16 選項。","StructureDefinition/HNBodyEvaluationsResponse,StructureDefinition/HNBodyEvaluationsModel,Questionnaire/hn-bodyevaluations","Internal"
http://ltc-ig.fhir.tw/ValueSet/hn-vs-a946985c2125,1.1.0,draft,"2.25.266361318982741309837233771803175032749",HNAnswerVSa946985c2125,居家護理－主要照顧時間選項,"限定主要照顧時間可填入的 V5.0.16 選項。","Questionnaire/hn-basedata,StructureDefinition/HNBaseDataResponse,StructureDefinition/HNBaseDataModel","Internal"
http://ltc-ig.fhir.tw/ValueSet/hn-vs-ab16e9d81e7b,1.1.0,draft,"2.25.335083813568270267033094033846055193881",HNAnswerVSab16e9d81e7b,居家護理－傷口分類選項,"限定傷口分類可填入的 V5.0.16 選項。","StructureDefinition/HNCareRecordModel,StructureDefinition/HNCareRecordResponse,Questionnaire/hn-carerecord","Internal"
http://ltc-ig.fhir.tw/ValueSet/hn-vs-acfe4f6c5f3a,1.1.0,draft,"2.25.96788025535129283947955814355584822552",HNAnswerVSacfe4f6c5f3a,居家護理－濕度選項,"限定濕度可填入的 V5.0.16 選項。","StructureDefinition/HNBodyEvaluationsResponse,StructureDefinition/HNBodyEvaluationsModel,Questionnaire/hn-bodyevaluations","Internal"
http://ltc-ig.fhir.tw/ValueSet/hn-vs-afadc3bb2a88,1.1.0,draft,"2.25.329236632023121400007361742473790553764",HNAnswerVSafadc3bb2a88,居家護理－視力-輔具多選選項,"限定視力-輔具多選可填入的 V5.0.16 選項。","StructureDefinition/HNBodyEvaluationsResponse,StructureDefinition/HNBodyEvaluationsModel,Questionnaire/hn-bodyevaluations","Internal"
http://ltc-ig.fhir.tw/ValueSet/hn-vs-b0ba220a4535,1.1.0,draft,"2.25.339721365571799735169255662337070245564",HNAnswerVSb0ba220a4535,居家護理－損傷類型選項,"限定損傷類型可填入的 V5.0.16 選項。","StructureDefinition/HNCareRecordModel,StructureDefinition/HNCareRecordResponse,Questionnaire/hn-carerecord","Internal"
http://ltc-ig.fhir.tw/ValueSet/hn-vs-b42a51b1139e,1.1.0,draft,"2.25.79302898901089867588435424534799862661",HNAnswerVSb42a51b1139e,居家護理－腹部狀態選項,"限定腹部狀態可填入的 V5.0.16 選項。","StructureDefinition/HNBodyEvaluationsResponse,StructureDefinition/HNBodyEvaluationsModel,Questionnaire/hn-bodyevaluations","Internal"
http://ltc-ig.fhir.tw/ValueSet/hn-vs-b455f8b9ce05,1.1.0,draft,"2.25.122964994173728640319467448925010596597",HNAnswerVSb455f8b9ce05,居家護理－家務選項,"限定家務可填入的 V5.0.16 選項。","StructureDefinition/HNIADLsModel,Questionnaire/hn-iadls,StructureDefinition/HNIADLsResponse","Internal"
http://ltc-ig.fhir.tw/ValueSet/hn-vs-b5e899beaa3a,1.1.0,draft,"2.25.114720051205992197828340677190764569942",HNAnswerVSb5e899beaa3a,居家護理－排尿型態多選選項,"限定排尿型態多選可填入的 V5.0.16 選項。","StructureDefinition/HNBodyEvaluationsResponse,StructureDefinition/HNBodyEvaluationsModel,Questionnaire/hn-bodyevaluations","Internal"
http://ltc-ig.fhir.tw/ValueSet/hn-vs-b63e1293c409,1.1.0,draft,"2.25.305320348493893048765794526338358558194",HNAnswerVSb63e1293c409,居家護理－主要醫療決定者關係選項,"限定主要醫療決定者關係可填入的 V5.0.16 選項。","Questionnaire/hn-basedata,StructureDefinition/HNBaseDataResponse,StructureDefinition/HNBaseDataModel","Internal"
http://ltc-ig.fhir.tw/ValueSet/hn-vs-b8e0b67e2012,1.1.0,draft,"2.25.281476430614408685765165825566103943477",HNAnswerVSb8e0b67e2012,居家護理－身體質量指數(BMI)=體重(公斤)/身高(公尺)2選項,"限定身體質量指數(BMI)=體重(公斤)/身高(公尺)2可填入的 V5.0.16 選項。","Questionnaire/hn-mnasfs,StructureDefinition/HNMNASFsResponse,StructureDefinition/HNMNASFsModel","Internal"
http://ltc-ig.fhir.tw/ValueSet/hn-vs-bc943cb432ce,1.1.0,draft,"2.25.287900982285925662448252845208089214295",HNAnswerVSbc943cb432ce,居家護理－需求類型選項,"限定需求類型可填入的 V5.0.16 選項。","StructureDefinition/HNCaseSummaryResponse,Questionnaire/hn-casesummary,StructureDefinition/HNCaseSummaryModel","Internal"
http://ltc-ig.fhir.tw/ValueSet/hn-vs-bcd0a25d02b9,1.1.0,draft,"2.25.227030127964254592522523904430611787640",HNAnswerVSbcd0a25d02b9,居家護理－摩擦力/剪力選項,"限定摩擦力/剪力可填入的 V5.0.16 選項。","StructureDefinition/HNPressureInjuriesResponse,StructureDefinition/HNPressureInjuriesModel,Questionnaire/hn-pressureinjuries","Internal"
http://ltc-ig.fhir.tw/ValueSet/hn-vs-bff7df80c996,1.1.0,draft,"2.25.329638873075854850597334598353324186886",HNAnswerVSbff7df80c996,居家護理－近三個月體重變化選項,"限定近三個月體重變化可填入的 V5.0.16 選項。","Questionnaire/hn-mnasfs,StructureDefinition/HNMNASFsResponse,StructureDefinition/HNMNASFsModel","Internal"
http://ltc-ig.fhir.tw/ValueSet/hn-vs-c020bc6f582f,1.1.0,draft,"2.25.131652330762808014462155887711337347376",HNAnswerVSc020bc6f582f,居家護理－進食選項,"限定進食可填入的 V5.0.16 選項。","StructureDefinition/HNADLsResponse,Questionnaire/hn-adls,StructureDefinition/HNADLsModel","Internal"
http://ltc-ig.fhir.tw/ValueSet/hn-vs-c0e4f2d08eec,1.1.0,draft,"2.25.111511791109712617607938554968495951272",HNAnswerVSc0e4f2d08eec,居家護理－排尿顏色選項,"限定排尿顏色可填入的 V5.0.16 選項。","StructureDefinition/HNBodyEvaluationsResponse,StructureDefinition/HNBodyEvaluationsModel,Questionnaire/hn-bodyevaluations","Internal"
http://ltc-ig.fhir.tw/ValueSet/hn-vs-c1223cdffc0c,1.1.0,draft,"2.25.207693512401620546307543737269892006586",HNAnswerVSc1223cdffc0c,居家護理－衛生選項,"限定衛生可填入的 V5.0.16 選項。","StructureDefinition/HNADLsResponse,Questionnaire/hn-adls,StructureDefinition/HNADLsModel","Internal"
http://ltc-ig.fhir.tw/ValueSet/hn-vs-c34dc3f43d82,1.1.0,draft,"2.25.194844880471192331200792147759971387556",HNAnswerVSc34dc3f43d82,居家護理－睡眠多選選項,"限定睡眠多選可填入的 V5.0.16 選項。","StructureDefinition/HNBodyEvaluationsResponse,StructureDefinition/HNBodyEvaluationsModel,Questionnaire/hn-bodyevaluations","Internal"
http://ltc-ig.fhir.tw/ValueSet/hn-vs-c8a0ace9ffad,1.1.0,draft,"2.25.128695279898115277698479217947213958035",HNAnswerVSc8a0ace9ffad,居家護理－服務項目多選選項,"限定服務項目多選可填入的 V5.0.16 選項。","StructureDefinition/HNCareRecordModel,StructureDefinition/HNCareRecordResponse,Questionnaire/hn-carerecord","Internal"
http://ltc-ig.fhir.tw/ValueSet/hn-vs-c8f650cb37b1,1.1.0,draft,"2.25.95637205195167613937695295166116908438",HNAnswerVSc8f650cb37b1,居家護理－性別選項,"限定性別可填入的 V5.0.16 選項。","Questionnaire/hn-basedata,StructureDefinition/HNBaseDataResponse,StructureDefinition/HNBaseDataModel","Internal"
http://ltc-ig.fhir.tw/ValueSet/hn-vs-c93d67023284,1.1.0,draft,"2.25.40134430528788670270864801770500270799",HNAnswerVSc93d67023284,居家護理－水腫等級選項,"限定水腫等級可填入的 V5.0.16 選項。","StructureDefinition/HNBodyEvaluationsResponse,StructureDefinition/HNBodyEvaluationsModel,Questionnaire/hn-bodyevaluations","Internal"
http://ltc-ig.fhir.tw/ValueSet/hn-vs-cbfa2194bae7,1.1.0,draft,"2.25.37598417318187057451535658234576631772",HNAnswerVScbfa2194bae7,居家護理－購物選項,"限定購物可填入的 V5.0.16 選項。","StructureDefinition/HNIADLsModel,Questionnaire/hn-iadls,StructureDefinition/HNIADLsResponse","Internal"
http://ltc-ig.fhir.tw/ValueSet/hn-vs-cf479df80e62,1.1.0,draft,"2.25.61365216258789314163981473444825569839",HNAnswerVScf479df80e62,居家護理－服用頻率選項,"限定服用頻率可填入的 V5.0.16 選項。","StructureDefinition/HNBodyEvaluationsResponse,StructureDefinition/HNBodyEvaluationsModel,Questionnaire/hn-bodyevaluations","Internal"
http://ltc-ig.fhir.tw/ValueSet/hn-vs-cfb0b454818b,1.1.0,draft,"2.25.71913059517361379677766485408659120264",HNAnswerVScfb0b454818b,居家護理－過去三個月之中，是否因食慾不佳、消化問題、咀嚼或吞嚥困難，以致進食量減少？選項,"限定過去三個月之中，是否因食慾不佳、消化問題、咀嚼或吞嚥困難，以致進食量減少？可填入的 V5.0.16 選項。","Questionnaire/hn-mnasfs,StructureDefinition/HNMNASFsResponse,StructureDefinition/HNMNASFsModel","Internal"
http://ltc-ig.fhir.tw/ValueSet/hn-vs-d20974b4a161,1.1.0,draft,"2.25.51545171855998980550428718471373542949",HNAnswerVSd20974b4a161,居家護理－小便選項,"限定小便可填入的 V5.0.16 選項。","StructureDefinition/HNADLsResponse,Questionnaire/hn-adls,StructureDefinition/HNADLsModel","Internal"
http://ltc-ig.fhir.tw/ValueSet/hn-vs-d2f289370ed0,1.1.0,draft,"2.25.258716152478094029655482204990271172763",HNAnswerVSd2f289370ed0,居家護理－語言選項,"限定語言可填入的 V5.0.16 選項。","StructureDefinition/HNBodyEvaluationsResponse,StructureDefinition/HNBodyEvaluationsModel,Questionnaire/hn-bodyevaluations","Internal"
http://ltc-ig.fhir.tw/ValueSet/hn-vs-d782d810cfdd,1.1.0,draft,"2.25.40596858929399312210335009225595415286",HNAnswerVSd782d810cfdd,居家護理－心臟問題(只包含心臟)選項,"限定心臟問題(只包含心臟)可填入的 V5.0.16 選項。","StructureDefinition/HNMedicalHistoriesModel,Questionnaire/hn-medicalhistories,StructureDefinition/HNMedicalHistoriesResponse","Internal"
http://ltc-ig.fhir.tw/ValueSet/hn-vs-d9301962abbf,1.1.0,draft,"2.25.306676706602285137562304321073983045858",HNAnswerVSd9301962abbf,居家護理－溝通-影響日常活動選項,"限定溝通-影響日常活動可填入的 V5.0.16 選項。","StructureDefinition/HNBodyEvaluationsResponse,StructureDefinition/HNBodyEvaluationsModel,Questionnaire/hn-bodyevaluations","Internal"
http://ltc-ig.fhir.tw/ValueSet/hn-vs-d93b34f7b736,1.1.0,draft,"2.25.176504774529506654165769873606293314173",HNAnswerVSd93b34f7b736,居家護理－居住所選項,"限定居住所可填入的 V5.0.16 選項。","StructureDefinition/HNCareRecordModel,StructureDefinition/HNCareRecordResponse,Questionnaire/hn-carerecord","Internal"
http://ltc-ig.fhir.tw/ValueSet/hn-vs-dc054900d0e6,1.1.0,draft,"2.25.247982841822733590826626757528926546995",HNAnswerVSdc054900d0e6,居家護理－理解選項,"限定理解可填入的 V5.0.16 選項。","StructureDefinition/HNBodyEvaluationsResponse,StructureDefinition/HNBodyEvaluationsModel,Questionnaire/hn-bodyevaluations","Internal"
http://ltc-ig.fhir.tw/ValueSet/hn-vs-de533dbea66c,1.1.0,draft,"2.25.63144714112076583117501864330830175253",HNAnswerVSde533dbea66c,居家護理－傷口等級選項,"限定傷口等級可填入的 V5.0.16 選項。","StructureDefinition/HNCareRecordModel,StructureDefinition/HNCareRecordResponse,Questionnaire/hn-carerecord","Internal"
http://ltc-ig.fhir.tw/ValueSet/hn-vs-dfa44a5bba0b,1.1.0,draft,"2.25.296343778493273049505421623570078288854",HNAnswerVSdfa44a5bba0b,居家護理－操作項目與流程選項,"限定操作項目與流程可填入的 V5.0.16 選項。","StructureDefinition/HNCareRecordModel,StructureDefinition/HNCareRecordResponse,Questionnaire/hn-carerecord","Internal"
http://ltc-ig.fhir.tw/ValueSet/hn-vs-ec686161641f,1.1.0,draft,"2.25.273335722836459689773286611933281661322",HNAnswerVSec686161641f,居家護理－排尿輔助多選選項,"限定排尿輔助多選可填入的 V5.0.16 選項。","StructureDefinition/HNBodyEvaluationsResponse,StructureDefinition/HNBodyEvaluationsModel,Questionnaire/hn-bodyevaluations","Internal"
http://ltc-ig.fhir.tw/ValueSet/hn-vs-ed3fafa578d2,1.1.0,draft,"2.25.570402435202243260750277659138445675",HNAnswerVSed3fafa578d2,居家護理－顏色選項,"限定顏色可填入的 V5.0.16 選項。","StructureDefinition/HNBodyEvaluationsResponse,StructureDefinition/HNBodyEvaluationsModel,Questionnaire/hn-bodyevaluations","Internal"
http://ltc-ig.fhir.tw/ValueSet/hn-vs-eee6be407d0e,1.1.0,draft,"2.25.294958225936370547035773283584908281509",HNAnswerVSeee6be407d0e,居家護理－假牙狀況多選選項,"限定假牙狀況多選可填入的 V5.0.16 選項。","StructureDefinition/HNBodyEvaluationsResponse,StructureDefinition/HNBodyEvaluationsModel,Questionnaire/hn-bodyevaluations","Internal"
http://ltc-ig.fhir.tw/ValueSet/hn-vs-ef3233b113ad,1.1.0,draft,"2.25.327133428541850930070371916550672466541",HNAnswerVSef3233b113ad,居家護理－收案來源選項,"限定收案來源可填入的 V5.0.16 選項。","Questionnaire/hn-basedata,StructureDefinition/HNBaseDataResponse,StructureDefinition/HNBaseDataModel","Internal"
http://ltc-ig.fhir.tw/ValueSet/hn-vs-ef4daeacd99a,1.1.0,draft,"2.25.52958970429411608950470289002842796678",HNAnswerVSef4daeacd99a,居家護理－視力選項,"限定視力可填入的 V5.0.16 選項。","StructureDefinition/HNBodyEvaluationsResponse,StructureDefinition/HNBodyEvaluationsModel,Questionnaire/hn-bodyevaluations","Internal"
http://ltc-ig.fhir.tw/ValueSet/hn-vs-f0b4522906b6,1.1.0,draft,"2.25.271520854898091838127932935443008620336",HNAnswerVSf0b4522906b6,居家護理－聽力-輔具多選選項,"限定聽力-輔具多選可填入的 V5.0.16 選項。","StructureDefinition/HNBodyEvaluationsResponse,StructureDefinition/HNBodyEvaluationsModel,Questionnaire/hn-bodyevaluations","Internal"
http://ltc-ig.fhir.tw/ValueSet/hn-vs-f466b3393017,1.1.0,draft,"2.25.80194301613835044317769621356286404946",HNAnswerVSf466b3393017,居家護理－移動能力選項,"限定移動能力可填入的 V5.0.16 選項。","StructureDefinition/HNPressureInjuriesResponse,StructureDefinition/HNPressureInjuriesModel,Questionnaire/hn-pressureinjuries","Internal"
http://ltc-ig.fhir.tw/ValueSet/hn-vs-f6130a2de850,1.1.0,draft,"2.25.221575434496329791617271443904260789888",HNAnswerVSf6130a2de850,居家護理－宗教信仰選項,"限定宗教信仰可填入的 V5.0.16 選項。","Questionnaire/hn-basedata,StructureDefinition/HNBaseDataResponse,StructureDefinition/HNBaseDataModel","Internal"
http://ltc-ig.fhir.tw/ValueSet/hn-vs-fa9ab3cef6b1,1.1.0,draft,"2.25.199222523116212438510610547489322562147",HNAnswerVSfa9ab3cef6b1,居家護理－電話選項,"限定電話可填入的 V5.0.16 選項。","StructureDefinition/HNIADLsModel,Questionnaire/hn-iadls,StructureDefinition/HNIADLsResponse","Internal"
http://ltc-ig.fhir.tw/ValueSet/hn-vs-fe3736bbd09e,1.1.0,draft,"2.25.55990846781425582329559045849522907852",HNAnswerVSfe3736bbd09e,居家護理－重大事件項目多選選項,"限定重大事件項目多選可填入的 V5.0.16 選項。","Questionnaire/hn-basedata,StructureDefinition/HNBaseDataResponse,StructureDefinition/HNBaseDataModel","Internal"
http://ltc-ig.fhir.tw/ValueSet/hn-wound-category,1.1.0,active,"2.25.254271797870941909812893506067219264895",HNWoundCategoryVS,居家護理－傷口分類,"V5.0.16 傷口分類；依分類選擇等級。","StructureDefinition/HNWound","Internal"
http://ltc-ig.fhir.tw/ValueSet/hn-wound-level,1.1.0,active,"2.25.184139835234128943076056409263447446053",HNWoundLevelVS,居家護理－傷口等級,"V5.0.16 傷口等級；依分類選擇等級。","StructureDefinition/HNWound","Internal"
http://ltc-ig.fhir.tw/ValueSet/vs-tw-ltc-assessment-component,1.1.0,active,"2.25.27344063291874303920991704683432444884",VS_TW_LTC_AssessmentComponent,長照 SDK－評估核定摘要欄位碼,"此 ValueSet 用於表示長照 SDK 評估核定摘要的欄位碼。","StructureDefinition/LTC-Observation-Assessment-CS100","Internal"
http://ltc-ig.fhir.tw/ValueSet/vs-tw-ltc-assessment-type,1.1.0,active,"2.25.129133727442852369936314224061153797751",VS_TW_LTC_AssessmentType,長照 SDK－評估類型,"此 ValueSet 用於表示長照 SDK 中的評估類型。","StructureDefinition/LTC-Observation-Assessment-Payload","Internal"
http://ltc-ig.fhir.tw/ValueSet/vs-tw-ltc-benefit-type,1.1.0,active,"2.25.95883731273416221461282627898263039903",VS_TW_LTC_BenefitType,長照 SDK－核定額度欄位,"此 ValueSet 用於表示長照 SDK 中的核定額度欄位。",,"Internal"
http://ltc-ig.fhir.tw/ValueSet/vs-tw-ltc-case-source,1.1.0,active,"2.25.181573312270388744808257498623487403042",VS_TW_LTC_Case_Source,長照 SDK－申請來源,"此 ValueSet 用於表示長照 SDK 中個案的申請來源。","StructureDefinition/Ext-TW-LTC-Case-Source","Internal"
http://ltc-ig.fhir.tw/ValueSet/vs-tw-ltc-case-status,1.1.0,active,"2.25.79478039264354521936255277994162212519",VS_TW_LTC_CaseStatus,長照 SDK－個案狀態,"此 ValueSet 用於表示長照 SDK 中個案的狀態，使用 FHIR EpisodeOfCare status 對應碼：active（服務中）、onhold（暫停服務）、finished（已結案）。","StructureDefinition/LTC-EpisodeOfCare-Payload","hl7.fhir.r4.core"
http://ltc-ig.fhir.tw/ValueSet/vs-tw-ltc-cmslevel,1.1.0,active,"2.25.71447470500936854795444662387229763480",VS_TW_LTC_CMSLevel,長照 SDK－CMS 等級,"此 ValueSet 用於表示長照 SDK 中的 CMS（照顧管理評估量表）等級。","StructureDefinition/LTC-Observation-Assessment-Payload","Internal"
http://ltc-ig.fhir.tw/ValueSet/vs-tw-ltc-feeaudit-aa10-status,1.1.0,active,"2.25.3771695048331836787133083509745613180",VS_TW_LTC_FeeAuditAA10Status,支付審查－AA10 申報狀態,"此 ValueSet 用於表示支付審核系統服務記錄申報之 AA10（夜間緊急服務）申報狀態（aa10_status）。","StructureDefinition/LTCClaimFeeApply","Internal"
http://ltc-ig.fhir.tw/ValueSet/vs-tw-ltc-feeaudit-adjudication,1.1.0,active,"2.25.95556605601195974745005247534016076129",VS_TW_LTC_FeeAuditAdjudication,支付審查－核定金額類別,"此 ValueSet 用於表示支付審核分案審核明細中各項金額的類別，代碼包含：approveFee（核定金額）、incInAcc（核增金額）、decInAcc（核減金額）、copayment（自付額）、aSvcFee（政策鼓勵金額）、tempPaymentFee（分案暫付金額）、price（單價）、submitted（申請核銷金額）。","StructureDefinition/LTCClaimResponseFeeAudit","Internal"
http://ltc-ig.fhir.tw/ValueSet/vs-tw-ltc-feeaudit-api-function,1.1.0,active,"2.25.307047869912765011373328719219011776827",VS_TW_LTC_FeeAuditApiFunction,支付審查－API 功能,"此 ValueSet 用於表示支付審核系統的 API 功能名稱，代碼包含：FeeApply（服務記錄申報）、ObjDel（服務紀錄刪除）、appCompletionNotice（申報確認通知）、appCancel（服務單位撤回）、CancelResultResponse（取消交易單處理結果回報）。","StructureDefinition/LTCTaskFeeAudit","Internal"
http://ltc-ig.fhir.tw/ValueSet/vs-tw-ltc-feeaudit-api-status,1.1.0,active,"2.25.252555818192652412548456054341878418513",VS_TW_LTC_FeeAuditApiStatus,支付審查－API 執行狀況,"此 ValueSet 用於表示支付審核系統 API 交易單的執行狀況，代碼包含：0（待處理）、1（處理中）、3（錯誤）、4（處理完成）。",,"Internal"
http://ltc-ig.fhir.tw/ValueSet/vs-tw-ltc-feeaudit-bd03-type,1.1.0,active,"2.25.54149582042487643135777127608838894979",VS_TW_LTC_FeeAuditBD03Type,支付審查－社區式服務交通接送服務使用類型,"此 ValueSet 用於表示支付審核系統服務記錄申報之社區式服務交通接送（BD03）服務使用類型（bd03_type）。","StructureDefinition/LTCClaimFeeApply","Internal"
http://ltc-ig.fhir.tw/ValueSet/vs-tw-ltc-feeaudit-case-status,1.1.0,active,"2.25.29256331818245997122471542520517452484",VS_TW_LTC_FeeAuditCaseStatus,支付審查－核銷狀況,"此 ValueSet 用於表示支付審核系統中分案的核銷狀況，代碼包含：0（已分案待電腦審核處理）、1（待通知收件）、2（已通知待收件）、3（審核中）、4（等待總表）、5（審計待審）、6（結案）。","StructureDefinition/LTCTaskFeeAudit","Internal"
http://ltc-ig.fhir.tw/ValueSet/vs-tw-ltc-feeaudit-city,1.1.0,active,"2.25.87189268891203527811029238040015403244",VS_TW_LTC_FeeAuditCity,支付審查－縣市代碼,"此 ValueSet 用於表示支付審核系統中分案、申請單與服務紀錄所屬之縣市，代碼取自 city_cd 代碼表，共 22 個直轄市、縣（市）：09007（連江縣）、09020（金門縣）、10002（宜蘭縣）、10004（新竹縣）、10005（苗栗縣）、10007（彰化縣）、10008（南投縣）、10009（雲林縣）、10010（嘉義縣）、10013（屏東縣）、10014（臺東縣）、10015（花蓮縣）、10016（澎湖縣）、10017（基隆市）、10018（新竹市）、10020（嘉義市）、63000（臺北市）、64000（高雄市）、65000（新北市）、66000（臺中市）、67000（臺南市）、68000（桃園市）。",,"Internal"
http://ltc-ig.fhir.tw/ValueSet/vs-tw-ltc-feeaudit-doc-type,1.1.0,active,"2.25.175303356490372765847214667943416369085",VS_TW_LTC_FeeAuditDocType,支付審查－清冊文件類別,"此 ValueSet 用於表示支付審核分案審核明細所提供之清冊與總表文件類別，代碼包含：tempPaymentDoc（暫付總表）、caseSummaryNotice（總表）、caseSvcList（清冊）、caseSvcListExcel（清冊EXCEL）、caseASvcList（A碼清冊）、caseASvcListExcel（A碼清冊EXCEL）、caseErrList（申請記錄不通過清冊）、caseErrListExcel（申請記錄不通過EXCEL清冊）。","StructureDefinition/Ext-TW-LTC-FeeAudit-DocUrl","Internal"
http://ltc-ig.fhir.tw/ValueSet/vs-tw-ltc-feeaudit-error-code,1.1.0,active,"2.25.268640805681867837409475407883849391422",VS_TW_LTC_FeeAuditErrorCode,支付審查－錯誤代碼,"此 ValueSet 涵蓋《衛生福利部 支付審核系統 API 規格說明書（照管平台）》所定義之全部錯誤代碼（err_code），用於服務紀錄申報、撤回、審查結果回覆等交易之錯誤原因表達，包含欄位必填與長度檢核（E1xxx）、格式檢核（E2xxx）、資料查詢與寫入異常（E4xxx）、審核規則檢核（E5xxx）及各支付碼專屬檢核（EBA、EBC、ECB、EGA、EOT、ESC 系列）共 176 項代碼。","StructureDefinition/LTCClaimResponseFeeAudit,StructureDefinition/LTCOperationOutcomeFeeAudit","Internal"
http://ltc-ig.fhir.tw/ValueSet/vs-tw-ltc-feeaudit-fee-type,1.1.0,active,"2.25.128625036571189743044951575120356827976",VS_TW_LTC_FeeAuditFeeType,支付審查－服務類別,"此 ValueSet 用於表示支付審核系統服務記錄申報之服務類別（svc_fee_tp），區分補助與自費。","StructureDefinition/LTCClaimFeeApply","Internal"
http://ltc-ig.fhir.tw/ValueSet/vs-tw-ltc-feeaudit-rtncode,1.1.0,active,"2.25.79245575021300575408374398407082029552",VS_TW_LTC_FeeAuditRtnCode,支付審查－API 回覆結果代碼,"此 ValueSet 涵蓋《衛生福利部 支付審核系統 API 規格說明書（照管平台）》Response 格式所定義之回覆結果代碼（rtncode），用於表示 API 交易之處理結果，代碼包含：0（成功回傳）、1～14（請求參數與申報條件檢核錯誤）、20（無訪問權限）、25（執行頻率限制）、30（輸入參數錯誤）、40（查無資料）、50（DB 錯誤）、90（發生無法預期錯誤）。",,"Internal"
http://ltc-ig.fhir.tw/ValueSet/vs-tw-ltc-feeaudit-supporting-info,1.1.0,active,"2.25.118212642271467441236280113162067439725",VS_TW_LTC_FeeAuditSupportingInfo,支付審查－服務紀錄補充資訊類別,"此 ValueSet 涵蓋支付審核系統「服務記錄申報（FeeApply）」中隨照顧組合代碼特化之補充資訊分類碼，適用於 Claim.supportingInfo.category，包含 AA00 個管服務、C 碼專業服務、交通接送（BD03、DA01）及各項申報旗標等類別。","StructureDefinition/LTCClaimFeeApply","Internal"
http://ltc-ig.fhir.tw/ValueSet/vs-tw-ltc-feeaudit-svc-item,1.1.0,active,"2.25.6311796706610641527872246543598030895",VS_TW_LTC_FeeAuditSvcItem,支付審查－服務項目,"此 ValueSet 用於表示支付審核系統（照管平台）個案服務紀錄之「服務項目」（svc_item），申報 AA00 必填寫。","StructureDefinition/LTCClaimFeeApply","Internal"
http://ltc-ig.fhir.tw/ValueSet/vs-tw-ltc-feeaudit-svc-people,1.1.0,active,"2.25.263477615735264541356733820075645660500",VS_TW_LTC_FeeAuditSvcPeople,支付審查－服務對象,"此 ValueSet 用於表示支付審核系統（照管平台）個案服務紀錄之「服務對象」（svc_people），申報 AA00 必填寫。","StructureDefinition/LTCClaimFeeApply","Internal"
http://ltc-ig.fhir.tw/ValueSet/vs-tw-ltc-feeaudit-svc-point,1.1.0,active,"2.25.6670809646636391603255258107027411322",VS_TW_LTC_FeeAuditSvcPoint,支付審查－服務重點,"此 ValueSet 用於表示支付審核系統（照管平台）個案服務紀錄之「服務重點」（svc_point），申報 AA00 填寫。","StructureDefinition/LTCClaimFeeApply","Internal"
http://ltc-ig.fhir.tw/ValueSet/vs-tw-ltc-feeaudit-svcc-goal-type,1.1.0,active,"2.25.96182734810406364532208953971617084104",VS_TW_LTC_FeeAuditSvccGoalType,支付審查－專業服務復能目標達成情形,"此 ValueSet 用於表示支付審核系統（照管平台）個案服務紀錄之「專業服務復能目標達成情形」（svcc_goal_type），申報 C 碼時填寫。","StructureDefinition/LTCClaimFeeApply","Internal"
http://ltc-ig.fhir.tw/ValueSet/vs-tw-ltc-incident-category,1.1.0,active,"2.25.285046306460579693442761879641101112226",VS_TW_LTC_Incident_Category,長照 SDK－異常紀錄－異常類別,"此 ValueSet 用於表示長照 SDK 異常紀錄的異常類別。","StructureDefinition/AdverseEvent-twltc","Internal"
http://ltc-ig.fhir.tw/ValueSet/vs-tw-ltc-incident-notifmethod,1.1.0,active,"2.25.271292784162725213325348808449085256640",VS_TW_LTC_Incident_NotificationMethod,長照 SDK－異常紀錄－通報方式,"此 ValueSet 用於表示長照 SDK 異常紀錄的通報方式。","StructureDefinition/Ext-TW-LTC-AdverseEvent-NotifMethod","Internal"
http://ltc-ig.fhir.tw/ValueSet/vs-tw-ltc-incident-texttype,1.1.0,active,"2.25.72353149064731800011146469076016921248",VS_TW_LTC_Incident_TextType,長照 SDK－異常紀錄－文字區塊類型,"此 ValueSet 用於表示長照 SDK 異常紀錄中的文字區塊類型。","StructureDefinition/Ext-TW-LTC-AdverseEvent-Description","Internal"
http://ltc-ig.fhir.tw/ValueSet/vs-tw-ltc-service-activity,1.1.0,active,"2.25.70179300046419878729203847297850524819",VS_TW_LTC_ServiceActivity,長照 SDK－服務活動,"此 ValueSet 彙整長照照管服務活動紀錄使用之代碼。","StructureDefinition/HNCommunication,StructureDefinition/LTC-Communication-ServiceA","Internal"
http://ltc-ig.fhir.tw/ValueSet/vs-tw-ltc-service-group,1.1.0,active,"2.25.82732741697765837293825498696659376305",VS_TW_LTC_ServiceGroup,長照 SDK－服務別（核定）,"此 ValueSet 用於表示長照 SDK 中的服務別（核定）。",,"Internal"
http://ltc-ig.fhir.tw/ValueSet/vs-tw-ltc-service-item,1.1.0,active,"2.25.23077688075140443200708783698200494020",VS_TW_LTC_ServiceItem,臺灣長照服務項目,"此 ValueSet 涵蓋臺灣長照 2.0 給付之所有服務項目代碼，適用於長照服務之申請、核定與使用紀錄，包含照顧組合、專業服務、交通接送、喘息服務等項目。","StructureDefinition/HAHProcedure,StructureDefinition/HNCommunication,StructureDefinition/LTCServiceRequest,StructureDefinition/LTCClaimResponseFeeAudit,StructureDefinition/LTC-Claim-Export,StructureDefinition/HAHCommunication,StructureDefinition/HAHServiceRequest,StructureDefinition/LTCClaimFeeApply,StructureDefinition/LTC-Communication-ServiceA,StructureDefinition/LTCProcedureCareActivity","Internal"
http://ltc-ig.fhir.tw/ValueSet/vs-tw-ltc-welfare-identity,1.1.0,active,"2.25.141347013463811167724069218213597407064",VS_TW_LTC_WelfareIdentity,長照 SDK－長照福利身分,"此 ValueSet 用於表示長照 SDK 中的長照福利身分。","StructureDefinition/LTC-Observation-Assessment-Payload","Internal"
http://terminology.hl7.org/ValueSet/v2-0092,3.0.0,active,"2.16.840.1.113883.21.40",Hl7VSReAdmissionIndicator,hl7VS-re-admissionIndicator,"Value Set of codes which are used to specify that a patient is being re-admitted to a healthcare facility from which they were discharged, and indicates the circumstances around such re-admission.","StructureDefinition/HAHEncounter,StructureDefinition/HAHVisitEncounter,StructureDefinition/HAHAdmissionEncounter","THO (V2)"
http://terminology.hl7.org/ValueSet/v2-0116,3.0.0,active,"2.16.840.1.113883.21.51",Hl7VSBedStatus,hl7VS-bedStatus,"Value Set of codes that specify the state of a bed in an inpatient setting, and is used to determine if a patient may be assigned to it or not.","StructureDefinition/LTCLocationFeeAuditPlace,StructureDefinition/Location-twltc","THO (V2)"
http://terminology.hl7.org/ValueSet/v3-ActCode,3.0.0,active,,ActCode,v3 Code System ActCode,"A code specifying the particular kind of Act that the Act-instance represents within its class.  Constraints:  The kind of Act (e.g. physical examination, serum potassium, inpatient encounter, charge financial transaction, etc.) is specified with a code from one of several, typically external, coding systems.  The coding system will depend on the class of Act, such as LOINC for observations, etc. Conceptually, the Act.code must be a specialization of the Act.classCode. This is why the structure of ActClass domain should be reflected in the superstructure of the ActCode domain and then individual codes or externally referenced vocabularies subordinated under these domains that reflect the ActClass structure. Act.classCode and Act.code are not modifiers of each other but the Act.code concept should really imply the Act.classCode concept. For a negative example, it is not appropriate to use an Act.code ""potassium"" together with and Act.classCode for ""laboratory observation"" to somehow mean ""potassium laboratory observation"" and then use the same Act.code for ""potassium"" together with Act.classCode for ""medication"" to mean ""substitution of potassium"". This mutually modifying use of Act.code and Act.classCode is not permitted.","StructureDefinition/HAHCompositionSummary,StructureDefinition/LTCCompositionCMS,StructureDefinition/HAHDocumentReference,StructureDefinition/LTC-Composition-CS100,StructureDefinition/LTCCompositionBase,StructureDefinition/LTCCompositionReferral","THO (V3)"
http://terminology.hl7.org/ValueSet/v3-ActEncounterCode,3.0.0,active,"2.16.840.1.113883.1.11.13955",ActEncounterCode,ActEncounterCode,"Domain provides codes that qualify the ActEncounterClass (ENC)","StructureDefinition/HAHEncounter,StructureDefinition/HAHVisitEncounter,StructureDefinition/HAHAdmissionEncounter","THO (V3)"
http://terminology.hl7.org/ValueSet/v3-ActIncidentCode,3.0.0,active,"2.16.840.1.113883.1.11.16508",ActIncidentCode,ActIncidentCode,"Set of codes indicating the type of incident or accident.","StructureDefinition/LTC-Claim-Export,StructureDefinition/LTCClaimFeeApply","THO (V3)"
http://terminology.hl7.org/ValueSet/v3-ActPriority,3.0.0,active,"2.16.840.1.113883.1.11.16866",ActPriority,ActPriority,"A code or set of codes (e.g., for routine, emergency,) specifying the urgency under which the Act happened, can happen, is happening, is intended to happen, or is requested/demanded to happen.    *Discussion:* This attribute is used in orders to indicate the ordered priority, and in event documentation it indicates the actual priority used to perform the act. In definition mood it indicates the available priorities.","StructureDefinition/HAHEncounter,StructureDefinition/HAHVisitEncounter,StructureDefinition/HAHAdmissionEncounter","THO (V3)"
http://terminology.hl7.org/ValueSet/v3-ActSubstanceAdminSubstitutionCode,3.0.0,active,"2.16.840.1.113883.1.11.16621",ActSubstanceAdminSubstitutionCode,ActSubstanceAdminSubstitutionCode,"***No description***","StructureDefinition/HAHMedicationRequest","THO (V3)"
http://terminology.hl7.org/ValueSet/v3-ConfidentialityClassification,2014-03-26,active,"2.16.840.1.113883.1.11.10228",v3.ConfidentialityClassification,V3 Value SetConfidentialityClassification," Set of codes used to value Act.Confidentiality and Role.Confidentiality attribute in accordance with the definition for concept domain ""Confidentiality"".","StructureDefinition/HAHCompositionSummary,StructureDefinition/LTCCompositionCMS,StructureDefinition/LTC-Composition-CS100,StructureDefinition/LTCCompositionBase,StructureDefinition/LTCCompositionReferral","THO (V3)"
http://terminology.hl7.org/ValueSet/v3-ParticipationMode,3.0.0,active,"2.16.840.1.113883.1.11.16543",ParticipationMode,ParticipationMode,"Identifies the primary means by which an Entity participates in an Act.","StructureDefinition/HNCommunication,StructureDefinition/HAHCommunication,StructureDefinition/LTC-Communication-ServiceA","THO (V3)"
http://terminology.hl7.org/ValueSet/v3-PurposeOfUse,3.1.0,active,"2.16.840.1.113883.1.11.20448",PurposeOfUse,PurposeOfUse,"Supports communication of purpose of use at a general level.","StructureDefinition/HAHConsent","THO (V3)"
http://terminology.hl7.org/ValueSet/v3-ServiceDeliveryLocationRoleType,3.0.0,active,"2.16.840.1.113883.1.11.17660",ServiceDeliveryLocationRoleType,ServiceDeliveryLocationRoleType,"A role of a place that further classifies the setting (e.g., accident site, road side, work site, community location) in which services are delivered.","StructureDefinition/LTCServiceRequest,StructureDefinition/HAHServiceRequest,StructureDefinition/PASportServiceRequest,StructureDefinition/LTCLocationFeeAuditPlace,StructureDefinition/Location-twltc","THO (V3)"
http://terminology.hl7.org/ValueSet/v3-SubstanceAdminSubstitutionReason,3.0.0,active,"2.16.840.1.113883.1.11.19377",SubstanceAdminSubstitutionReason,SubstanceAdminSubstitutionReason,"***No description***","StructureDefinition/HAHMedicationRequest","THO (V3)"
https://twcore.mohw.gov.tw/ig/twcore/ValueSet/category-code-tw,0.3.0,active,,TWCategoryCode,臺灣衛福部資訊處類型代碼值集,"臺灣衛福部資訊處類型代碼值集","StructureDefinition/PASportObservationMeanHeartRate,StructureDefinition/PASportObservationBodyFatPercentage,StructureDefinition/PASportObservationExtracellularWater,StructureDefinition/PASportObservationTotalBodyWater,StructureDefinition/PASportObservationMineral,StructureDefinition/PASportObservationCellMass,StructureDefinition/PASportObservationRestingHeartRate,StructureDefinition/PASportObservationSoftLeanMass,StructureDefinition/PASportObservationGaitCycle,StructureDefinition/LTCObservationFallingHistory,StructureDefinition/PASportObservationObesityDegree,StructureDefinition/PASportObservationWaistHipRate,StructureDefinition/PASportObservationExtracellularWaterRatio,StructureDefinition/PASportObservationBodyAge,StructureDefinition/PASportObservationBodyBoneMass,StructureDefinition/PASportObservationBodyFatMass,StructureDefinition/PASportObservationWeightTraining,StructureDefinition/PASportObservationWaist,StructureDefinition/PASportObservationGlucose,StructureDefinition/PASportObservationVisceralFatIndex,StructureDefinition/PASportObservationBasalMetabolicRate,StructureDefinition/PASportObservationTreadmill,StructureDefinition/PASportObservationHeartRateVariability,StructureDefinition/PASportObservationGaitType,StructureDefinition/PASportObservationProtein,StructureDefinition/PASportObservationIntracellularWater,StructureDefinition/PASportObservationSkeletalMuscleMassIndex,StructureDefinition/PASportObservationFatFreeMass,StructureDefinition/PASportObservationSkeletalMuscleMass,StructureDefinition/PASportObservationVisceralFatArea,StructureDefinition/HNWound","tw.gov.mohw.twcore,THO"
https://twcore.mohw.gov.tw/ig/twcore/ValueSet/condition-code-sct-tw,2022-07-31,active,,TWConditionCodeSCT,SNOMED CT診斷代碼值集,"SNOMED CT診斷代碼值集。","StructureDefinition/LTCServiceRequest,StructureDefinition/LTCConditionCaregiver,StructureDefinition/LTCConditionDisabilityType,StructureDefinition/LTCConditionResidence,StructureDefinition/PASportServiceRequest,StructureDefinition/LTCConditionProblem,StructureDefinition/LTCConditionDisability,StructureDefinition/PASportConditionExerciseHistory,StructureDefinition/LTCConditionNeed,StructureDefinition/HAHServiceRequest,StructureDefinition/LTCCondition,StructureDefinition/PASportConditionMedicalHistory,StructureDefinition/LTCConditionCrush,StructureDefinition/LTCConditionTube,StructureDefinition/HAHCondition","SCT"
https://twcore.mohw.gov.tw/ig/twcore/ValueSet/health-professional-sct-tw,0.3.0,active,,TWHealthProfessionalSCT,SNOMED CT + 臺灣醫事司醫事人員類別值集,"SNOMED CT + 臺灣醫事司醫事人員類別值集。  此值集優先採用國際標準碼，國際標準碼未能表述之概念則以普遍被使用的臺灣醫事司醫事人員類別標準碼表述，請實作者留意。","StructureDefinition/LTCPractitioner,StructureDefinition/LTCPractitionerRole","tw.gov.mohw.twcore,SCT"
https://twcore.mohw.gov.tw/ig/twcore/ValueSet/icd-10-cm-2014-tw,2017-07-19,active,,TW2014ICD10CM,臺灣健保署2014年中文版ICD-10-CM值集,"臺灣健保署2014年中文版ICD-10-CM值集。 資料所屬單位：衛生福利部中央健康保險署。   此值集所涵蓋代碼量較大會使載入頁面時間較長，為方便使用者瀏覽，此處(本頁、XML、JSON、TTL)僅擷取部分代碼，完整代碼可至[全國專門術語服務平臺－值集(Value Set)](https://fhir.mohw.gov.tw/ts/valueset.jsp)查閱","StructureDefinition/LTCCondition,StructureDefinition/PASportConditionMedicalHistory,StructureDefinition/LTCConditionDisabilityType,StructureDefinition/LTCConditionCaregiver,StructureDefinition/LTCConditionCrush,StructureDefinition/LTCConditionResidence,StructureDefinition/LTCConditionProblem,StructureDefinition/LTCConditionTube,StructureDefinition/LTCConditionDisability,StructureDefinition/HAHCondition,StructureDefinition/LTCConditionNeed,StructureDefinition/PASportConditionExerciseHistory","tw.gov.mohw.twcore"
https://twcore.mohw.gov.tw/ig/twcore/ValueSet/icd-10-cm-2021-tw,2022-07-29,active,,TW2021ICD10CM,臺灣健保署2021年中文版ICD-10-CM值集,"臺灣健保署2021年中文版ICD-10-CM值集。 資料所屬單位：衛生福利部中央健康保險署。  此值集所涵蓋代碼量較大會使載入頁面時間較長，為方便使用者瀏覽，此處(本頁、XML、JSON、TTL)僅擷取部分代碼，完整代碼可至[全國專門術語服務平臺－值集(Value Set)](https://fhir.mohw.gov.tw/ts/valueset.jsp)查閱","StructureDefinition/LTCCondition,StructureDefinition/PASportConditionMedicalHistory,StructureDefinition/LTCConditionDisabilityType,StructureDefinition/LTCConditionCaregiver,StructureDefinition/LTCConditionCrush,StructureDefinition/LTCConditionResidence,StructureDefinition/LTCConditionProblem,StructureDefinition/LTCConditionTube,StructureDefinition/LTCConditionDisability,StructureDefinition/HAHCondition,StructureDefinition/LTCConditionNeed,StructureDefinition/PASportConditionExerciseHistory","tw.gov.mohw.twcore"
https://twcore.mohw.gov.tw/ig/twcore/ValueSet/icd-10-cm-2023-tw,2024-11-18,active,,TW2023ICD10CM,臺灣健保署2023年中文版ICD-10-CM值集,"臺灣健保署2023年中文版ICD-10-CM值集。 資料所屬單位：衛生福利部中央健康保險署。  此值集所涵蓋代碼量較大會使載入頁面時間較長，為方便使用者瀏覽，此處(本頁、XML、JSON、TTL)僅擷取部分代碼，完整代碼可至[全國專門術語服務平臺－值集(Value Set)](https://fhir.mohw.gov.tw/ts/valueset.jsp)查閱","StructureDefinition/LTCCondition,StructureDefinition/PASportConditionMedicalHistory,StructureDefinition/LTCConditionDisabilityType,StructureDefinition/LTCConditionCaregiver,StructureDefinition/LTCConditionCrush,StructureDefinition/LTCConditionResidence,StructureDefinition/LTCConditionProblem,StructureDefinition/LTCConditionTube,StructureDefinition/LTCConditionDisability,StructureDefinition/HAHCondition,StructureDefinition/LTCConditionNeed,StructureDefinition/PASportConditionExerciseHistory","tw.gov.mohw.twcore"
https://twcore.mohw.gov.tw/ig/twcore/ValueSet/icd-10-pcs-2014-tw,2017-07-19,active,,TW2014ICD10PCS,臺灣健保署2014年中文版ICD-10-PCS值集,"臺灣健保署2014年中文版ICD-10-PCS值集。 資料所屬單位：衛生福利部中央健康保險署。  此值集所涵蓋代碼量較大會使載入頁面時間較長，為方便使用者瀏覽，此處(本頁、XML、JSON、TTL)僅擷取部分代碼，完整代碼可至[全國專門術語服務平臺－值集(Value Set)](https://fhir.mohw.gov.tw/ts/valueset.jsp)查閱","StructureDefinition/HAHProcedure,StructureDefinition/LTCServiceRequest,StructureDefinition/HAHServiceRequest,StructureDefinition/PASportServiceRequest,StructureDefinition/LTCProcedureCareActivity","tw.gov.mohw.twcore"
https://twcore.mohw.gov.tw/ig/twcore/ValueSet/icd-10-pcs-2021-tw,2022-07-29,active,,TW2021ICD10PCS,臺灣健保署2021年中文版ICD-10-PCS值集,"臺灣健保署2021年中文版ICD-10-PCS值集。 資料所屬單位：衛生福利部中央健康保險署。  此值集所涵蓋代碼量較大會使載入頁面時間較長，為方便使用者瀏覽，此處(本頁、XML、JSON、TTL)僅擷取部分代碼，完整代碼可至[全國專門術語服務平臺－值集(Value Set)](https://fhir.mohw.gov.tw/ts/valueset.jsp)查閱","StructureDefinition/HAHProcedure,StructureDefinition/LTCServiceRequest,StructureDefinition/HAHDiagnosticReport,StructureDefinition/HAHServiceRequest,StructureDefinition/PASportServiceRequest,StructureDefinition/LTCProcedureCareActivity","tw.gov.mohw.twcore"
https://twcore.mohw.gov.tw/ig/twcore/ValueSet/icd-10-pcs-2023-tw,2024-11-18,active,,TW2023ICD10PCS,臺灣健保署2023年中文版ICD-10-PCS值集,"臺灣健保署2023年中文版ICD-10-PCS值集。 資料所屬單位：衛生福利部中央健康保險署。  此值集所涵蓋代碼量較大會使載入頁面時間較長，為方便使用者瀏覽，此處(本頁、XML、JSON、TTL)僅擷取部分代碼，完整代碼可至[全國專門術語服務平臺－值集(Value Set)](https://fhir.mohw.gov.tw/ts/valueset.jsp)查閱","StructureDefinition/HAHProcedure,StructureDefinition/LTCServiceRequest,StructureDefinition/HAHDiagnosticReport,StructureDefinition/HAHServiceRequest,StructureDefinition/PASportServiceRequest,StructureDefinition/LTCProcedureCareActivity","tw.gov.mohw.twcore"
https://twcore.mohw.gov.tw/ig/twcore/ValueSet/icd-9-cm-2001-tw,2023-05-09,active,,TW2001ICD9CM,臺灣健保署2001年中文版ICD-9-CM值集,"臺灣健保署2001年中文版ICD-9-CM值集。 資料所屬單位：衛生福利部中央健康保險署。   此值集所涵蓋代碼量較大會使載入頁面時間較長，為方便使用者瀏覽，此處(本頁、XML、JSON、TTL)僅擷取部分代碼，完整代碼可至[全國專門術語服務平臺－臺灣健保署2001年中文版ICD-9-CM值集](https://fhir.mohw.gov.tw/ts/valuesetRead.jsp?id=icd-9-cm-2001-tw&status=active&version=2023-05-09&metaId=1&composeId=0&composeSystem=0&composeVersion=0&pageSet=preview)查閱","StructureDefinition/LTCCondition,StructureDefinition/PASportConditionMedicalHistory,StructureDefinition/LTCConditionDisabilityType,StructureDefinition/LTCConditionCaregiver,StructureDefinition/LTCConditionCrush,StructureDefinition/LTCConditionResidence,StructureDefinition/LTCConditionProblem,StructureDefinition/LTCConditionTube,StructureDefinition/LTCConditionDisability,StructureDefinition/HAHCondition,StructureDefinition/LTCConditionNeed,StructureDefinition/PASportConditionExerciseHistory","tw.gov.mohw.twcore"
https://twcore.mohw.gov.tw/ig/twcore/ValueSet/identifier-type-tw,0.3.0,active,,TWIdentifierType,IdentifierType + 臺灣衛福部資訊處識別碼類型值集,"IdentifierType + 臺灣衛福部資訊處識別碼類型值集","StructureDefinition/HNPatient,StructureDefinition/LTCPatientCMS,StructureDefinition/LTCPatient,StructureDefinition/Organization-twltc,StructureDefinition/LTCPatientReferral,StructureDefinition/LTCPractitioner,StructureDefinition/HAHPatient","THO (V2),tw.gov.mohw.twcore"
https://twcore.mohw.gov.tw/ig/twcore/ValueSet/laboratory-category-tw,2022-07-01,active,,TWLaboratoryCategory,臺灣健保署醫療服務給付項目-檢驗值集,"臺灣健保署醫療服務給付項目-檢驗值集。 資料所屬單位：衛生福利部中央健康保險署。 ","StructureDefinition/HAHDiagnosticReport","tw.gov.mohw.twcore"
https://twcore.mohw.gov.tw/ig/twcore/ValueSet/laboratory-code-tw,1.0.0,active,,TWLaboratoryCode,臺灣核心-實驗室檢驗檢查值集,"臺灣核心-實驗室檢驗檢查值集，包含LOINC與臺灣健保署醫療服務給付項目-檢驗代碼。","StructureDefinition/HAHObservationLab",
https://twcore.mohw.gov.tw/ig/twcore/ValueSet/loinc-doc-section-code,2.81,active,,LOINCDocumentSection,LOINC Code Document Section值集,"LOINC Code Document Section值集。 代碼版本：2.81；代碼更新日期：2025-12-01；資料所屬單位：Regenstrief Institute。","StructureDefinition/LTCCompositionCMS,StructureDefinition/LTC-Composition-CS100,StructureDefinition/LTCCompositionBase,StructureDefinition/LTCCompositionReferral","LOINC"
https://twcore.mohw.gov.tw/ig/twcore/ValueSet/loinc-document-classcodes,2.81,active,,LOINCDocumentClass,LOINC Document Class值集,"LOINC Document Class值集。 代碼版本：2.81；代碼更新日期：2025-12-01；資料所屬單位：Regenstrief Institute。","StructureDefinition/HAHCompositionSummary,StructureDefinition/LTCCompositionCMS,StructureDefinition/HAHDocumentReference,StructureDefinition/LTC-Composition-CS100,StructureDefinition/LTCCompositionBase,StructureDefinition/LTCCompositionReferral","LOINC"
https://twcore.mohw.gov.tw/ig/twcore/ValueSet/loinc-observation-code,2.81,active,,LOINCObservationCode,LOINC實驗室檢驗檢查值集,"LOINC實驗室檢驗檢查值集。   代碼版本：2.81；代碼更新日期：2025-12-01；資料所屬單位：Regenstrief Institute。","StructureDefinition/HAHDiagnosticReport","LOINC"
https://twcore.mohw.gov.tw/ig/twcore/ValueSet/loinc-type-doc-code,2.81,active,,LOINCDocumentType,LOINC Code Document Type值集,"LOINC Code Document Type值集。   代碼版本：2.81；代碼更新日期：2025-12-01；資料所屬單位：Regenstrief Institute。","StructureDefinition/LTCCompositionCMS,StructureDefinition/HAHDocumentReference,StructureDefinition/LTC-Composition-CS100,StructureDefinition/LTCCompositionBase,StructureDefinition/LTCCompositionReferral","LOINC"
https://twcore.mohw.gov.tw/ig/twcore/ValueSet/medcation-atc-tw,2022-10-24,active,,TWMedcationATC,臺灣食藥署藥品藥理治療分類ATC碼值集,"臺灣食藥署藥品藥理治療分類ATC碼值集。 資料提供單位：衛生福利部食品藥物管理署。","StructureDefinition/HAHMedicationRequest","hl7.terminology.r4"
https://twcore.mohw.gov.tw/ig/twcore/ValueSet/medical-consultation-department-tw,0.3.0,active,,TWMedicalConsultationDepartment,無法對應至SNOMED CT之臺灣健保署就醫科別值集,"無法對應至SNOMED CT之臺灣健保署就醫科別值集。  此值集優先採用國際標準碼，國際標準碼未能表述之概念則以普遍被使用的臺灣健保署標準碼表述，請實作者留意。 ","StructureDefinition/HAHEncounter,StructureDefinition/HAHVisitEncounter,StructureDefinition/LTCPractitionerRole,StructureDefinition/HAHAdmissionEncounter","tw.gov.mohw.twcore"
https://twcore.mohw.gov.tw/ig/twcore/ValueSet/medical-department-sct-tw,0.3.0,active,,TWMedicalDepartmentSCT,對應至 SNOMED CT之就醫科別 + 診療科別值集,"因就醫科別與診療科別對應到之國際標準碼 SNOMED CT有共通代碼，因此本值集將兩者的對應代碼整合於同一值集中。    另為便於使用者更清晰地辨識「[就醫科別](ValueSet-medical-department-sct-tw.html#就醫科別對應表)」及「[診療科別](ValueSet-medical-department-sct-tw.html#診療科別對應表)」的各別完整值集範圍，請參閱以下兩個表格，代碼使用原則為：若想表達的語意有國際代碼可表述，便採用國際代碼；若無對應的國際代碼可表述，則採用健保署編訂的代碼。  ","StructureDefinition/HAHEncounter,StructureDefinition/HAHVisitEncounter,StructureDefinition/LTCPractitionerRole,StructureDefinition/HAHAdmissionEncounter","SCT"
https://twcore.mohw.gov.tw/ig/twcore/ValueSet/medical-treatment-department-tw,0.3.0,active,,TWMedicalTreatmentDepartment,無法對應至SNOMED CT之臺灣健保署診療科別值集,"無法對應至SNOMED CT之臺灣健保署診療科別值集。  此值集優先採用國際標準碼，國際標準碼未能表述之概念則以普遍被使用的臺灣健保署標準碼表述，請實作者留意。 ","StructureDefinition/HAHEncounter,StructureDefinition/HAHVisitEncounter,StructureDefinition/LTCPractitionerRole,StructureDefinition/HAHAdmissionEncounter","tw.gov.mohw.twcore"
https://twcore.mohw.gov.tw/ig/twcore/ValueSet/medication-fda-tw,0.3.0,active,,TWMedicationFDA,臺灣食藥署藥品及醫療器材代碼值集,"臺灣食藥署藥品及醫療器材代碼值集   資料所屬單位：衛生福利部食品藥物管理署。  此值集所涵蓋代碼量較大會使載入頁面時間較長，為方便使用者瀏覽，此處(本頁、XML、JSON、TTL)僅擷取部分代碼，完整代碼可至[全國專門術語服務平臺－值集(Value Set)](https://fhir.mohw.gov.tw/ts/valueset.jsp)查閱    ","StructureDefinition/HAHMedicationRequest","tw.gov.mohw.twcore"
https://twcore.mohw.gov.tw/ig/twcore/ValueSet/medication-frequency-hl7-tw,0.3.0,active,,TWMedicationFrequencyHL7,HL7 TimingAbbreviation + 臺灣健保署藥品使用頻率值集,"HL7 TimingAbbreviation + 臺灣健保署藥品使用頻率值集。","StructureDefinition/HAHMedicationRequest","THO (V3),tw.gov.mohw.twcore"
https://twcore.mohw.gov.tw/ig/twcore/ValueSet/medication-nhi-tw,2022-07-28,active,,TWMedicationNHI,臺灣健保署用藥品項代碼值集,"臺灣健保署用藥品項代碼值集 資料所屬單位：衛生福利部中央健康保險署。   此值集所涵蓋代碼量較大會使載入頁面時間較長，為方便使用者瀏覽，此處(本頁、XML、JSON、TTL)僅擷取部分代碼，完整代碼可至[全國專門術語服務平臺－值集(Value Set)](https://fhir.mohw.gov.tw/ts/valueset.jsp)查閱","StructureDefinition/HAHMedicationRequest","tw.gov.mohw.twcore"
https://twcore.mohw.gov.tw/ig/twcore/ValueSet/medication-path-sct-tw,0.3.0,active,,TWMedicationPathSCT,SNOMED CT + 臺灣健保署給藥途徑值集,"SNOMED CT + 臺灣健保署給藥途徑值集。  此值集優先採用國際標準碼，國際標準碼未能表述之概念，則以普遍被使用的臺灣健保署給藥途徑代碼表述，請實作者留意。","StructureDefinition/HAHMedicationRequest","tw.gov.mohw.twcore,SCT"
https://twcore.mohw.gov.tw/ig/twcore/ValueSet/medication-rxnorm-tw,3.0.0,active,,TWMedicationRXNORM,RxNorm藥品代碼值集,"RxNorm藥品代碼值集    資料所屬單位：Unified Medical Language System® (UMLS®)","StructureDefinition/HAHMedicationRequest","RxNorm"
https://twcore.mohw.gov.tw/ig/twcore/ValueSet/narrative-status,0.3.0,active,,TWNarrativeStatus,臺灣衛福部資訊處Narrative狀態值集,"臺灣衛福部資訊處Narrative狀態值集","StructureDefinition/LTC-CarePlan-Payload,StructureDefinition/LTCCarePlanReferral,StructureDefinition/LTCCarePlan,StructureDefinition/LTC-CarePlan-CS100,StructureDefinition/HNCarePlan,StructureDefinition/HAHCarePlan","hl7.fhir.r4.core"
https://twcore.mohw.gov.tw/ig/twcore/ValueSet/nhi-medication-ch-herb-tw,2024-05-31,active,,TWCHHerbMedicationNHI,臺灣健保署中藥用藥品項值集,"臺灣健保署中藥用藥品項值集。 資料所屬單位：衛生福利部中央健康保險署。   此值集所涵蓋代碼量較大會使載入頁面時間較長，為方便使用者瀏覽，此處(本頁、XML、JSON、TTL)僅擷取部分代碼，完整代碼可至[全國專門術語服務平臺－臺灣健保署健保中藥用藥品項值集](https://fhir.mohw.gov.tw/ts/valuesetRead.jsp?id=medication-nhi-tw&status=active&version=2022-07-28&metaId=1&composeId=0&composeSystem=0&composeVersion=0&pageSet=preview)查閱","StructureDefinition/HAHMedicationRequest","tw.gov.mohw.twcore"
https://twcore.mohw.gov.tw/ig/twcore/ValueSet/observation-clinical-result-category,0.3.0,active,,TWObservationClinicalResultCategory,臺灣衛福部資訊處Observation Clinical Result類型值集,"臺灣衛福部資訊處Observation Clinical Result類型值集","StructureDefinition/HAHObservationLab","THO"
https://twcore.mohw.gov.tw/ig/twcore/ValueSet/postal-code3-tw,2015-01-22,active,,TWPostalCode3,臺灣中華郵政3碼郵遞區號值集,"臺灣中華郵政3碼郵遞區號值集。   資料所屬單位：中華郵政。  此值集所涵蓋代碼量較大會使載入頁面時間較長，為方便使用者瀏覽，此處(本頁、XML、JSON、TTL)僅擷取部分代碼，完整代碼可至[全國專門術語服務平臺－值集(Value Set)](https://fhir.mohw.gov.tw/ts/valueset.jsp)查閱","StructureDefinition/HNPatient,StructureDefinition/LTCPatientCMS,StructureDefinition/LTCPatient,StructureDefinition/Organization-twltc,StructureDefinition/LTCPatientReferral,StructureDefinition/LTCLocationFeeAuditPlace,StructureDefinition/HAHPatient,StructureDefinition/Location-twltc","tw.gov.mohw.twcore"
https://twcore.mohw.gov.tw/ig/twcore/ValueSet/postal-code5-tw,2022-06-21,active,,TWPostalCode5,臺灣中華郵政5碼郵遞區號值集,"臺灣中華郵政5碼郵遞區號值集。   資料所屬單位：中華郵政。  此值集所涵蓋代碼量較大會使載入頁面時間較長，為方便使用者瀏覽，此處(本頁、XML、JSON、TTL)僅擷取部分代碼，完整代碼可至[全國專門術語服務平臺－值集(Value Set)](https://fhir.mohw.gov.tw/ts/valueset.jsp)查閱 ","StructureDefinition/HNPatient,StructureDefinition/LTCPatientCMS,StructureDefinition/LTCPatient,StructureDefinition/Organization-twltc,StructureDefinition/LTCPatientReferral,StructureDefinition/LTCLocationFeeAuditPlace,StructureDefinition/HAHPatient,StructureDefinition/Location-twltc","tw.gov.mohw.twcore"
https://twcore.mohw.gov.tw/ig/twcore/ValueSet/postal-code6-tw,2020-10-22,active,,TWPostalCode6,臺灣中華郵政6碼郵遞區號值集,"臺灣中華郵政6碼郵遞區號值集。   資料所屬單位：中華郵政。  此值集所涵蓋代碼量較大會使載入頁面時間較長，為方便使用者瀏覽，此處(本頁、XML、JSON、TTL)僅擷取部分代碼，完整代碼可至[全國專門術語服務平臺－值集(Value Set)](https://fhir.mohw.gov.tw/ts/valueset.jsp)。   ","StructureDefinition/HNPatient,StructureDefinition/LTCPatientCMS,StructureDefinition/LTCPatient,StructureDefinition/Organization-twltc,StructureDefinition/LTCPatientReferral,StructureDefinition/LTCLocationFeeAuditPlace,StructureDefinition/HAHPatient,StructureDefinition/Location-twltc","tw.gov.mohw.twcore"
https://twcore.mohw.gov.tw/ig/twcore/ValueSet/procedure-tw,2024-05-27,active,,TWMedicalServicePayment,臺灣健保署醫療服務給付項目-處置或手術值集,"臺灣健保署醫療服務給付項目-處置或手術值集。 資料所屬單位：衛生福利部中央健康保險署。 ","StructureDefinition/HAHProcedure,StructureDefinition/LTCServiceRequest,StructureDefinition/HAHServiceRequest,StructureDefinition/PASportServiceRequest,StructureDefinition/LTCProcedureCareActivity","tw.gov.mohw.twcore"
https://twcore.mohw.gov.tw/ig/twcore/ValueSet/serviceRequest-category,0.3.0,active,,TWServiceRequestCategory,臺灣衛福部資訊處ServiceRequest類型值集,"臺灣衛福部資訊處ServiceRequest類型值集","StructureDefinition/LTCServiceRequest,StructureDefinition/HAHServiceRequest,StructureDefinition/PASportServiceRequest","tw.gov.mohw.twcore,SCT"
https://twcore.mohw.gov.tw/ig/twcore/ValueSet/vital-signs-tw,0.3.0,active,,TWVitalSigns,LOINC生命體徵值集,"LOINC生命體徵值集。","StructureDefinition/PASportObservationHeight,StructureDefinition/LTCObservationVitalSignsPanel,StructureDefinition/LTCObservationVitalSigns,StructureDefinition/PASportObservationPeripheralOxygenSaturation,StructureDefinition/PASportObservationBodyTemperature,StructureDefinition/PASportObservationHeartRate,StructureDefinition/PASportObservationRespiratoryRate,StructureDefinition/PASportObservationWeight","LOINC"
